ISO-10303-21;
HEADER;
FILE_DESCRIPTION (( 'STEP AP214' ),
    '1' );
FILE_NAME ('Three Wheeler Body Block.STEP',
    '2026-06-09T18:55:13',
    ( '' ),
    ( '' ),
    'SwSTEP 2.0',
    'SolidWorks 2025',
    '' );
FILE_SCHEMA (( 'AUTOMOTIVE_DESIGN' ));
ENDSEC;

DATA;
#1 = CARTESIAN_POINT ( 'NONE',  ( -91.49999999999997158, 602.3491574858395552, 425.5517364333655905 ) ) ;
#2 = CYLINDRICAL_SURFACE ( 'NONE', #721, 159.9999999999999147 ) ;
#3 = ORIENTED_EDGE ( 'NONE', *, *, #3404, .F. ) ;
#4 = CARTESIAN_POINT ( 'NONE',  ( -602.7565570169781495, 2686.653856081335562, 1592.626269963779578 ) ) ;
#5 = CARTESIAN_POINT ( 'NONE',  ( -91.49999999999995737, 404.6146359445431813, 506.3400179703244248 ) ) ;
#6 = CARTESIAN_POINT ( 'NONE',  ( -687.9397818046174962, 2349.841369849368675, 566.1922788179391546 ) ) ;
#7 = CARTESIAN_POINT ( 'NONE',  ( -687.9397825276197409, 2560.509713540558096, 288.1747165979806482 ) ) ;
#8 = ORIENTED_EDGE ( 'NONE', *, *, #1903, .F. ) ;
#9 = DIRECTION ( 'NONE',  ( 0.000000000000000000, 0.000000000000000000, 1.000000000000000000 ) ) ;
#10 = CARTESIAN_POINT ( 'NONE',  ( -687.9397822683416734, 2349.841369849368675, 386.1922788179392114 ) ) ;
#11 = DIRECTION ( 'NONE',  ( 0.000000000000000000, -0.9302303950847772285, -0.3669760374471597308 ) ) ;
#12 = CARTESIAN_POINT ( 'NONE',  ( -83.71929951201290976, 341.0976281615949119, 388.5603694494044476 ) ) ;
#13 = ORIENTED_EDGE ( 'NONE', *, *, #2951, .F. ) ;
#14 = CARTESIAN_POINT ( 'NONE',  ( 91.49999999999997158, 495.8833456315051080, 476.3878004498374139 ) ) ;
#15 = EDGE_CURVE ( 'NONE', #44, #1305, #2804, .T. ) ;
#16 = ORIENTED_EDGE ( 'NONE', *, *, #2513, .F. ) ;
#17 = CARTESIAN_POINT ( 'NONE',  ( 21.50000000000004619, 474.4306047692147672, 543.2223700260718715 ) ) ;
#18 = AXIS2_PLACEMENT_3D ( 'NONE', #1423, #2258, #3377 ) ;
#19 = DIRECTION ( 'NONE',  ( 0.000000000000000000, 0.000000000000000000, 1.000000000000000000 ) ) ;
#20 = VERTEX_POINT ( 'NONE', #2786 ) ;
#21 = CARTESIAN_POINT ( 'NONE',  ( -91.49999999999997158, 495.8833456315048807, 476.3878004498372434 ) ) ;
#22 = EDGE_LOOP ( 'NONE', ( #50, #189, #2974, #785 ) ) ;
#23 = CARTESIAN_POINT ( 'NONE',  ( -632.4789484079476551, 2659.243457670724183, 1660.160993769161905 ) ) ;
#24 = CARTESIAN_POINT ( 'NONE',  ( -21.50000000000004619, 503.4506573004055099, 553.4210381533181362 ) ) ;
#25 = CARTESIAN_POINT ( 'NONE',  ( 517.9397825571795693, 2575.575515858644849, 276.2485430523564673 ) ) ;
#26 = ORIENTED_EDGE ( 'NONE', *, *, #1873, .F. ) ;
#27 = VECTOR ( 'NONE', #3075, 1000.000000000000000 ) ;
#28 = DIRECTION ( 'NONE',  ( 0.000000000000000000, 0.9302303950847772285, 0.3669760374471597308 ) ) ;
#29 = CARTESIAN_POINT ( 'NONE',  ( 91.49999999999997158, 380.1470949195411890, 394.0894974859273816 ) ) ;
#30 = CARTESIAN_POINT ( 'NONE',  ( -87.08541857497613137, 351.2627940599186331, 389.9996849748307568 ) ) ;
#31 = DIRECTION ( 'NONE',  ( -2.405594924581787492E-09, -0.3669760374471597864, 0.9302303950847773395 ) ) ;
#32 = ORIENTED_EDGE ( 'NONE', *, *, #3610, .F. ) ;
#33 = CARTESIAN_POINT ( 'NONE',  ( 91.49999999999997158, 699.4481171915190316, 545.4751108427341251 ) ) ;
#34 = CARTESIAN_POINT ( 'NONE',  ( 91.49999999999997158, 676.3885950220188761, 479.2857580874410246 ) ) ;
#35 = CARTESIAN_POINT ( 'NONE',  ( -669.1908317193407356, 2578.375001077381057, 276.2754777551854772 ) ) ;
#36 = CARTESIAN_POINT ( 'NONE',  ( 21.50000000000004619, 365.4475884958577581, 475.0850634371344086 ) ) ;
#37 = VECTOR ( 'NONE', #2363, 1000.000000000000000 ) ;
#38 = EDGE_CURVE ( 'NONE', #2018, #1891, #2401, .T. ) ;
#39 = EDGE_CURVE ( 'NONE', #1344, #2018, #2529, .T. ) ;
#40 = AXIS2_PLACEMENT_3D ( 'NONE', #2311, #95, #3207 ) ;
#41 = CARTESIAN_POINT ( 'NONE',  ( 664.4846691822134517, 2565.253772470452077, 276.1492200811470070 ) ) ;
#42 = VECTOR ( 'NONE', #880, 1000.000000000000000 ) ;
#43 = CARTESIAN_POINT ( 'NONE',  ( -91.49999999999997158, 420.0511979460459315, 429.9254556015914659 ) ) ;
#44 = VERTEX_POINT ( 'NONE', #839 ) ;
#45 = EDGE_CURVE ( 'NONE', #61, #2093, #1174, .T. ) ;
#46 = CARTESIAN_POINT ( 'NONE',  ( -245.6969840300290571, 546.0788221601796977, 905.0121692958691710 ) ) ;
#47 = CARTESIAN_POINT ( 'NONE',  ( -91.49999999999997158, 542.0707666686462289, 490.9943030043514227 ) ) ;
#48 = CARTESIAN_POINT ( 'NONE',  ( 687.9397825010580618, 2556.692416686410525, 297.8510038713712902 ) ) ;
#49 = FILL_AREA_STYLE_COLOUR ( '', #594 ) ;
#50 = ORIENTED_EDGE ( 'NONE', *, *, #2071, .T. ) ;
#51 = B_SPLINE_CURVE_WITH_KNOTS ( 'NONE', 3,
 ( #570, #2803, #299, #263, #2530, #34, #2204, #2245, #3592, #3365, #247, #2168, #857, #2510, #1975, #3292, #1905, #787, #3096, #3022, #1706, #1649, #2819, #319, #1433, #1118, #2763, #2547, #515, #1631, #14, #2470, #1082, #2188, #3309, #2223, #801, #1920, #3041, #1375, #2491, #1102, #3345, #3327, #1936, #3057, #553, #837, #3177 ),
 .UNSPECIFIED., .F., .F.,
 ( 4, 1, 1, 1, 2, 2, 2, 2, 2, 2, 2, 2, 2, 2, 2, 2, 2, 2, 2, 2, 2, 2, 2, 2, 2, 4 ),
 ( 0.000000000000000000, 0.05147819654163405395, 0.07721729481245091786, 0.08365206938015516680, 0.08686945666400727739, 0.09008684394785938798, 0.1029563930832673585, 0.1093911676509711633, 0.1158259422186749543, 0.1286954913540826195, 0.1544345896248978667, 0.1801736878957131416, 0.1930432370311207790, 0.2059127861665283610, 0.2316518844373439689, 0.2573909827081595769, 0.2702605318435672976, 0.2766953064112713245, 0.2831300809789752959, 0.3088691792497911259, 0.3346082775206069559, 0.3603473757914227860, 0.3667821503591267018, 0.3732169249268306177, 0.3860864740622384494, 0.4118255723330538909 ),
 .UNSPECIFIED. ) ;
#52 = CARTESIAN_POINT ( 'NONE',  ( 413.1070256389633073, 608.7725436866886639, 1189.884297903593961 ) ) ;
#53 = CARTESIAN_POINT ( 'NONE',  ( -212.7741773673934063, 544.3373860931772015, 949.4168572435607985 ) ) ;
#54 = CARTESIAN_POINT ( 'NONE',  ( -34.87064430852906582, 294.9646125442671973, 382.0282610434117032 ) ) ;
#55 = CARTESIAN_POINT ( 'NONE',  ( 668.3568886625589585, 2580.873654947515661, 276.2995242437883121 ) ) ;
#56 = CARTESIAN_POINT ( 'NONE',  ( -730.9397820295215524, 2309.624602796903673, 478.5061490722856661 ) ) ;
#57 = DIRECTION ( 'NONE',  ( 0.000000000000000000, 0.9901239768046125045, 0.1401945453882531556 ) ) ;
#58 = CARTESIAN_POINT ( 'NONE',  ( 91.49999999999995737, 404.6146359445431813, 506.3400179703244248 ) ) ;
#59 = CARTESIAN_POINT ( 'NONE',  ( -528.7226831967408316, 748.6599961656696678, 52.89755397201469833 ) ) ;
#60 = CARTESIAN_POINT ( 'NONE',  ( -91.49999999999997158, 434.9773150268652557, 441.9437417050777981 ) ) ;
#61 = VERTEX_POINT ( 'NONE', #858 ) ;
#62 = CARTESIAN_POINT ( 'NONE',  ( -656.5456405348066937, 2619.004034492023038, 1729.454167753687216 ) ) ;
#63 = CARTESIAN_POINT ( 'NONE',  ( -91.49999999999997158, 444.1319302028813354, 448.5131050385144249 ) ) ;
#64 = CARTESIAN_POINT ( 'NONE',  ( 710.9397821326072062, 2024.132753915469493, 435.7451028530809367 ) ) ;
#65 = DIRECTION ( 'NONE',  ( -2.478974872911206864E-11, -1.000000000000000000, 2.959845214933778542E-25 ) ) ;
#66 = EDGE_CURVE ( 'NONE', #863, #2269, #2746, .T. ) ;
#67 = ORIENTED_EDGE ( 'NONE', *, *, #644, .F. ) ;
#68 = PLANE ( 'NONE',  #3414 ) ;
#69 = CARTESIAN_POINT ( 'NONE',  ( -713.7667575903914212, 1940.275058003875756, 270.1356009282015407 ) ) ;
#70 = CARTESIAN_POINT ( 'NONE',  ( -667.9397817997893299, 2155.069829017572374, 566.1922787664141197 ) ) ;
#71 = CARTESIAN_POINT ( 'NONE',  ( 677.7895852379648431, 2568.064601501892412, 276.1762704556291510 ) ) ;
#72 = CARTESIAN_POINT ( 'NONE',  ( 730.9397818513141374, 2155.069829016011226, 546.1922789287177693 ) ) ;
#73 = CARTESIAN_POINT ( 'NONE',  ( 21.50000000000004619, 679.2999496787640510, 552.8024957206567933 ) ) ;
#74 = DIRECTION ( 'NONE',  ( -2.576245389857632714E-09, 0.000000000000000000, 1.000000000000000000 ) ) ;
#75 = ORIENTED_EDGE ( 'NONE', *, *, #2818, .T. ) ;
#76 = DIRECTION ( 'NONE',  ( -2.576245215136136512E-09, 0.000000000000000000, 1.000000000000000000 ) ) ;
#77 = CARTESIAN_POINT ( 'NONE',  ( -252.2842518718436793, 546.8291569984799025, 897.2072012606211047 ) ) ;
#78 = CARTESIAN_POINT ( 'NONE',  ( -21.50000000000004619, 394.7580943003879383, 499.3613908070529988 ) ) ;
#79 = CARTESIAN_POINT ( 'NONE',  ( 668.7689956398254481, 2567.973475870710445, 269.2551744742555115 ) ) ;
#80 = ORIENTED_EDGE ( 'NONE', *, *, #3445, .T. ) ;
#81 = EDGE_CURVE ( 'NONE', #697, #813, #534, .T. ) ;
#82 = ADVANCED_FACE ( 'NONE', ( #1494 ), #1292, .F. ) ;
#83 = CARTESIAN_POINT ( 'NONE',  ( 337.0003016274755510, 567.8637974378447097, 1097.136564119107334 ) ) ;
#84 = CARTESIAN_POINT ( 'NONE',  ( -421.1742828048910496, 614.8544540277467831, 1199.957847353583247 ) ) ;
#85 = CARTESIAN_POINT ( 'NONE',  ( 672.0411772779534658, 2573.301093829502406, 276.2266580550201525 ) ) ;
#86 = DIRECTION ( 'NONE',  ( -1.000000000000000000, 2.478974872911207188E-11, -2.576245215136136926E-09 ) ) ;
#87 = CARTESIAN_POINT ( 'NONE',  ( 21.50000000005135092, 682.4279404502957505, 551.7817781983040959 ) ) ;
#88 = CARTESIAN_POINT ( 'NONE',  ( 21.50000000000004263, 555.0248653792444884, 563.9131405845214431 ) ) ;
#89 = ORIENTED_EDGE ( 'NONE', *, *, #626, .T. ) ;
#90 = CARTESIAN_POINT ( 'NONE',  ( -91.49999999999997158, 576.3793555189229210, 495.6962790214477081 ) ) ;
#91 = CIRCLE ( 'NONE', #835, 139.9999999999999716 ) ;
#92 = AXIS2_PLACEMENT_3D ( 'NONE', #406, #2014, #389 ) ;
#93 = FACE_OUTER_BOUND ( 'NONE', #2515, .T. ) ;
#94 = CARTESIAN_POINT ( 'NONE',  ( -21.50000000000004619, 539.6587102383290357, 561.8806194741144964 ) ) ;
#95 = DIRECTION ( 'NONE',  ( 2.422038278622179805E-16, -0.9999537079413387541, -0.009621952731540726889 ) ) ;
#96 = VECTOR ( 'NONE', #952, 1000.000000000000000 ) ;
#97 = DIRECTION ( 'NONE',  ( -2.576245215136136926E-09, -6.386476753232358625E-20, -1.000000000000000000 ) ) ;
#98 = ORIENTED_EDGE ( 'NONE', *, *, #2820, .T. ) ;
#99 = CARTESIAN_POINT ( 'NONE',  ( -664.4849249790337353, 2155.262556334335841, 1972.282821495312191 ) ) ;
#100 = DIRECTION ( 'NONE',  ( 0.000000000000000000, 0.9747277688779600879, -0.2233960084204591190 ) ) ;
#101 = DIRECTION ( 'NONE',  ( 2.576364511189424524E-09, -0.009621952731540714746, 0.9999537079413387541 ) ) ;
#102 = CARTESIAN_POINT ( 'NONE',  ( 91.50000000006824052, 567.9571558327216962, 565.2382504107976047 ) ) ;
#103 = EDGE_CURVE ( 'NONE', #2217, #2093, #2988, .T. ) ;
#104 = CARTESIAN_POINT ( 'NONE',  ( -517.9397796013836341, 2714.529555206906934, 1424.912793298507040 ) ) ;
#105 = ORIENTED_EDGE ( 'NONE', *, *, #668, .T. ) ;
#106 = CARTESIAN_POINT ( 'NONE',  ( 710.9397818561425311, 2349.841369848798422, 546.1922788771928481 ) ) ;
#107 = DIRECTION ( 'NONE',  ( 2.576245277713888408E-09, -1.130408897800158856E-14, 1.000000000000000000 ) ) ;
#108 = DIRECTION ( 'NONE',  ( -0.9092726706307804330, -0.4162009255683704056, 0.000000000000000000 ) ) ;
#109 = CARTESIAN_POINT ( 'NONE',  ( 667.9397784293228142, 2471.269124718753119, 1876.158182615659598 ) ) ;
#110 = CARTESIAN_POINT ( 'NONE',  ( 219.6612461821043780, 544.4433009906208554, 957.5659689653471105 ) ) ;
#111 = CARTESIAN_POINT ( 'NONE',  ( 61.10467102258641603, 308.4548398513784377, 383.9383817240644703 ) ) ;
#112 = DIRECTION ( 'NONE',  ( 0.000000000000000000, 0.3539487426849171614, 0.9352648221502647408 ) ) ;
#113 = CARTESIAN_POINT ( 'NONE',  ( -730.9397825506367781, 2542.836904805452832, 278.4732218268513861 ) ) ;
#114 = CARTESIAN_POINT ( 'NONE',  ( -91.49999999999997158, 722.0034090365664952, 460.7353671216139901 ) ) ;
#115 = DIRECTION ( 'NONE',  ( -2.400697222555624769E-09, -0.3539487426849171614, -0.9352648221502647408 ) ) ;
#116 = CARTESIAN_POINT ( 'NONE',  ( 21.49999999996620659, 583.8711159328557869, 566.1563623701896404 ) ) ;
#117 = ORIENTED_EDGE ( 'NONE', *, *, #2970, .F. ) ;
#118 = EDGE_CURVE ( 'NONE', #1086, #3555, #3440, .T. ) ;
#119 = CARTESIAN_POINT ( 'NONE',  ( 21.50000000000004974, 503.8845322716746296, 553.4607183217532338 ) ) ;
#120 = ORIENTED_EDGE ( 'NONE', *, *, #870, .T. ) ;
#121 = FACE_OUTER_BOUND ( 'NONE', #768, .T. ) ;
#122 = CARTESIAN_POINT ( 'NONE',  ( -517.9397796013836341, 2714.529555206906934, 1424.912793298507040 ) ) ;
#123 = CARTESIAN_POINT ( 'NONE',  ( -614.4203895593252582, 936.1284688327918957, 262.4468056451642610 ) ) ;
#124 = DIRECTION ( 'NONE',  ( 0.000000000000000000, -0.9352648221502628534, 0.3539487426849222684 ) ) ;
#125 = EDGE_LOOP ( 'NONE', ( #596, #1637, #105, #2432, #1488, #2949 ) ) ;
#126 = CARTESIAN_POINT ( 'NONE',  ( 221.9559930418553222, 544.5110694501026956, 960.2813755547701930 ) ) ;
#127 = VECTOR ( 'NONE', #1771, 1000.000000000000000 ) ;
#128 = CARTESIAN_POINT ( 'NONE',  ( -89.99417933274347092, 743.8418046848648828, 467.9622534303848056 ) ) ;
#129 = LINE ( 'NONE', #183, #2335 ) ;
#130 = VECTOR ( 'NONE', #310, 1000.000000000000000 ) ;
#131 = CARTESIAN_POINT ( 'NONE',  ( -91.49999999999997158, 673.2964987514923223, 480.5432354215129180 ) ) ;
#132 = DIRECTION ( 'NONE',  ( -9.147571182618430596E-17, 0.9999537079413386431, 0.009621952731540723419 ) ) ;
#133 = CARTESIAN_POINT ( 'NONE',  ( 21.50000000000004619, 527.4260947378161291, 559.4957092758049839 ) ) ;
#134 = ORIENTED_EDGE ( 'NONE', *, *, #302, .T. ) ;
#135 = CARTESIAN_POINT ( 'NONE',  ( -730.9397821326072062, 2024.132753914973819, 435.7451029046059148 ) ) ;
#136 = ORIENTED_EDGE ( 'NONE', *, *, #425, .F. ) ;
#137 = CARTESIAN_POINT ( 'NONE',  ( 687.7344870048553958, 2565.253772436930376, 276.1492235647950793 ) ) ;
#138 = B_SPLINE_CURVE_WITH_KNOTS ( 'NONE', 3,
 ( #2489, #279, #763, #2997, #492, #815 ),
 .UNSPECIFIED., .F., .F.,
 ( 4, 2, 4 ),
 ( 0.001741886356149590937, 0.02197571537944577671, 0.04220954440274196640 ),
 .UNSPECIFIED. ) ;
#139 = DIRECTION ( 'NONE',  ( -1.000000000000000000, 2.478974872911206864E-11, -2.576245215136136926E-09 ) ) ;
#140 = CARTESIAN_POINT ( 'NONE',  ( -590.6269480946990598, 883.9020218539455982, 1645.584932744861135 ) ) ;
#141 = CARTESIAN_POINT ( 'NONE',  ( 608.9670184623917066, 923.9695078644945170, 264.8206470506059986 ) ) ;
#142 = EDGE_CURVE ( 'NONE', #2375, #286, #607, .T. ) ;
#143 = VERTEX_POINT ( 'NONE', #337 ) ;
#144 = AXIS2_PLACEMENT_3D ( 'NONE', #3209, #702, #2328 ) ;
#145 = CARTESIAN_POINT ( 'NONE',  ( 655.7632567503513883, 1069.270436742528318, 1935.540897651592559 ) ) ;
#146 = CIRCLE ( 'NONE', #1948, 100.0000000000003126 ) ;
#147 = CARTESIAN_POINT ( 'NONE',  ( 730.9397818513141374, 2155.069829016011226, 546.1922789287176556 ) ) ;
#148 = DIRECTION ( 'NONE',  ( 1.000000000000000000, -2.478974872911206864E-11, 2.576245215136136512E-09 ) ) ;
#149 = VECTOR ( 'NONE', #2011, 1000.000000000000000 ) ;
#150 = CARTESIAN_POINT ( 'NONE',  ( -21.50000000000005329, 457.0579441230241287, 535.9574776833042051 ) ) ;
#151 = CARTESIAN_POINT ( 'NONE',  ( -91.50000000000002842, 700.0937817839594572, 545.2125353860328687 ) ) ;
#152 = CARTESIAN_POINT ( 'NONE',  ( -716.4560901243768285, 2564.435443033135925, 276.1444259991963008 ) ) ;
#153 = CARTESIAN_POINT ( 'NONE',  ( 21.50000000000004619, 699.4070309806018031, 545.4918170399608925 ) ) ;
#154 = ORIENTED_EDGE ( 'NONE', *, *, #277, .F. ) ;
#155 = DIRECTION ( 'NONE',  ( 1.000000000000000000, -2.478975079363486853E-11, 2.576245206620398546E-09 ) ) ;
#156 = ORIENTED_EDGE ( 'NONE', *, *, #2226, .T. ) ;
#157 = CARTESIAN_POINT ( 'NONE',  ( 91.49999999999992895, 340.5422782765845682, 450.2501171046529294 ) ) ;
#158 = DIRECTION ( 'NONE',  ( -1.000000000000000000, 2.478017790963360707E-11, 0.000000000000000000 ) ) ;
#159 = CARTESIAN_POINT ( 'NONE',  ( 730.9397822635132798, 2155.069829016011226, 386.1922789287177693 ) ) ;
#160 = DIRECTION ( 'NONE',  ( 1.000000000000000000, 2.478974872911206864E-11, -2.576245215136136926E-09 ) ) ;
#161 = ORIENTED_EDGE ( 'NONE', *, *, #981, .T. ) ;
#162 = CARTESIAN_POINT ( 'NONE',  ( 214.4957439565334312, 544.3500930762351118, 951.4538528695748028 ) ) ;
#163 = ADVANCED_FACE ( 'NONE', ( #3162 ), #1205, .F. ) ;
#164 = CARTESIAN_POINT ( 'NONE',  ( -21.50000000000004619, 292.7402621807594301, 380.4157521793850378 ) ) ;
#165 = CARTESIAN_POINT ( 'NONE',  ( 730.9397822995431397, 2564.291577162705835, 376.1445944702363704 ) ) ;
#166 = CARTESIAN_POINT ( 'NONE',  ( -21.50000000000004974, 631.9610594450402914, 563.6830606363140532 ) ) ;
#167 = PRODUCT_DEFINITION_SHAPE ( 'NONE', 'NONE',  #778 ) ;
#168 = CARTESIAN_POINT ( 'NONE',  ( -21.50000000000004619, 699.5241103186401688, 545.4442063602926964 ) ) ;
#169 = CARTESIAN_POINT ( 'NONE',  ( 86.12496100447351921, 734.1721552890967359, 484.8457834357250249 ) ) ;
#170 = CARTESIAN_POINT ( 'NONE',  ( 91.49999999999997158, 685.5444352554488887, 475.5623094751838948 ) ) ;
#171 = ORIENTED_EDGE ( 'NONE', *, *, #1364, .F. ) ;
#172 = DIRECTION ( 'NONE',  ( 1.000000000000000000, -0.000000000000000000, -0.000000000000000000 ) ) ;
#173 = ORIENTED_EDGE ( 'NONE', *, *, #566, .F. ) ;
#174 = CARTESIAN_POINT ( 'NONE',  ( 91.49999999999997158, 380.2943342303468626, 388.5936686076216802 ) ) ;
#175 = CARTESIAN_POINT ( 'NONE',  ( 723.7099631911033839, 2560.286783890484458, 276.2236313586301435 ) ) ;
#176 = CARTESIAN_POINT ( 'NONE',  ( 730.9397823626514992, 2036.295664788708109, 346.5677602738570613 ) ) ;
#177 = VERTEX_POINT ( 'NONE', #3387 ) ;
#178 = DIRECTION ( 'NONE',  ( 0.000000000000000000, 0.000000000000000000, -1.000000000000000000 ) ) ;
#179 = DIRECTION ( 'NONE',  ( 1.000000000000000000, -0.000000000000000000, -0.000000000000000000 ) ) ;
#180 = CARTESIAN_POINT ( 'NONE',  ( 26.94917395937545024, 293.6555609490742995, 381.8429086051542640 ) ) ;
#181 = DIRECTION ( 'NONE',  ( 0.000000000000000000, 0.9999537079413386431, 0.009621952731539980957 ) ) ;
#182 = EDGE_CURVE ( 'NONE', #3344, #2269, #2333, .T. ) ;
#183 = CARTESIAN_POINT ( 'NONE',  ( -6541.793986468890580, 2036.295664644658473, 346.5677752440421955 ) ) ;
#184 = ADVANCED_FACE ( 'NONE', ( #2887 ), #1739, .F. ) ;
#185 = CARTESIAN_POINT ( 'NONE',  ( -91.49999999998290434, 701.6603783135637968, 544.5754402068275795 ) ) ;
#186 = AXIS2_PLACEMENT_3D ( 'NONE', #2180, #1931, #2738 ) ;
#187 = FACE_OUTER_BOUND ( 'NONE', #2106, .T. ) ;
#188 = CARTESIAN_POINT ( 'NONE',  ( 91.50000000000049738, 699.6665281849732310, 545.3862886167286206 ) ) ;
#189 = ORIENTED_EDGE ( 'NONE', *, *, #275, .F. ) ;
#190 = ADVANCED_FACE ( 'NONE', ( #928 ), #351, .F. ) ;
#191 = CARTESIAN_POINT ( 'NONE',  ( 535.1742664129957348, 2713.280767516866035, 1457.937434578004058 ) ) ;
#192 = ORIENTED_EDGE ( 'NONE', *, *, #869, .F. ) ;
#193 = CARTESIAN_POINT ( 'NONE',  ( 91.50000000000210321, 293.5337177835731950, 381.9546012037414471 ) ) ;
#194 = DIRECTION ( 'NONE',  ( 0.000000000000000000, 0.9999537079413386431, 0.009621952731539980957 ) ) ;
#195 = ORIENTED_EDGE ( 'NONE', *, *, #2434, .F. ) ;
#196 = DIRECTION ( 'NONE',  ( -2.576245566083504511E-09, 0.000000000000000000, -1.000000000000000000 ) ) ;
#197 = VERTEX_POINT ( 'NONE', #2303 ) ;
#198 = CARTESIAN_POINT ( 'NONE',  ( -91.49999999999997158, 355.6860556023107165, 349.7505341177319451 ) ) ;
#199 = VECTOR ( 'NONE', #1699, 1000.000000000000000 ) ;
#200 = CARTESIAN_POINT ( 'NONE',  ( -21.50000000000004974, 358.8188743074264266, 468.9193994802702150 ) ) ;
#201 = ORIENTED_EDGE ( 'NONE', *, *, #934, .T. ) ;
#202 = CARTESIAN_POINT ( 'NONE',  ( 648.6625949218035885, 1037.373626880576467, 1899.782004998339289 ) ) ;
#203 = CIRCLE ( 'NONE', #719, 99.99999999999992895 ) ;
#204 = CARTESIAN_POINT ( 'NONE',  ( -91.49999999986344790, 577.5027470481866203, 565.9089061466867179 ) ) ;
#205 = CARTESIAN_POINT ( 'NONE',  ( 667.9397820952056009, 1986.722161091948692, 449.9030526120024547 ) ) ;
#206 = DIRECTION ( 'NONE',  ( 0.000000000000000000, 0.5168546052098536014, 0.8560731960956178277 ) ) ;
#207 = CARTESIAN_POINT ( 'NONE',  ( 91.49999999999997158, 673.1540808851635802, 480.6011531650774486 ) ) ;
#208 = AXIS2_PLACEMENT_3D ( 'NONE', #1559, #3029, #2677 ) ;
#209 = VERTEX_POINT ( 'NONE', #2548 ) ;
#210 = DIRECTION ( 'NONE',  ( 1.000000000000000000, -2.478974872911206864E-11, 2.576245215136136512E-09 ) ) ;
#211 = EDGE_CURVE ( 'NONE', #3094, #908, #2036, .T. ) ;
#212 = ORIENTED_EDGE ( 'NONE', *, *, #1681, .T. ) ;
#213 = CARTESIAN_POINT ( 'NONE',  ( 91.49999999999997158, 355.8054252053544815, 349.9817382139804636 ) ) ;
#214 = LINE ( 'NONE', #770, #1071 ) ;
#215 = DIRECTION ( 'NONE',  ( -2.576245215275660788E-09, 5.628313689823018994E-09, -1.000000000000000000 ) ) ;
#216 = ORIENTED_EDGE ( 'NONE', *, *, #822, .F. ) ;
#217 = CARTESIAN_POINT ( 'NONE',  ( 6541.793986468890580, 2036.295664644658473, 346.5677752440421955 ) ) ;
#218 = CARTESIAN_POINT ( 'NONE',  ( -21.50000000000004619, 293.5337177835726834, 381.9546012037405944 ) ) ;
#219 = DIRECTION ( 'NONE',  ( 1.000000000000000000, -2.478974872911206864E-11, 2.576245215136136512E-09 ) ) ;
#220 = CARTESIAN_POINT ( 'NONE',  ( -21.50000000000004619, 351.7183030547151930, 461.8968637059560933 ) ) ;
#221 = ORIENTED_EDGE ( 'NONE', *, *, #2045, .F. ) ;
#222 = CARTESIAN_POINT ( 'NONE',  ( -663.6732167605332506, 1119.953901171612415, 1959.501276353183584 ) ) ;
#223 = CARTESIAN_POINT ( 'NONE',  ( -21.49999999994874500, 682.4279404502957505, 551.7817781983040959 ) ) ;
#224 = CARTESIAN_POINT ( 'NONE',  ( -730.9397825505982382, 1962.505925004881419, 272.9039956214787708 ) ) ;
#225 = CARTESIAN_POINT ( 'NONE',  ( -726.5049859745209915, 2557.175462865727241, 276.3964061303123572 ) ) ;
#226 = CARTESIAN_POINT ( 'NONE',  ( 91.50000000000005684, 699.4533755976311795, 545.4729723853542964 ) ) ;
#227 = VERTEX_POINT ( 'NONE', #1219 ) ;
#228 = CARTESIAN_POINT ( 'NONE',  ( 597.0009737522801743, 2690.525031929914348, 1580.473480826363129 ) ) ;
#229 = ORIENTED_EDGE ( 'NONE', *, *, #2611, .F. ) ;
#230 = CARTESIAN_POINT ( 'NONE',  ( 21.50000000000004619, 303.9962647212307161, 400.7505809087118678 ) ) ;
#231 = EDGE_CURVE ( 'NONE', #3344, #618, #3456, .T. ) ;
#232 = EDGE_CURVE ( 'NONE', #3119, #2217, #947, .T. ) ;
#233 = DIRECTION ( 'NONE',  ( -2.478974872911206864E-11, 1.000000000000000000, -2.959845214933779001E-25 ) ) ;
#234 = ORIENTED_EDGE ( 'NONE', *, *, #1942, .F. ) ;
#235 = CARTESIAN_POINT ( 'NONE',  ( 667.6198354132363875, 2585.366986637395257, 276.3427608685289556 ) ) ;
#236 = EDGE_LOOP ( 'NONE', ( #3133, #3479, #2399, #2672, #2128 ) ) ;
#237 = CARTESIAN_POINT ( 'NONE',  ( 258.8675831552997124, 547.6845733024891842, 889.4036625844129276 ) ) ;
#238 = CARTESIAN_POINT ( 'NONE',  ( -91.49999999999997158, 355.8054252053544815, 349.9817382139804636 ) ) ;
#239 = DIRECTION ( 'NONE',  ( 0.9092726706307804330, -0.4162009255683704056, 0.000000000000000000 ) ) ;
#240 = CARTESIAN_POINT ( 'NONE',  ( 710.9397821139064035, 2005.427457472464539, 442.8240777067792919 ) ) ;
#241 = ORIENTED_EDGE ( 'NONE', *, *, #404, .F. ) ;
#242 = CARTESIAN_POINT ( 'NONE',  ( -649.3800552648842768, 1040.253591040086803, 1904.552128158356027 ) ) ;
#243 = CARTESIAN_POINT ( 'NONE',  ( -91.49999999999997158, 600.4751867398065315, 496.2681003338623213 ) ) ;
#244 = CARTESIAN_POINT ( 'NONE',  ( -729.1974300114814014, 1953.070014066882777, 271.1058473044451489 ) ) ;
#245 = CARTESIAN_POINT ( 'NONE',  ( -84.66122637107544335, 343.5925518895397772, 388.9136329861046875 ) ) ;
#246 = ORIENTED_EDGE ( 'NONE', *, *, #496, .F. ) ;
#247 = CARTESIAN_POINT ( 'NONE',  ( 91.49999999999998579, 658.2923504115102560, 486.0192359381721872 ) ) ;
#248 = VECTOR ( 'NONE', #1449, 1000.000000000000000 ) ;
#249 = CARTESIAN_POINT ( 'NONE',  ( -667.9020657398019694, 2582.763226184688392, 276.3177030077575864 ) ) ;
#250 = CARTESIAN_POINT ( 'NONE',  ( 91.49999999999997158, 436.1961830420601132, 442.8942794668501506 ) ) ;
#251 = EDGE_LOOP ( 'NONE', ( #2229, #2074, #161, #571 ) ) ;
#252 = LINE ( 'NONE', #791, #2591 ) ;
#253 = FACE_OUTER_BOUND ( 'NONE', #745, .T. ) ;
#254 = CARTESIAN_POINT ( 'NONE',  ( -91.49999999999991473, 293.8079860101997838, 382.4847754392664001 ) ) ;
#255 = LINE ( 'NONE', #1606, #2541 ) ;
#256 = EDGE_CURVE ( 'NONE', #3263, #3048, #676, .T. ) ;
#257 = DIRECTION ( 'NONE',  ( 2.576241442397987902E-09, 0.000000000000000000, 1.000000000000000000 ) ) ;
#258 =( NAMED_UNIT ( * ) PLANE_ANGLE_UNIT ( ) SI_UNIT ( $, .RADIAN. ) );
#259 = CARTESIAN_POINT ( 'NONE',  ( -21.50000000000004619, 674.5762517164405381, 554.2518155197101350 ) ) ;
#260 = DIRECTION ( 'NONE',  ( -2.400697222555624769E-09, 0.3539487426849171059, 0.9352648221502646297 ) ) ;
#261 = CARTESIAN_POINT ( 'NONE',  ( -86.33295722659262594, 348.6842422628519103, 389.6345802956001876 ) ) ;
#262 = VECTOR ( 'NONE', #1638, 1000.000000000000000 ) ;
#263 = CARTESIAN_POINT ( 'NONE',  ( 91.49999999999998579, 690.2975720465358336, 473.6293289797333728 ) ) ;
#264 = AXIS2_PLACEMENT_3D ( 'NONE', #593, #1106, #76 ) ;
#265 = ORIENTED_EDGE ( 'NONE', *, *, #2844, .F. ) ;
#266 = CARTESIAN_POINT ( 'NONE',  ( 91.49999999999997158, 493.3081865613822288, 475.3004203313700486 ) ) ;
#267 = CARTESIAN_POINT ( 'NONE',  ( 21.50000000000004974, 295.7942951620925101, 386.2723877373398409 ) ) ;
#268 = ORIENTED_EDGE ( 'NONE', *, *, #2802, .F. ) ;
#269 = CARTESIAN_POINT ( 'NONE',  ( -6541.793986545096232, 2194.127406835963939, 318.5061640424713687 ) ) ;
#270 = ORIENTED_EDGE ( 'NONE', *, *, #1077, .T. ) ;
#271 = CARTESIAN_POINT ( 'NONE',  ( -595.0505020180911515, 2691.753005880781075, 1576.401551921865348 ) ) ;
#272 = CARTESIAN_POINT ( 'NONE',  ( -91.49999999999997158, 356.0182405924033446, 350.3924569246760257 ) ) ;
#273 = CARTESIAN_POINT ( 'NONE',  ( -504.4113300127681896, 695.5470699845202489, 1333.610106513359824 ) ) ;
#274 = CARTESIAN_POINT ( 'NONE',  ( -687.9397825010580618, 2556.692416686410525, 297.8510038713712902 ) ) ;
#275 = EDGE_CURVE ( 'NONE', #2269, #728, #2689, .T. ) ;
#276 = DIRECTION ( 'NONE',  ( 1.000000000000000000, 0.000000000000000000, 0.000000000000000000 ) ) ;
#277 = EDGE_CURVE ( 'NONE', #1935, #3411, #365, .T. ) ;
#278 = CARTESIAN_POINT ( 'NONE',  ( 388.3309820270918635, 592.7279782542366320, 1159.345641903795240 ) ) ;
#279 = CARTESIAN_POINT ( 'NONE',  ( 622.1469017804698751, 954.7508265124946547, 260.7210764583977038 ) ) ;
#280 = DIRECTION ( 'NONE',  ( -2.576364493570427019E-09, -0.009621952731540726889, 0.9999537079413387541 ) ) ;
#281 = VERTEX_POINT ( 'NONE', #1724 ) ;
#282 = CARTESIAN_POINT ( 'NONE',  ( 6541.793986444123220, 2038.631814437367439, 356.2039192091847326 ) ) ;
#283 = EDGE_LOOP ( 'NONE', ( #212, #3084, #2604, #752, #117 ) ) ;
#284 = CARTESIAN_POINT ( 'NONE',  ( 91.49999999999997158, 468.9961205524762704, 463.7233640595441670 ) ) ;
#285 = CARTESIAN_POINT ( 'NONE',  ( 21.50000000000004974, 430.4855068533765916, 522.3751424348299679 ) ) ;
#286 = VERTEX_POINT ( 'NONE', #3406 ) ;
#287 = CARTESIAN_POINT ( 'NONE',  ( -91.49999999999995737, 542.5253775732778649, 491.0461464596642145 ) ) ;
#288 = EDGE_LOOP ( 'NONE', ( #2727, #2716, #2307, #2687 ) ) ;
#289 = CARTESIAN_POINT ( 'NONE',  ( -356.9739812506239218, 576.3329055035901547, 772.1892421569615408 ) ) ;
#290 = CARTESIAN_POINT ( 'NONE',  ( -91.49999999999997158, 496.7143944722863012, 476.7242468899820551 ) ) ;
#291 = CARTESIAN_POINT ( 'NONE',  ( 728.6470889385698229, 1951.796449702820155, 270.9346530671992923 ) ) ;
#292 = ORIENTED_EDGE ( 'NONE', *, *, #2878, .F. ) ;
#293 = CARTESIAN_POINT ( 'NONE',  ( 91.49999999999997158, 755.8684637335436491, 446.9633060433967557 ) ) ;
#294 = CARTESIAN_POINT ( 'NONE',  ( 91.49999999999997158, 385.5079291738315419, 394.8485536635260473 ) ) ;
#295 = EDGE_CURVE ( 'NONE', #1182, #2149, #3010, .T. ) ;
#296 = CARTESIAN_POINT ( 'NONE',  ( -730.9397825506367781, 2542.836904805452832, 278.4732218268513861 ) ) ;
#297 = DIRECTION ( 'NONE',  ( -2.405598848069275759E-09, -0.3669760374471598419, 0.9302303950847772285 ) ) ;
#298 = EDGE_CURVE ( 'NONE', #3274, #402, #3508, .T. ) ;
#299 = CARTESIAN_POINT ( 'NONE',  ( 91.49999999999995737, 716.1285293777813195, 463.1245320654188617 ) ) ;
#300 = CARTESIAN_POINT ( 'NONE',  ( -676.2007157440690435, 2569.140348694753357, 276.1866182349175460 ) ) ;
#301 = CARTESIAN_POINT ( 'NONE',  ( 91.49999999999995737, 424.9986763361976045, 519.2845392053533260 ) ) ;
#302 = EDGE_CURVE ( 'NONE', #227, #2809, #1250, .T. ) ;
#303 = VECTOR ( 'NONE', #998, 1000.000000000000114 ) ;
#304 = CARTESIAN_POINT ( 'NONE',  ( 21.50000000000004619, 373.6462841744541379, 482.5245456848681442 ) ) ;
#305 = CARTESIAN_POINT ( 'NONE',  ( -91.49999999999998579, 493.9015656769778957, 475.5583148920165399 ) ) ;
#306 = ORIENTED_EDGE ( 'NONE', *, *, #81, .F. ) ;
#307 = CARTESIAN_POINT ( 'NONE',  ( -552.2178802860614724, 2710.181689942492994, 1490.779920841151579 ) ) ;
#308 = CARTESIAN_POINT ( 'NONE',  ( -21.50000000000004619, 477.2988404430343508, 544.3396942582420479 ) ) ;
#309 = CARTESIAN_POINT ( 'NONE',  ( 687.9397825571794556, 1940.073114813805205, 270.1334863481405932 ) ) ;
#310 = DIRECTION ( 'NONE',  ( -1.000000000000000000, 2.478974872911207188E-11, -2.576245215136136926E-09 ) ) ;
#311 = VECTOR ( 'NONE', #383, 1000.000000000000000 ) ;
#312 = ORIENTED_EDGE ( 'NONE', *, *, #2115, .T. ) ;
#313 = CARTESIAN_POINT ( 'NONE',  ( 687.9397821207639936, 2498.678233062933032, 444.9084448094848199 ) ) ;
#314 = CARTESIAN_POINT ( 'NONE',  ( -362.9419678025795974, 579.1382788437873614, 1128.430179940514336 ) ) ;
#315 = LINE ( 'NONE', #2783, #2594 ) ;
#316 = CARTESIAN_POINT ( 'NONE',  ( 673.2911679480200746, 2571.790068678728403, 276.2121183725921014 ) ) ;
#317 = B_SPLINE_CURVE_WITH_KNOTS ( 'NONE', 3,
 ( #1971, #891, #1752, #53, #2004, #2525, #2575, #1700, #3110, #3422, #2815, #1133, #3073, #620, #2851, #872, #3091, #1987, #1719, #1460, #314, #2798, #1426, #2835, #1405, #84 ),
 .UNSPECIFIED., .F., .F.,
 ( 4, 2, 1, 1, 2, 2, 2, 2, 2, 2, 2, 2, 2, 4 ),
 ( -0.0001400000004861372141, 0.002524956261863005747, 0.005189912524212148166, 0.01051982504891069148, 0.02117965009830804005, 0.04249930019710253248, 0.08513860039469155205, 0.1064582504934861312, 0.1277779005922807243, 0.1704172007898693553, 0.2130565009874579863, 0.2556958011850466450, 0.2983351013826352482, 0.3409744015802238515 ),
 .UNSPECIFIED. ) ;
#318 = ORIENTED_EDGE ( 'NONE', *, *, #3089, .F. ) ;
#319 = CARTESIAN_POINT ( 'NONE',  ( 91.49999999999995737, 563.5547479989404565, 494.4623671635678761 ) ) ;
#320 = ORIENTED_EDGE ( 'NONE', *, *, #914, .F. ) ;
#321 = CARTESIAN_POINT ( 'NONE',  ( 91.49999999999997158, 495.5776335492048474, 476.2549916438185278 ) ) ;
#322 = VECTOR ( 'NONE', #2076, 1000.000000000000000 ) ;
#323 = AXIS2_PLACEMENT_3D ( 'NONE', #2096, #957, #1762 ) ;
#324 = ADVANCED_FACE ( 'NONE', ( #187 ), #1590, .F. ) ;
#325 = CARTESIAN_POINT ( 'NONE',  ( 21.50000000000004263, 298.1996669251711864, 390.6736365192674612 ) ) ;
#326 = VECTOR ( 'NONE', #1845, 1000.000000000000000 ) ;
#327 = DIRECTION ( 'NONE',  ( 1.000000000000000000, 2.478974872911207188E-11, -2.576245215136136926E-09 ) ) ;
#328 = ORIENTED_EDGE ( 'NONE', *, *, #560, .F. ) ;
#329 = CARTESIAN_POINT ( 'NONE',  ( -660.4649280523634616, 2608.537932651274332, 1744.370205327173608 ) ) ;
#330 = CARTESIAN_POINT ( 'NONE',  ( -91.49999999972888531, 435.5260815446365541, 525.2504856734326495 ) ) ;
#331 = CARTESIAN_POINT ( 'NONE',  ( 725.2124211388000958, 1946.576721504396119, 270.4076006005340673 ) ) ;
#332 = VERTEX_POINT ( 'NONE', #1316 ) ;
#333 = DIRECTION ( 'NONE',  ( 1.000000000000000000, 2.478974872911206864E-11, -2.576245215136136512E-09 ) ) ;
#334 = CARTESIAN_POINT ( 'NONE',  ( -730.9397822995431397, 2564.291577162705835, 376.1445944702363704 ) ) ;
#335 = DIRECTION ( 'NONE',  ( -1.000000000000000000, -2.478974872911206864E-11, 2.576245215136136512E-09 ) ) ;
#336 = CARTESIAN_POINT ( 'NONE',  ( 670.5840149381953097, 2575.446837536532257, 276.2473052515903760 ) ) ;
#337 = CARTESIAN_POINT ( 'NONE',  ( -710.9397825571796830, 2565.253772436354666, 276.1492236245776439 ) ) ;
#338 = CARTESIAN_POINT ( 'NONE',  ( 21.50000000000004619, 539.6587102383290357, 561.8806194741144964 ) ) ;
#339 = CARTESIAN_POINT ( 'NONE',  ( 463.6746851029962500, 644.9228452382744763, 640.6780522725235869 ) ) ;
#340 = VERTEX_POINT ( 'NONE', #2998 ) ;
#341 = CARTESIAN_POINT ( 'NONE',  ( -91.49999999999997158, 396.7200783757045315, 407.8311273621166038 ) ) ;
#342 = ADVANCED_FACE ( 'NONE', ( #2428 ), #3550, .F. ) ;
#343 = EDGE_CURVE ( 'NONE', #917, #479, #2629, .T. ) ;
#344 = CARTESIAN_POINT ( 'NONE',  ( -212.4053669793305801, 544.3348715452174247, 944.4177086650689716 ) ) ;
#345 = CARTESIAN_POINT ( 'NONE',  ( -91.49999999999997158, 495.5776335492048474, 476.2549916438185278 ) ) ;
#346 = EDGE_LOOP ( 'NONE', ( #2057, #2327, #1980, #3565, #2536, #527 ) ) ;
#347 = FACE_OUTER_BOUND ( 'NONE', #574, .T. ) ;
#348 = LINE ( 'NONE', #3402, #1759 ) ;
#349 = CARTESIAN_POINT ( 'NONE',  ( 667.9021879041944203, 2582.766550191988699, 276.3177384343572953 ) ) ;
#350 = DIRECTION ( 'NONE',  ( 0.000000000000000000, 0.9901239768046125045, 0.1401945453882531556 ) ) ;
#351 = CYLINDRICAL_SURFACE ( 'NONE', #591, 19.99999999999991829 ) ;
#352 = CARTESIAN_POINT ( 'NONE',  ( 21.50000000000004619, 567.9571558327239700, 565.2382504107636123 ) ) ;
#353 = DIRECTION ( 'NONE',  ( 1.000000000000000000, 2.478974872911207188E-11, -2.576245215136136926E-09 ) ) ;
#354 = ORIENTED_EDGE ( 'NONE', *, *, #1391, .F. ) ;
#355 = CARTESIAN_POINT ( 'NONE',  ( -91.49999999999998579, 676.3885950220188761, 479.2857580874410246 ) ) ;
#356 = AXIS2_PLACEMENT_3D ( 'NONE', #2853, #86, #2286 ) ;
#357 = CARTESIAN_POINT ( 'NONE',  ( -687.9397825571795693, 1940.073114813804750, 270.1334863481405364 ) ) ;
#358 = CARTESIAN_POINT ( 'NONE',  ( -91.50000000013559998, 451.8719588298425265, 533.4252241659127094 ) ) ;
#359 = LINE ( 'NONE', #390, #1773 ) ;
#360 = VERTEX_POINT ( 'NONE', #2920 ) ;
#361 = AXIS2_PLACEMENT_3D ( 'NONE', #798, #1079, #2184 ) ;
#362 = CARTESIAN_POINT ( 'NONE',  ( 664.2742500216063490, 1125.348886427034813, 1960.602115119984092 ) ) ;
#363 = EDGE_CURVE ( 'NONE', #143, #1935, #3320, .T. ) ;
#364 = CARTESIAN_POINT ( 'NONE',  ( -721.5511476960354003, 1943.348302360543130, 270.2179769869878214 ) ) ;
#365 = LINE ( 'NONE', #3144, #1866 ) ;
#366 = CARTESIAN_POINT ( 'NONE',  ( 91.50000000006832579, 564.7717027380550689, 564.9641594340272377 ) ) ;
#367 = DIRECTION ( 'NONE',  ( 1.000000000000000000, 2.478974872911206864E-11, -2.576245215136136926E-09 ) ) ;
#368 = EDGE_LOOP ( 'NONE', ( #67, #2559, #3190, #1398 ) ) ;
#369 = CARTESIAN_POINT ( 'NONE',  ( 91.50000000000858336, 292.7402621807676724, 380.4157521793637216 ) ) ;
#370 = CIRCLE ( 'NONE', #3291, 550.0000000000002274 ) ;
#371 = AXIS2_PLACEMENT_3D ( 'NONE', #2482, #219, #3052 ) ;
#372 = AXIS2_PLACEMENT_3D ( 'NONE', #3279, #233, #1341 ) ;
#373 = DIRECTION ( 'NONE',  ( -2.576245466956450100E-09, 0.000000000000000000, 1.000000000000000000 ) ) ;
#374 = CARTESIAN_POINT ( 'NONE',  ( -619.6268115532996035, 948.4965762551769330, 261.0731482540015236 ) ) ;
#375 = AXIS2_PLACEMENT_3D ( 'NONE', #604, #335, #1721 ) ;
#376 = ORIENTED_EDGE ( 'NONE', *, *, #933, .T. ) ;
#377 = CARTESIAN_POINT ( 'NONE',  ( 663.6732167605332506, 1119.953901171612415, 1959.501276353183584 ) ) ;
#378 = CARTESIAN_POINT ( 'NONE',  ( 89.08322722023251572, 359.0997604275858635, 391.1093439295445933 ) ) ;
#379 = FACE_OUTER_BOUND ( 'NONE', #3021, .T. ) ;
#380 = CARTESIAN_POINT ( 'NONE',  ( -21.50000000000004974, 577.5003183987488455, 565.8832412756378289 ) ) ;
#381 = EDGE_CURVE ( 'NONE', #2581, #430, #3249, .T. ) ;
#382 = CARTESIAN_POINT ( 'NONE',  ( -91.49999999999997158, 673.1095753019376389, 480.6192524599401850 ) ) ;
#383 = DIRECTION ( 'NONE',  ( 2.400697222555624769E-09, -0.3539487426849171614, -0.9352648221502647408 ) ) ;
#384 = CARTESIAN_POINT ( 'NONE',  ( 91.50000000002557954, 696.3156641272626075, 546.7322360888980484 ) ) ;
#385 = VERTEX_POINT ( 'NONE', #966 ) ;
#386 = CARTESIAN_POINT ( 'NONE',  ( 21.50000000000004263, 565.0026907587288179, 564.9790307078096703 ) ) ;
#387 = ORIENTED_EDGE ( 'NONE', *, *, #1077, .F. ) ;
#388 = CARTESIAN_POINT ( 'NONE',  ( 528.7226831967408316, 748.6599961656696678, 52.89755397201469833 ) ) ;
#389 = DIRECTION ( 'NONE',  ( 0.000000000000000000, 0.3669760374471598419, -0.9302303950847772285 ) ) ;
#390 = CARTESIAN_POINT ( 'NONE',  ( -6541.793986132896862, 2194.127406835963939, 478.5061640424712550 ) ) ;
#391 = CARTESIAN_POINT ( 'NONE',  ( -710.9397818074418183, 2072.073793508839572, 562.4232414131205360 ) ) ;
#392 = ORIENTED_EDGE ( 'NONE', *, *, #1873, .T. ) ;
#393 = CARTESIAN_POINT ( 'NONE',  ( 301.6304542555058674, 556.2818396818640849, 1054.815332025718817 ) ) ;
#394 = CARTESIAN_POINT ( 'NONE',  ( 56.84908580372648146, 305.1676144787716680, 383.4729338836954753 ) ) ;
#395 = FACE_OUTER_BOUND ( 'NONE', #125, .T. ) ;
#396 = CARTESIAN_POINT ( 'NONE',  ( -21.50000000000004974, 572.5021463832625841, 565.5958142901235988 ) ) ;
#397 = DIRECTION ( 'NONE',  ( 0.000000000000000000, -0.4969879167862737424, 0.8677574606815200431 ) ) ;
#398 = EDGE_CURVE ( 'NONE', #1841, #2856, #2069, .T. ) ;
#399 = EDGE_CURVE ( 'NONE', #2711, #1305, #2646, .T. ) ;
#400 = CARTESIAN_POINT ( 'NONE',  ( -91.49999999999997158, 293.4619564039324473, 381.8154955722138766 ) ) ;
#401 = CARTESIAN_POINT ( 'NONE',  ( 91.49999999999997158, 657.9776626239106463, 486.1238456847469251 ) ) ;
#402 = VERTEX_POINT ( 'NONE', #2917 ) ;
#403 = CARTESIAN_POINT ( 'NONE',  ( 21.50000000000004619, 675.7493962911044036, 553.9034023074339075 ) ) ;
#404 = EDGE_CURVE ( 'NONE', #1841, #1402, #129, .T. ) ;
#405 = EDGE_LOOP ( 'NONE', ( #1101, #3071, #902, #3578, #1200, #989 ) ) ;
#406 = CARTESIAN_POINT ( 'NONE',  ( -730.9397821207639936, 2498.678233061867104, 444.9084449202633778 ) ) ;
#407 = CARTESIAN_POINT ( 'NONE',  ( -667.9397825571795693, 1918.610640028357238, 269.9269658184654190 ) ) ;
#408 = CARTESIAN_POINT ( 'NONE',  ( 687.7344870048553958, 2565.253772436930376, 276.1492235647950793 ) ) ;
#409 = ORIENTED_EDGE ( 'NONE', *, *, #669, .T. ) ;
#410 = CARTESIAN_POINT ( 'NONE',  ( 216.2177991660791747, 544.3755172198447099, 953.4914583679101270 ) ) ;
#411 = VECTOR ( 'NONE', #2365, 1000.000000000000000 ) ;
#412 = CARTESIAN_POINT ( 'NONE',  ( 47.61051146996317840, 299.5544874408220721, 382.6781548340742347 ) ) ;
#413 = CARTESIAN_POINT ( 'NONE',  ( -81.17664018626159361, 726.3664692861714229, 498.4747712561444928 ) ) ;
#414 = CARTESIAN_POINT ( 'NONE',  ( -21.50000000000004619, 651.5143960409152442, 560.2950749809830313 ) ) ;
#415 = AXIS2_PLACEMENT_3D ( 'NONE', #977, #3208, #2064 ) ;
#416 = CARTESIAN_POINT ( 'NONE',  ( -91.49999999999978684, 699.4533755976311795, 545.4729723853542964 ) ) ;
#417 = DIRECTION ( 'NONE',  ( -2.576245389857630646E-09, 0.000000000000000000, -1.000000000000000000 ) ) ;
#418 = CARTESIAN_POINT ( 'NONE',  ( 91.50000000000186162, 699.5241103186381224, 545.4442063602930375 ) ) ;
#419 = ORIENTED_EDGE ( 'NONE', *, *, #2134, .T. ) ;
#420 = CARTESIAN_POINT ( 'NONE',  ( -687.9397825197745533, 2559.547638657351399, 290.6134352264026575 ) ) ;
#421 = CARTESIAN_POINT ( 'NONE',  ( 629.2750400862390734, 2662.974167824820597, 1652.328307650426723 ) ) ;
#422 = ORIENTED_EDGE ( 'NONE', *, *, #3381, .T. ) ;
#423 = FACE_OUTER_BOUND ( 'NONE', #1599, .T. ) ;
#424 = EDGE_CURVE ( 'NONE', #1262, #1252, #2331, .T. ) ;
#425 = EDGE_CURVE ( 'NONE', #1252, #667, #754, .T. ) ;
#426 = CARTESIAN_POINT ( 'NONE',  ( 710.9397819028390586, 2155.069829016506901, 526.1922788771927344 ) ) ;
#427 = DIRECTION ( 'NONE',  ( 1.000000000000000000, -0.000000000000000000, -0.000000000000000000 ) ) ;
#428 = DIRECTION ( 'NONE',  ( 2.576245466956452995E-09, 0.000000000000000000, -1.000000000000000000 ) ) ;
#429 = AXIS2_PLACEMENT_3D ( 'NONE', #1502, #642, #2325 ) ;
#430 = VERTEX_POINT ( 'NONE', #1802 ) ;
#431 = CIRCLE ( 'NONE', #2940, 19.99999999999994316 ) ;
#432 = CARTESIAN_POINT ( 'NONE',  ( -587.3141849199990929, 876.6646400174842029, 275.4017950148088971 ) ) ;
#433 = CARTESIAN_POINT ( 'NONE',  ( 730.3902719505459800, 2548.296613782217719, 277.4297203062001813 ) ) ;
#434 = DIRECTION ( 'NONE',  ( -1.000000000000000000, 2.478974872911206864E-11, -2.576245215136136926E-09 ) ) ;
#435 = FACE_OUTER_BOUND ( 'NONE', #2572, .T. ) ;
#436 = CARTESIAN_POINT ( 'NONE',  ( -21.50000000000004263, 555.0079484355915156, 563.9110589100853304 ) ) ;
#437 = CARTESIAN_POINT ( 'NONE',  ( -91.49999999999997158, 673.0873225103237019, 480.6283021073725195 ) ) ;
#438 = CARTESIAN_POINT ( 'NONE',  ( 87.53154689487386975, 737.1251696131737390, 479.6897220413405307 ) ) ;
#439 = CARTESIAN_POINT ( 'NONE',  ( 91.49999999999997158, 722.0034090365664952, 460.7353671216139901 ) ) ;
#440 = EDGE_LOOP ( 'NONE', ( #2599, #861, #2729, #3359 ) ) ;
#441 = CARTESIAN_POINT ( 'NONE',  ( 652.6264526030084880, 2627.763076053156055, 1716.173278794099133 ) ) ;
#442 = VERTEX_POINT ( 'NONE', #2937 ) ;
#443 = CARTESIAN_POINT ( 'NONE',  ( 21.50000000000004619, 293.5337177835726834, 381.9546012037405944 ) ) ;
#444 = LINE ( 'NONE', #2397, #3007 ) ;
#445 = EDGE_CURVE ( 'NONE', #2752, #3028, #1185, .T. ) ;
#446 = DIRECTION ( 'NONE',  ( -1.000000000000000000, 0.000000000000000000, 0.000000000000000000 ) ) ;
#447 = ADVANCED_FACE ( 'NONE', ( #526 ), #1330, .T. ) ;
#448 = DIRECTION ( 'NONE',  ( 0.000000000000000000, 0.3539487426849171614, 0.9352648221502647408 ) ) ;
#449 = CARTESIAN_POINT ( 'NONE',  ( 730.9397819076674523, 2349.841369848302747, 526.1922789287178830 ) ) ;
#450 = CARTESIAN_POINT ( 'NONE',  ( -85.11719258255546094, 732.1053720900854387, 488.4544557594915659 ) ) ;
#451 = CARTESIAN_POINT ( 'NONE',  ( -21.50000000000006395, 562.4823632521660102, 564.7405547417401976 ) ) ;
#452 = CARTESIAN_POINT ( 'NONE',  ( -91.49999999999997158, 674.1510059494785310, 480.1957289601096477 ) ) ;
#453 = CARTESIAN_POINT ( 'NONE',  ( 89.98662347564516040, 743.8104197089412537, 468.0170526439900414 ) ) ;
#454 = CARTESIAN_POINT ( 'NONE',  ( 91.50000000000851230, 700.8058711156235177, 544.9229466681916847 ) ) ;
#455 = ORIENTED_EDGE ( 'NONE', *, *, #1542, .T. ) ;
#456 = CARTESIAN_POINT ( 'NONE',  ( 577.1341028470422998, 2701.528906601412928, 1539.767088671829242 ) ) ;
#457 = ORIENTED_EDGE ( 'NONE', *, *, #1593, .F. ) ;
#458 = CARTESIAN_POINT ( 'NONE',  ( 91.49999999986482635, 317.5370356377075609, 421.5914358983915236 ) ) ;
#459 = DIRECTION ( 'NONE',  ( -2.576245389857631060E-09, 0.000000000000000000, 1.000000000000000000 ) ) ;
#460 = ORIENTED_EDGE ( 'NONE', *, *, #103, .F. ) ;
#461 = CARTESIAN_POINT ( 'NONE',  ( -710.9397821139062899, 2005.427457472464539, 442.8240777067792351 ) ) ;
#462 = ORIENTED_EDGE ( 'NONE', *, *, #897, .F. ) ;
#463 = CARTESIAN_POINT ( 'NONE',  ( -667.9397825074893262, 2578.656664617590195, 295.5660492031537387 ) ) ;
#464 = CARTESIAN_POINT ( 'NONE',  ( -91.49999999999997158, 380.2943342303468626, 388.5936686076216802 ) ) ;
#465 = CARTESIAN_POINT ( 'NONE',  ( 21.50000000000004619, 699.4481171915190316, 545.4751108427341251 ) ) ;
#466 = CARTESIAN_POINT ( 'NONE',  ( -667.8317725942945344, 2582.055418079068204, 285.8295242422783531 ) ) ;
#467 = AXIS2_PLACEMENT_3D ( 'NONE', #1461, #3438, #3159 ) ;
#468 = ADVANCED_FACE ( 'NONE', ( #3585 ), #2758, .T. ) ;
#469 = CARTESIAN_POINT ( 'NONE',  ( -21.50000000000004619, 567.9571558327239700, 565.2382504107636123 ) ) ;
#470 = CARTESIAN_POINT ( 'NONE',  ( 87.20147829835885034, 736.3858428286241633, 480.9806112390559178 ) ) ;
#471 = CARTESIAN_POINT ( 'NONE',  ( 21.49999999999884537, 699.3832974255311683, 545.5014632338065894 ) ) ;
#472 = ORIENTED_EDGE ( 'NONE', *, *, #3373, .T. ) ;
#473 = AXIS2_PLACEMENT_3D ( 'NONE', #1954, #2298, #1737 ) ;
#474 = CARTESIAN_POINT ( 'NONE',  ( 585.2281016530957913, 2697.634817198058954, 1556.050658483829466 ) ) ;
#475 = ORIENTED_EDGE ( 'NONE', *, *, #1634, .F. ) ;
#476 = CARTESIAN_POINT ( 'NONE',  ( 21.50000000000004619, 348.8501584274783340, 459.2010992582801805 ) ) ;
#477 = AXIS2_PLACEMENT_3D ( 'NONE', #2224, #2189, #1707 ) ;
#478 = CYLINDRICAL_SURFACE ( 'NONE', #1529, 160.0000000000000284 ) ;
#479 = VERTEX_POINT ( 'NONE', #2465 ) ;
#480 = DIRECTION ( 'NONE',  ( 2.400697222555624769E-09, 0.3539487426849171614, 0.9352648221502647408 ) ) ;
#481 = VERTEX_POINT ( 'NONE', #240 ) ;
#482 = CYLINDRICAL_SURFACE ( 'NONE', #549, 650.0000000000003411 ) ;
#483 = CARTESIAN_POINT ( 'NONE',  ( -21.50000000000004619, 294.7259271834190031, 384.2494971438775337 ) ) ;
#484 = FACE_OUTER_BOUND ( 'NONE', #288, .T. ) ;
#485 = VECTOR ( 'NONE', #737, 1000.000000000000227 ) ;
#486 = DIRECTION ( 'NONE',  ( -2.576245566083506993E-09, 0.000000000000000000, -1.000000000000000000 ) ) ;
#487 = ORIENTED_EDGE ( 'NONE', *, *, #343, .T. ) ;
#488 = CARTESIAN_POINT ( 'NONE',  ( -661.0606049825055379, 1100.174767704445685, 1953.217551479802069 ) ) ;
#489 = VECTOR ( 'NONE', #3302, 1000.000000000000000 ) ;
#490 = VECTOR ( 'NONE', #573, 999.9999999999998863 ) ;
#491 = CARTESIAN_POINT ( 'NONE',  ( -91.49999999999997158, 639.0041054605036379, 491.4447944939876152 ) ) ;
#492 = CARTESIAN_POINT ( 'NONE',  ( 611.7340469736875548, 930.0146251374600297, 263.4684758420726212 ) ) ;
#493 = EDGE_CURVE ( 'NONE', #197, #1940, #1662, .T. ) ;
#494 = CARTESIAN_POINT ( 'NONE',  ( -727.2969675482022467, 2556.012463359706999, 276.4861957573685913 ) ) ;
#495 = CARTESIAN_POINT ( 'NONE',  ( 91.49999999999970157, 699.5597147852242870, 545.4297269243991195 ) ) ;
#496 = EDGE_CURVE ( 'NONE', #1516, #3094, #3156, .T. ) ;
#497 = EDGE_LOOP ( 'NONE', ( #580, #3016, #3594, #3371, #475, #569 ) ) ;
#498 = DIRECTION ( 'NONE',  ( 1.000000000000000000, -2.478017790963360707E-11, 0.000000000000000000 ) ) ;
#499 = ORIENTED_EDGE ( 'NONE', *, *, #404, .T. ) ;
#500 = CARTESIAN_POINT ( 'NONE',  ( 21.50000000000004619, 293.8079860102028533, 382.4847754392647516 ) ) ;
#501 = LINE ( 'NONE', #2171, #3002 ) ;
#502 = LINE ( 'NONE', #2437, #1722 ) ;
#503 = ORIENTED_EDGE ( 'NONE', *, *, #1391, .T. ) ;
#504 = CARTESIAN_POINT ( 'NONE',  ( -687.9397825571795693, 2565.253772436925374, 276.1492235653237231 ) ) ;
#505 =( BOUNDED_CURVE ( )  B_SPLINE_CURVE ( 3, ( #3498, #3538, #992, #1577 ),
 .UNSPECIFIED., .F., .F. ) 
 B_SPLINE_CURVE_WITH_KNOTS ( ( 4, 4 ),
 ( 4.639882680742772436, 4.712388980384675463 ),
 .UNSPECIFIED. ) 
 CURVE ( )  GEOMETRIC_REPRESENTATION_ITEM ( )  RATIONAL_B_SPLINE_CURVE ( ( 1.000000000000000000, 0.9995619510228204163, 0.9995619510228204163, 1.000000000000000000 ) ) 
 REPRESENTATION_ITEM ( '' )  );
#506 = CARTESIAN_POINT ( 'NONE',  ( -91.49999999999997158, 357.2360667184107683, 352.7126517297637065 ) ) ;
#507 = PLANE ( 'NONE',  #551 ) ;
#508 = FACE_OUTER_BOUND ( 'NONE', #2817, .T. ) ;
#509 = ORIENTED_EDGE ( 'NONE', *, *, #2367, .T. ) ;
#510 = CARTESIAN_POINT ( 'NONE',  ( -625.2083565839062658, 962.7138307790711451, 260.7289461083701667 ) ) ;
#511 = CARTESIAN_POINT ( 'NONE',  ( -91.49999999999997158, 573.5915385205448729, 495.4615571384968575 ) ) ;
#512 = CARTESIAN_POINT ( 'NONE',  ( -724.4900399442553862, 1945.808048228301232, 270.3530664298541524 ) ) ;
#513 = CARTESIAN_POINT ( 'NONE',  ( -74.41398618255983877, 323.4396258219842935, 386.0601213305218380 ) ) ;
#514 = ORIENTED_EDGE ( 'NONE', *, *, #2464, .F. ) ;
#515 = CARTESIAN_POINT ( 'NONE',  ( 91.49999999999995737, 505.8361314673499578, 480.3106050111745731 ) ) ;
#516 = CARTESIAN_POINT ( 'NONE',  ( -680.7315823165486108, 2566.602776598821947, 276.1622006941462359 ) ) ;
#517 = CARTESIAN_POINT ( 'NONE',  ( 91.49999999979590370, 348.8501584276442031, 459.2010992581093092 ) ) ;
#518 = ADVANCED_FACE ( 'NONE', ( #1348 ), #3396, .F. ) ;
#519 = CARTESIAN_POINT ( 'NONE',  ( 667.9397781773599263, 1194.500099909721939, 1963.037986023700796 ) ) ;
#520 = ORIENTED_EDGE ( 'NONE', *, *, #2616, .T. ) ;
#521 = DIRECTION ( 'NONE',  ( 1.000000000000000000, 2.478974872911206864E-11, -2.576245215136136512E-09 ) ) ;
#522 = ORIENTED_EDGE ( 'NONE', *, *, #2818, .F. ) ;
#523 = CARTESIAN_POINT ( 'NONE',  ( 381.5055612497135940, 588.8197129790266899, 742.3951794952073442 ) ) ;
#524 = CARTESIAN_POINT ( 'NONE',  ( -21.50000000000004619, 317.5370356378689962, 421.5914358980145948 ) ) ;
#525 = DIRECTION ( 'NONE',  ( -1.000000000000000000, 2.478974872911206864E-11, -2.576245215136136512E-09 ) ) ;
#526 = FACE_OUTER_BOUND ( 'NONE', #3077, .T. ) ;
#527 = ORIENTED_EDGE ( 'NONE', *, *, #2925, .T. ) ;
#528 = CARTESIAN_POINT ( 'NONE',  ( 710.9397822683417871, 2349.841369848798422, 386.1922788771928481 ) ) ;
#529 = CARTESIAN_POINT ( 'NONE',  ( -21.49999999992323652, 697.8405239678148746, 546.1282568198295166 ) ) ;
#530 = CARTESIAN_POINT ( 'NONE',  ( -687.8713369095687540, 2562.401998491702216, 283.3780519709823125 ) ) ;
#531 = CARTESIAN_POINT ( 'NONE',  ( -73.64535246207873342, 322.3321647085399491, 385.9033126772907281 ) ) ;
#532 = ORIENTED_EDGE ( 'NONE', *, *, #1991, .T. ) ;
#533 = DIRECTION ( 'NONE',  ( 1.000000000000000000, -0.000000000000000000, -0.000000000000000000 ) ) ;
#534 = LINE ( 'NONE', #2206, #2637 ) ;
#535 = CARTESIAN_POINT ( 'NONE',  ( 91.49999999999997158, 500.1307847182108048, 478.1079403571343960 ) ) ;
#536 = LINE ( 'NONE', #41, #1306 ) ;
#537 = ORIENTED_EDGE ( 'NONE', *, *, #2925, .F. ) ;
#538 = FACE_OUTER_BOUND ( 'NONE', #3200, .T. ) ;
#539 = ADVANCED_FACE ( 'NONE', ( #2198 ), #545, .F. ) ;
#540 = ADVANCED_FACE ( 'NONE', ( #2502 ), #1763, .F. ) ;
#541 = ORIENTED_EDGE ( 'NONE', *, *, #1787, .T. ) ;
#542 = CARTESIAN_POINT ( 'NONE',  ( -373.3820719372999406, 584.4179665273838964, 752.2918040194698506 ) ) ;
#543 = CARTESIAN_POINT ( 'NONE',  ( -21.50000000000004619, 293.6250411309683841, 382.1313935454871853 ) ) ;
#544 = LINE ( 'NONE', #1329, #3004 ) ;
#545 = CYLINDRICAL_SURFACE ( 'NONE', #186, 19.99999999999992539 ) ;
#546 = DIRECTION ( 'NONE',  ( -2.400697222555624769E-09, 0.3539487426849171614, 0.9352648221502647408 ) ) ;
#547 = CARTESIAN_POINT ( 'NONE',  ( -21.50000000000004619, 679.2999496787640510, 552.8024957206567933 ) ) ;
#548 = CARTESIAN_POINT ( 'NONE',  ( 710.9397821207641073, 2498.678233062362779, 444.9084448687384565 ) ) ;
#549 = AXIS2_PLACEMENT_3D ( 'NONE', #2157, #3264, #773 ) ;
#550 = CARTESIAN_POINT ( 'NONE',  ( 590.6269480946990598, 883.9020218539455982, 1645.584932744861135 ) ) ;
#551 = AXIS2_PLACEMENT_3D ( 'NONE', #775, #239, #2121 ) ;
#552 = VECTOR ( 'NONE', #139, 1000.000000000000000 ) ;
#553 = CARTESIAN_POINT ( 'NONE',  ( 91.49999999999997158, 396.7200783757044746, 407.8311273621166606 ) ) ;
#554 = VECTOR ( 'NONE', #3517, 1000.000000000000114 ) ;
#555 = CARTESIAN_POINT ( 'NONE',  ( -675.6789858082356659, 2569.544524953657401, 276.1905073811566922 ) ) ;
#556 = CARTESIAN_POINT ( 'NONE',  ( 91.50000000000002842, 491.7076688130115372, 549.7307623171669775 ) ) ;
#557 = CARTESIAN_POINT ( 'NONE',  ( 21.50000000000004619, 351.7479820679334921, 461.9270635406408587 ) ) ;
#558 = CARTESIAN_POINT ( 'NONE',  ( -91.49999999999995737, 526.0390726945763618, 486.9841490637164725 ) ) ;
#559 = ORIENTED_EDGE ( 'NONE', *, *, #3023, .F. ) ;
#560 = EDGE_CURVE ( 'NONE', #3494, #3097, #3545, .T. ) ;
#561 = CARTESIAN_POINT ( 'NONE',  ( -236.9065630060545686, 545.2460124087367603, 915.4227192947182630 ) ) ;
#562 = CARTESIAN_POINT ( 'NONE',  ( -91.49999999998290434, 470.1479796240699898, 541.4878373728282668 ) ) ;
#563 = CARTESIAN_POINT ( 'NONE',  ( -421.1742828048910496, 614.8544540277467831, 1199.957847353583247 ) ) ;
#564 = ORIENTED_EDGE ( 'NONE', *, *, #3044, .F. ) ;
#565 = CARTESIAN_POINT ( 'NONE',  ( -625.0000367550678675, 962.1680431418794797, 260.7236943224076526 ) ) ;
#566 = EDGE_CURVE ( 'NONE', #177, #3466, #1408, .T. ) ;
#567 = CARTESIAN_POINT ( 'NONE',  ( -91.49999999999997158, 602.3491574858395552, 425.5517364333655905 ) ) ;
#568 = DIRECTION ( 'NONE',  ( -0.2302244917619712394, -0.5029706221415728429, -0.8330769692264102799 ) ) ;
#569 = ORIENTED_EDGE ( 'NONE', *, *, #1274, .T. ) ;
#570 = CARTESIAN_POINT ( 'NONE',  ( 91.49999999999997158, 755.8684637335436491, 446.9633060433967557 ) ) ;
#571 = ORIENTED_EDGE ( 'NONE', *, *, #1593, .T. ) ;
#572 = CARTESIAN_POINT ( 'NONE',  ( 91.49999999999997158, 523.1913251263831626, 486.2108074520755849 ) ) ;
#573 = DIRECTION ( 'NONE',  ( 2.576364493570427019E-09, -0.009621952731540726889, 0.9999537079413387541 ) ) ;
#574 = EDGE_LOOP ( 'NONE', ( #3535, #2192, #2498, #2238 ) ) ;
#575 = DIRECTION ( 'NONE',  ( 1.000000000000000000, 2.478974872911207188E-11, -2.576245215136136926E-09 ) ) ;
#576 = VERTEX_POINT ( 'NONE', #3015 ) ;
#577 = CARTESIAN_POINT ( 'NONE',  ( -585.2281016530957913, 2697.634817198058954, 1556.050658483829466 ) ) ;
#578 = CARTESIAN_POINT ( 'NONE',  ( -21.50000000000004619, 375.7697300445144037, 484.2131195327212936 ) ) ;
#579 = CARTESIAN_POINT ( 'NONE',  ( -664.4846693624541558, 2469.203930291213055, 345.1875367494340594 ) ) ;
#580 = ORIENTED_EDGE ( 'NONE', *, *, #15, .T. ) ;
#581 = LINE ( 'NONE', #1682, #2113 ) ;
#582 = CARTESIAN_POINT ( 'NONE',  ( -723.2150975635569239, 1944.614591218862643, 270.2794886346969179 ) ) ;
#583 = LINE ( 'NONE', #3608, #838 ) ;
#584 = DIRECTION ( 'NONE',  ( 0.000000000000000000, -0.9302303950847772285, -0.3669760374471597308 ) ) ;
#585 = ORIENTED_EDGE ( 'NONE', *, *, #1726, .F. ) ;
#586 = ADVANCED_FACE ( 'NONE', ( #508 ), #2522, .T. ) ;
#587 = CARTESIAN_POINT ( 'NONE',  ( 713.7409508185909317, 2565.095072037352111, 276.1473399613902302 ) ) ;
#588 = DIRECTION ( 'NONE',  ( -1.000000000000000000, 2.478974872911207188E-11, -2.576245215136136926E-09 ) ) ;
#589 = VERTEX_POINT ( 'NONE', #2837 ) ;
#590 = CARTESIAN_POINT ( 'NONE',  ( 91.50000000004268941, 465.8817086252402646, 539.7044944850561023 ) ) ;
#591 = AXIS2_PLACEMENT_3D ( 'NONE', #2612, #1189, #2866 ) ;
#592 = CARTESIAN_POINT ( 'NONE',  ( -664.4846735620333220, 609.1291643806544016, 703.1750115754808803 ) ) ;
#593 = CARTESIAN_POINT ( 'NONE',  ( 667.9397825571794556, 406.8778879869777825, 255.3804713484259423 ) ) ;
#594 = COLOUR_RGB ( '',0.7921568627450980005, 0.8196078431372548767, 0.9333333333333333481 ) ;
#595 = CIRCLE ( 'NONE', #1059, 159.9999999999998579 ) ;
#596 = ORIENTED_EDGE ( 'NONE', *, *, #2968, .T. ) ;
#597 = CARTESIAN_POINT ( 'NONE',  ( -210.6133520059093769, 544.3303201145995445, 946.5380509313055200 ) ) ;
#598 = CARTESIAN_POINT ( 'NONE',  ( -91.50000000030470915, 380.4562180583459394, 488.0997710946534198 ) ) ;
#599 = CARTESIAN_POINT ( 'NONE',  ( 711.6498862678415662, 1940.073114813217899, 270.1334864092237353 ) ) ;
#600 =( LENGTH_UNIT ( ) NAMED_UNIT ( * ) SI_UNIT ( .MILLI., .METRE. ) );
#601 = ORIENTED_EDGE ( 'NONE', *, *, #2367, .F. ) ;
#602 = CARTESIAN_POINT ( 'NONE',  ( 404.9189111907694496, 603.1459061181896004, 1179.746693575697236 ) ) ;
#603 = CARTESIAN_POINT ( 'NONE',  ( -714.4645696363353409, 1940.395898630784814, 270.1369883770968272 ) ) ;
#604 = CARTESIAN_POINT ( 'NONE',  ( -710.9397822683417871, 2349.841369848798422, 386.1922788771928481 ) ) ;
#605 = ADVANCED_FACE ( 'NONE', ( #1429 ), #651, .T. ) ;
#606 = EDGE_CURVE ( 'NONE', #1618, #3340, #2033, .T. ) ;
#607 = LINE ( 'NONE', #3426, #311 ) ;
#608 = CARTESIAN_POINT ( 'NONE',  ( 91.49999999995726796, 468.7237264505588996, 540.8998996654100893 ) ) ;
#609 = CIRCLE ( 'NONE', #3348, 159.9999999999996305 ) ;
#610 = VECTOR ( 'NONE', #1521, 999.9999999999998863 ) ;
#611 = CARTESIAN_POINT ( 'NONE',  ( 625.0000367550678675, 962.1680431418794797, 260.7236943224076526 ) ) ;
#612 = ORIENTED_EDGE ( 'NONE', *, *, #2319, .T. ) ;
#613 = CARTESIAN_POINT ( 'NONE',  ( -91.49999999999995737, 470.7379780523448858, 464.6147125462878194 ) ) ;
#614 = B_SPLINE_CURVE_WITH_KNOTS ( 'NONE', 3,
 ( #2098, #1232, #2879, #942, #670, #2314, #3436, #1764, #2863, #3227, #145, #3468, #2083, #720, #1253, #2066, #3503, #995, #3191, #686, #924, #377, #362, #2590, #2366, #1799 ),
 .UNSPECIFIED., .F., .F.,
 ( 4, 2, 2, 2, 2, 2, 2, 2, 2, 2, 2, 2, 4 ),
 ( 0.000000000000000000, 0.01661249219667616100, 0.03322498439335232201, 0.04153123049169064190, 0.04568435354086006900, 0.04983747659002950303, 0.06644996878670718365, 0.08306246098338489203, 0.08721558403255459668, 0.09136870708172431521, 0.09967495318006421023, 0.1162874453767441391, 0.1328999375734240818 ),
 .UNSPECIFIED. ) ;
#615 = CARTESIAN_POINT ( 'NONE',  ( -214.3343432378376292, 544.3485363184901189, 942.1353022691919250 ) ) ;
#616 = CARTESIAN_POINT ( 'NONE',  ( -91.49999999999997158, 502.4165199346077770, 478.9983125500648953 ) ) ;
#617 = CARTESIAN_POINT ( 'NONE',  ( 517.9397796013836341, 2714.529555206906934, 1424.912793298507040 ) ) ;
#618 = VERTEX_POINT ( 'NONE', #2800 ) ;
#619 = DIRECTION ( 'NONE',  ( -1.000000000000000000, 2.478017790963360707E-11, 0.000000000000000000 ) ) ;
#620 = CARTESIAN_POINT ( 'NONE',  ( -283.6165709405769348, 552.0263061631278561, 1033.374995012899490 ) ) ;
#621 = LINE ( 'NONE', #892, #27 ) ;
#622 = CARTESIAN_POINT ( 'NONE',  ( 36.44673805724129778, 700.7460883778035168, 543.2088099074286447 ) ) ;
#623 = CARTESIAN_POINT ( 'NONE',  ( 21.50000000000004619, 668.2470156920022646, 556.0718467941811696 ) ) ;
#624 = ORIENTED_EDGE ( 'NONE', *, *, #821, .T. ) ;
#625 = CARTESIAN_POINT ( 'NONE',  ( -664.4849235620333729, 2467.268739183226899, 1878.845748879734401 ) ) ;
#626 = EDGE_CURVE ( 'NONE', #2654, #177, #1187, .T. ) ;
#627 = CARTESIAN_POINT ( 'NONE',  ( -710.9397821207641073, 2498.678233062362779, 444.9084448687384565 ) ) ;
#628 = CARTESIAN_POINT ( 'NONE',  ( -91.50000000004268941, 465.8817086252059880, 539.7044944850561023 ) ) ;
#629 = PLANE ( 'NONE',  #40 ) ;
#630 = CARTESIAN_POINT ( 'NONE',  ( -503.0223840912986475, 692.5126448071812320, 557.5846766924966005 ) ) ;
#631 = ORIENTED_EDGE ( 'NONE', *, *, #1744, .F. ) ;
#632 = CARTESIAN_POINT ( 'NONE',  ( 21.50000000000004619, 545.9971970955440383, 607.8797182775902002 ) ) ;
#633 = LINE ( 'NONE', #3128, #2034 ) ;
#634 = CARTESIAN_POINT ( 'NONE',  ( 687.0749590684154100, 2565.253772436947202, 276.1492235630960295 ) ) ;
#635 = CARTESIAN_POINT ( 'NONE',  ( 91.49999999999997158, 672.9950626034930110, 554.7216724150853224 ) ) ;
#636 = CARTESIAN_POINT ( 'NONE',  ( 667.9397822635133934, 2155.069829017572374, 386.1922787664143470 ) ) ;
#637 = ORIENTED_EDGE ( 'NONE', *, *, #3148, .F. ) ;
#638 = CARTESIAN_POINT ( 'NONE',  ( 687.9397825197745533, 2559.547638657350944, 290.6134352264030554 ) ) ;
#639 = CARTESIAN_POINT ( 'NONE',  ( -535.1742664129957348, 2713.280767516866035, 1457.937434578004058 ) ) ;
#640 = EDGE_CURVE ( 'NONE', #3609, #2269, #761, .T. ) ;
#641 = CARTESIAN_POINT ( 'NONE',  ( -91.49999999999991473, 555.2989446379314131, 563.9527255850670144 ) ) ;
#642 = DIRECTION ( 'NONE',  ( 2.400696267063064135E-09, -0.3539487426849174390, -0.9352648221502647408 ) ) ;
#643 = CARTESIAN_POINT ( 'NONE',  ( 653.5368455706926625, 1036.933069320083860, 261.4431131365375336 ) ) ;
#644 = EDGE_CURVE ( 'NONE', #1592, #20, #2583, .T. ) ;
#645 = ORIENTED_EDGE ( 'NONE', *, *, #1587, .F. ) ;
#646 = AXIS2_PLACEMENT_3D ( 'NONE', #3400, #9, #276 ) ;
#647 = CARTESIAN_POINT ( 'NONE',  ( -558.4290230997124809, 813.5593304988498176, 346.2331306047317980 ) ) ;
#648 = CARTESIAN_POINT ( 'NONE',  ( -91.49999999999997158, 355.6728063611056996, 349.7248375302863792 ) ) ;
#649 = CARTESIAN_POINT ( 'NONE',  ( -53.63681119582158630, 705.7344011651189248, 534.4990495869033111 ) ) ;
#650 = EDGE_CURVE ( 'NONE', #3340, #2444, #1522, .T. ) ;
#651 = CYLINDRICAL_SURFACE ( 'NONE', #467, 99.99999999999992895 ) ;
#652 = CARTESIAN_POINT ( 'NONE',  ( -91.49999999999997158, 740.2328959261342334, 453.3218959455799109 ) ) ;
#653 = CARTESIAN_POINT ( 'NONE',  ( 730.9397820266584631, 2194.127406980013802, 478.5061490722859503 ) ) ;
#654 = CARTESIAN_POINT ( 'NONE',  ( 91.49999999999991473, 674.5762517164522478, 554.2518155197478791 ) ) ;
#655 = ORIENTED_EDGE ( 'NONE', *, *, #295, .F. ) ;
#656 = CARTESIAN_POINT ( 'NONE',  ( -608.9670147342335440, 923.9694997196010036, 1711.949232279379430 ) ) ;
#657 = ORIENTED_EDGE ( 'NONE', *, *, #963, .T. ) ;
#658 = CARTESIAN_POINT ( 'NONE',  ( -91.49999999999995737, 601.9182480620838760, 496.1633408722374838 ) ) ;
#659 = AXIS2_PLACEMENT_3D ( 'NONE', #1563, #179, #1286 ) ;
#660 = VECTOR ( 'NONE', #944, 1000.000000000000114 ) ;
#661 =( BOUNDED_CURVE ( )  B_SPLINE_CURVE ( 3, ( #3106, #3171, #643, #666 ),
 .UNSPECIFIED., .F., .F. ) 
 B_SPLINE_CURVE_WITH_KNOTS ( ( 4, 4 ),
 ( 1.570796326794898556, 1.935416298170013150 ),
 .UNSPECIFIED. ) 
 CURVE ( )  GEOMETRIC_REPRESENTATION_ITEM ( )  RATIONAL_B_SPLINE_CURVE ( ( 1.000000000000000000, 0.9889516749954531116, 0.9889516749954531116, 1.000000000000000000 ) ) 
 REPRESENTATION_ITEM ( '' )  );
#662 = AXIS2_PLACEMENT_3D ( 'NONE', #2748, #2132, #459 ) ;
#663 = CARTESIAN_POINT ( 'NONE',  ( -528.7285679467460113, 2713.957758269684291, 1445.575620873555181 ) ) ;
#664 = FACE_OUTER_BOUND ( 'NONE', #346, .T. ) ;
#665 = VECTOR ( 'NONE', #1080, 1000.000000000000000 ) ;
#666 = CARTESIAN_POINT ( 'NONE',  ( 625.2083565839062658, 962.7138307790711451, 260.7289461083701667 ) ) ;
#667 = VERTEX_POINT ( 'NONE', #141 ) ;
#668 = EDGE_CURVE ( 'NONE', #1283, #3254, #1249, .T. ) ;
#669 = EDGE_CURVE ( 'NONE', #1618, #1344, #3464, .T. ) ;
#670 = CARTESIAN_POINT ( 'NONE',  ( 652.5612736989422729, 1053.888208933107535, 1921.741755893232039 ) ) ;
#671 = CARTESIAN_POINT ( 'NONE',  ( 68.72122702330375432, 315.9914809510932514, 385.0055167470329138 ) ) ;
#672 = DIRECTION ( 'NONE',  ( 2.576245215136136512E-09, 0.000000000000000000, -1.000000000000000000 ) ) ;
#673 = CARTESIAN_POINT ( 'NONE',  ( 667.9397825571794556, 406.8778879869777825, 255.3804713484259423 ) ) ;
#674 = DIRECTION ( 'NONE',  ( 0.000000000000000000, 0.8677574606815201541, 0.4969879167862737979 ) ) ;
#675 = ADVANCED_FACE ( 'NONE', ( #1541 ), #2621, .T. ) ;
#676 = LINE ( 'NONE', #400, #3450 ) ;
#677 = CARTESIAN_POINT ( 'NONE',  ( 91.49999999999997158, 571.1306882603673785, 495.2498860501004856 ) ) ;
#678 = ORIENTED_EDGE ( 'NONE', *, *, #3044, .T. ) ;
#679 = CARTESIAN_POINT ( 'NONE',  ( 21.50000000000004974, 622.1431831473582861, 564.8566456232837254 ) ) ;
#680 = ORIENTED_EDGE ( 'NONE', *, *, #711, .T. ) ;
#681 = CARTESIAN_POINT ( 'NONE',  ( -91.49999999999997158, 627.1690572442873872, 493.6259037332293360 ) ) ;
#682 = DIRECTION ( 'NONE',  ( 0.000000000000000000, -1.000000000000000000, -5.628313712527149846E-09 ) ) ;
#683 = LINE ( 'NONE', #140, #610 ) ;
#684 = CARTESIAN_POINT ( 'NONE',  ( 687.9397818561424174, 2349.841369849368675, 546.1922788179392683 ) ) ;
#685 = ORIENTED_EDGE ( 'NONE', *, *, #1474, .F. ) ;
#686 = CARTESIAN_POINT ( 'NONE',  ( 662.3394676830907883, 1109.317472976910949, 1956.524896612055272 ) ) ;
#687 = CARTESIAN_POINT ( 'NONE',  ( 85.13436834447166746, 345.0045101289700824, 389.1135562766435214 ) ) ;
#688 = CARTESIAN_POINT ( 'NONE',  ( -49.99513173241579977, 704.3314094266579559, 536.9487199052409778 ) ) ;
#689 = CARTESIAN_POINT ( 'NONE',  ( -21.50000000000004263, 592.4587291584571176, 566.3726209420445912 ) ) ;
#690 = CARTESIAN_POINT ( 'NONE',  ( -21.50000000000004619, 702.2300497789381097, 544.3437692325335320 ) ) ;
#691 = CARTESIAN_POINT ( 'NONE',  ( 91.49999999999998579, 752.8309757101445712, 452.2668613311784611 ) ) ;
#692 = CARTESIAN_POINT ( 'NONE',  ( 91.49999999999997158, 699.4366961474166828, 545.4797552786296819 ) ) ;
#693 = EDGE_CURVE ( 'NONE', #2444, #1950, #1353, .T. ) ;
#694 = ORIENTED_EDGE ( 'NONE', *, *, #1965, .T. ) ;
#695 = DIRECTION ( 'NONE',  ( -2.576244773067061778E-09, 0.000000000000000000, 1.000000000000000000 ) ) ;
#696 = CARTESIAN_POINT ( 'NONE',  ( 638.6043461883962209, 2651.356638792244212, 1675.746582917017577 ) ) ;
#697 = VERTEX_POINT ( 'NONE', #2345 ) ;
#698 = CARTESIAN_POINT ( 'NONE',  ( -91.49999999999997158, 639.6744483263058783, 491.1046717042734144 ) ) ;
#699 = CARTESIAN_POINT ( 'NONE',  ( -518.4799763526226570, 2714.518690493907343, 1425.947135700902663 ) ) ;
#700 = LINE ( 'NONE', #1813, #3349 ) ;
#701 = CARTESIAN_POINT ( 'NONE',  ( -687.9397818561423037, 2349.841369849368675, 546.1922788179392683 ) ) ;
#702 = DIRECTION ( 'NONE',  ( -2.576364472736531678E-09, -0.009621952731540726889, 0.9999537079413387541 ) ) ;
#703 = CARTESIAN_POINT ( 'NONE',  ( 73.69274689986961846, 322.3846015237428446, 385.9107373590893530 ) ) ;
#704 = PLANE ( 'NONE',  #1304 ) ;
#705 = CARTESIAN_POINT ( 'NONE',  ( -730.0677362375253097, 2549.644670142232826, 277.2207179304287479 ) ) ;
#706 = AXIS2_PLACEMENT_3D ( 'NONE', #2312, #97, #2558 ) ;
#707 = CARTESIAN_POINT ( 'NONE',  ( -21.50000000000004619, 700.8058711156252230, 544.9229466681956637 ) ) ;
#708 = CARTESIAN_POINT ( 'NONE',  ( 63.23103406224739587, 710.5270522574021470, 526.1309211046956307 ) ) ;
#709 = CARTESIAN_POINT ( 'NONE',  ( 91.49999999999997158, 673.3677076846596492, 480.5142765497250252 ) ) ;
#710 = ORIENTED_EDGE ( 'NONE', *, *, #650, .F. ) ;
#711 = EDGE_CURVE ( 'NONE', #442, #3094, #2156, .T. ) ;
#712 = EDGE_CURVE ( 'NONE', #3459, #2809, #2382, .T. ) ;
#713 = DIRECTION ( 'NONE',  ( 0.000000000000000000, 0.000000000000000000, -1.000000000000000000 ) ) ;
#714 = ORIENTED_EDGE ( 'NONE', *, *, #2414, .T. ) ;
#715 = CARTESIAN_POINT ( 'NONE',  ( 21.50000000000004619, 293.6707475458815679, 382.2197592890754549 ) ) ;
#716 = DIRECTION ( 'NONE',  ( 2.457363036961587123E-09, 0.3095705754959675038, -0.9508764687313990827 ) ) ;
#717 = CARTESIAN_POINT ( 'NONE',  ( -664.4846735620333220, 1148.663142373006167, 1832.590906321058810 ) ) ;
#718 = CARTESIAN_POINT ( 'NONE',  ( -710.9397822635133934, 2155.069829016506901, 386.1922788771928481 ) ) ;
#719 = AXIS2_PLACEMENT_3D ( 'NONE', #1767, #2050, #3487 ) ;
#720 = CARTESIAN_POINT ( 'NONE',  ( 659.3166013233786771, 1088.863741523967519, 1948.150526179286999 ) ) ;
#721 = AXIS2_PLACEMENT_3D ( 'NONE', #882, #327, #1163 ) ;
#722 = CARTESIAN_POINT ( 'NONE',  ( -91.49999999999997158, 354.6747163772600970, 347.7890178777755636 ) ) ;
#723 = CARTESIAN_POINT ( 'NONE',  ( 667.9397825387324019, 2583.858380339116138, 283.4887442627421592 ) ) ;
#724 = CARTESIAN_POINT ( 'NONE',  ( -729.2182553657899007, 2552.303226204232942, 276.8568253962915833 ) ) ;
#725 = CARTESIAN_POINT ( 'NONE',  ( -21.50000000000004619, 699.6665281849685698, 545.3862886167275974 ) ) ;
#726 = CARTESIAN_POINT ( 'NONE',  ( 81.20152837151341885, 726.2320595841759996, 498.7094550739091119 ) ) ;
#727 = CARTESIAN_POINT ( 'NONE',  ( 91.50000000000002842, 700.5210353829552332, 545.0387821553252934 ) ) ;
#728 = VERTEX_POINT ( 'NONE', #684 ) ;
#729 = CARTESIAN_POINT ( 'NONE',  ( 91.49999999999997158, 602.3491574858395552, 425.5517364333655905 ) ) ;
#730 = ORIENTED_EDGE ( 'NONE', *, *, #827, .F. ) ;
#731 = CARTESIAN_POINT ( 'NONE',  ( 91.50000000000204636, 293.6250411309705441, 382.1313935454881516 ) ) ;
#732 = CARTESIAN_POINT ( 'NONE',  ( 517.9397781773599263, 2559.218196215025728, 1976.169846552631952 ) ) ;
#733 = FACE_OUTER_BOUND ( 'NONE', #960, .T. ) ;
#734 = EDGE_CURVE ( 'NONE', #1344, #2444, #1797, .T. ) ;
#735 = ORIENTED_EDGE ( 'NONE', *, *, #1726, .T. ) ;
#736 = B_SPLINE_CURVE_WITH_KNOTS ( 'NONE', 3,
 ( #3053, #242, #3250, #1664, #2995, #2779, #2123, #3269, #2163, #741, #1075, #779, #1053, #1290, #2406, #488, #3524, #1313, #2182, #1855, #2975, #222, #1332, #3304, #3547, #2446 ),
 .UNSPECIFIED., .F., .F.,
 ( 4, 2, 2, 2, 2, 2, 2, 2, 2, 2, 2, 2, 4 ),
 ( 0.000000000000000000, 0.01661249219667616100, 0.03322498439335232201, 0.04153123049169064190, 0.04568435354086006900, 0.04983747659002950303, 0.06644996878670718365, 0.08306246098338489203, 0.08721558403255459668, 0.09136870708172431521, 0.09967495318006421023, 0.1162874453767441391, 0.1328999375734240818 ),
 .UNSPECIFIED. ) ;
#737 = DIRECTION ( 'NONE',  ( 0.000000000000000000, 0.9747277688779600879, -0.2233960084204591190 ) ) ;
#738 = CARTESIAN_POINT ( 'NONE',  ( -91.49999999993193001, 303.9962647214812819, 400.7505809085666328 ) ) ;
#739 = CARTESIAN_POINT ( 'NONE',  ( 730.9397825514162150, 1961.131436270129598, 272.5732554083079435 ) ) ;
#740 = CARTESIAN_POINT ( 'NONE',  ( -21.50000000000003908, 319.5421874466913437, 424.2124184590363143 ) ) ;
#741 = CARTESIAN_POINT ( 'NONE',  ( -655.5482293989948630, 1068.180372576605578, 1934.691070031369236 ) ) ;
#742 = CARTESIAN_POINT ( 'NONE',  ( -91.49999999986465582, 602.9870659546144225, 566.2868826450679762 ) ) ;
#743 = CARTESIAN_POINT ( 'NONE',  ( 67.80712803990574855, 713.5472415095065344, 520.8575700479311763 ) ) ;
#744 = CARTESIAN_POINT ( 'NONE',  ( 21.50000000000004619, 701.6603783135607273, 544.5754402068197351 ) ) ;
#745 = EDGE_LOOP ( 'NONE', ( #3107, #889, #2082, #136, #1602, #2199 ) ) ;
#746 = CARTESIAN_POINT ( 'NONE',  ( 641.5259579136250068, 2647.200595333549245, 1683.499465767355105 ) ) ;
#747 = ORIENTED_EDGE ( 'NONE', *, *, #39, .T. ) ;
#748 = CARTESIAN_POINT ( 'NONE',  ( 91.49999999999997158, 392.7251358904015888, 403.5242896961775045 ) ) ;
#749 = CARTESIAN_POINT ( 'NONE',  ( -21.50000000000004619, 699.4481171915190316, 545.4751108427341251 ) ) ;
#750 = ORIENTED_EDGE ( 'NONE', *, *, #2302, .F. ) ;
#751 = LINE ( 'NONE', #1600, #262 ) ;
#752 = ORIENTED_EDGE ( 'NONE', *, *, #2135, .F. ) ;
#753 = CARTESIAN_POINT ( 'NONE',  ( 236.9074688663298218, 545.2460821994964135, 915.4216461933291384 ) ) ;
#754 =( BOUNDED_CURVE ( )  B_SPLINE_CURVE ( 3, ( #2883, #2388, #1256, #2900 ),
 .UNSPECIFIED., .F., .F. ) 
 B_SPLINE_CURVE_WITH_KNOTS ( ( 4, 4 ),
 ( 3.661716853166911090, 4.492331385808482125 ),
 .UNSPECIFIED. ) 
 CURVE ( )  GEOMETRIC_REPRESENTATION_ITEM ( )  RATIONAL_B_SPLINE_CURVE ( ( 1.000000000000000000, 0.9433282604072280586, 0.9433282604072280586, 1.000000000000000000 ) ) 
 REPRESENTATION_ITEM ( '' )  );
#755 = EDGE_CURVE ( 'NONE', #1065, #1086, #883, .T. ) ;
#756 = CARTESIAN_POINT ( 'NONE',  ( -91.49999999999997158, 408.1464670182260761, 419.2021310646214829 ) ) ;
#757 = LINE ( 'NONE', #3602, #2297 ) ;
#758 = CARTESIAN_POINT ( 'NONE',  ( -21.50000000000004619, 331.6923145291586366, 439.8430456749829318 ) ) ;
#759 = VERTEX_POINT ( 'NONE', #1267 ) ;
#760 = CARTESIAN_POINT ( 'NONE',  ( 730.9397820295215524, 2309.624602796903673, 478.5061490722856661 ) ) ;
#761 = CIRCLE ( 'NONE', #1518, 19.99999999999994316 ) ;
#762 = CARTESIAN_POINT ( 'NONE',  ( -91.49999999999997158, 669.8304735840658850, 555.6316623113904143 ) ) ;
#763 = CARTESIAN_POINT ( 'NONE',  ( 619.6268115532996035, 948.4965762551769330, 261.0731482540015236 ) ) ;
#764 = CARTESIAN_POINT ( 'NONE',  ( 467.8168404833936620, 650.0183081163934276, 1258.200209234997601 ) ) ;
#765 = CARTESIAN_POINT ( 'NONE',  ( 91.50000000000002842, 700.0937817839594572, 545.2125353860329824 ) ) ;
#766 = EDGE_LOOP ( 'NONE', ( #520, #3430, #3398, #1750, #2038 ) ) ;
#767 = CARTESIAN_POINT ( 'NONE',  ( -667.6198354132363875, 2585.366986637395257, 276.3427608685289556 ) ) ;
#768 = EDGE_LOOP ( 'NONE', ( #655, #318, #1809, #3217 ) ) ;
#769 = CARTESIAN_POINT ( 'NONE',  ( 21.50000000000004619, 293.6250411309683841, 382.1313935454871853 ) ) ;
#770 = CARTESIAN_POINT ( 'NONE',  ( -687.9397821139064035, 2005.427457534458426, 442.8240778098292481 ) ) ;
#771 = PLANE ( 'NONE',  #3413 ) ;
#772 = ORIENTED_EDGE ( 'NONE', *, *, #1121, .F. ) ;
#773 = DIRECTION ( 'NONE',  ( 0.000000000000000000, -1.000000000000000000, -5.628313712527149846E-09 ) ) ;
#774 = CARTESIAN_POINT ( 'NONE',  ( -91.49999999996573763, 294.7259271834259380, 384.2494971438739526 ) ) ;
#775 = CARTESIAN_POINT ( 'NONE',  ( 667.9397781773599263, 1052.807084684558276, 52.89755397201469833 ) ) ;
#776 = AXIS2_PLACEMENT_3D ( 'NONE', #2019, #333, #871 ) ;
#777 = DIRECTION ( 'NONE',  ( 1.000000000000000000, -2.478974872911206864E-11, 2.576245215136136512E-09 ) ) ;
#778 = PRODUCT_DEFINITION ( 'UNKNOWN', '', #3219, #3428 ) ;
#779 = CARTESIAN_POINT ( 'NONE',  ( -656.8343367602793705, 1074.775933642889868, 1939.694216926418449 ) ) ;
#780 = AXIS2_PLACEMENT_3D ( 'NONE', #25, #1696, #1999 ) ;
#781 = VECTOR ( 'NONE', #3166, 1000.000000000000000 ) ;
#782 = CARTESIAN_POINT ( 'NONE',  ( -91.49999999996589395, 668.2470156919997635, 556.0718467942400594 ) ) ;
#783 = CARTESIAN_POINT ( 'NONE',  ( -726.5751878267421944, 1948.199279786899751, 270.5367597106196058 ) ) ;
#784 = CARTESIAN_POINT ( 'NONE',  ( -72.05744558342001937, 320.1482265838301942, 385.5940825003407895 ) ) ;
#785 = ORIENTED_EDGE ( 'NONE', *, *, #2902, .F. ) ;
#786 = ADVANCED_FACE ( 'NONE', ( #2860 ), #2294, .F. ) ;
#787 = CARTESIAN_POINT ( 'NONE',  ( 91.50000000000002842, 618.7831240877997061, 494.7952794571584718 ) ) ;
#788 = CARTESIAN_POINT ( 'NONE',  ( -670.5841992956396780, 2575.444396334607973, 276.2472783058753407 ) ) ;
#789 = CARTESIAN_POINT ( 'NONE',  ( 21.50000000000004619, 299.2695326808446907, 392.5904629332781042 ) ) ;
#790 = DIRECTION ( 'NONE',  ( 0.000000000000000000, -0.1401945453882531833, 0.9901239768046126155 ) ) ;
#791 = CARTESIAN_POINT ( 'NONE',  ( -664.4849235620333729, 2714.529555206906934, 1424.912793298507040 ) ) ;
#792 = VERTEX_POINT ( 'NONE', #2875 ) ;
#793 = CARTESIAN_POINT ( 'NONE',  ( 405.5157932534210090, 603.5510742830471145, 712.9145427291813348 ) ) ;
#794 = CARTESIAN_POINT ( 'NONE',  ( -91.49999999986482635, 317.5370356377075609, 421.5914358983915236 ) ) ;
#795 = CARTESIAN_POINT ( 'NONE',  ( -27.63626853782509940, 699.6126662045282956, 545.1878027837984746 ) ) ;
#796 = CARTESIAN_POINT ( 'NONE',  ( -21.50000000000004619, 293.4619564039324473, 381.8154955722138766 ) ) ;
#797 = CARTESIAN_POINT ( 'NONE',  ( -91.49999999999997158, 671.8721602605928638, 481.1220116250161709 ) ) ;
#798 = CARTESIAN_POINT ( 'NONE',  ( 6541.793986424126160, 2461.764837649877336, 368.0374561218270060 ) ) ;
#799 = LINE ( 'NONE', #2202, #2114 ) ;
#800 = ORIENTED_EDGE ( 'NONE', *, *, #302, .F. ) ;
#801 = CARTESIAN_POINT ( 'NONE',  ( 91.49999999999995737, 456.0293328686386189, 456.1761536056833961 ) ) ;
#802 = EDGE_CURVE ( 'NONE', #1086, #1152, #3376, .T. ) ;
#803 = CARTESIAN_POINT ( 'NONE',  ( -680.4289988207405031, 2566.726392744139048, 276.1633901786964884 ) ) ;
#804 = CARTESIAN_POINT ( 'NONE',  ( 91.50000000003407763, 474.4306047692867878, 543.2223700257256951 ) ) ;
#805 = CARTESIAN_POINT ( 'NONE',  ( 21.50000000000004619, 293.4619564039324473, 381.8154955722138766 ) ) ;
#806 = ORIENTED_EDGE ( 'NONE', *, *, #2302, .T. ) ;
#807 = PLANE ( 'NONE',  #264 ) ;
#808 = ORIENTED_EDGE ( 'NONE', *, *, #1208, .T. ) ;
#809 = CARTESIAN_POINT ( 'NONE',  ( -597.0009737522801743, 2690.525031929914348, 1580.473480826363129 ) ) ;
#810 = CARTESIAN_POINT ( 'NONE',  ( -91.49999999979590370, 348.8501584276442031, 459.2010992581093092 ) ) ;
#811 = DIRECTION ( 'NONE',  ( 0.000000000000000000, 0.9302303950847772285, 0.3669760374471597308 ) ) ;
#812 = DIRECTION ( 'NONE',  ( 1.000000000000000000, 2.478974872911206864E-11, -2.576245215136136512E-09 ) ) ;
#813 = VERTEX_POINT ( 'NONE', #109 ) ;
#814 = CARTESIAN_POINT ( 'NONE',  ( -21.50000000000004619, 696.3156641273245668, 546.7322360888821322 ) ) ;
#815 = CARTESIAN_POINT ( 'NONE',  ( 608.9670184623917066, 923.9695078644945170, 264.8206470506059986 ) ) ;
#816 = CARTESIAN_POINT ( 'NONE',  ( 710.9397818561425311, 2349.841369848798422, 546.1922788771928481 ) ) ;
#817 = AXIS2_PLACEMENT_3D ( 'NONE', #1072, #3603, #486 ) ;
#818 = FACE_OUTER_BOUND ( 'NONE', #3512, .T. ) ;
#819 = ORIENTED_EDGE ( 'NONE', *, *, #1745, .T. ) ;
#820 = CARTESIAN_POINT ( 'NONE',  ( 91.49999999999997158, 502.4165199346077770, 478.9983125500648953 ) ) ;
#821 = EDGE_CURVE ( 'NONE', #1012, #3081, #1178, .T. ) ;
#822 = EDGE_CURVE ( 'NONE', #728, #2896, #2256, .T. ) ;
#823 = DIRECTION ( 'NONE',  ( 1.000000000000000000, 2.478974597180477130E-11, -2.576245206666796348E-09 ) ) ;
#824 = ORIENTED_EDGE ( 'NONE', *, *, #1411, .T. ) ;
#825 = DIRECTION ( 'NONE',  ( 2.576244773067061364E-09, 0.000000000000000000, 1.000000000000000000 ) ) ;
#826 = EDGE_LOOP ( 'NONE', ( #2784, #2251, #120, #1656, #3260 ) ) ;
#827 = EDGE_CURVE ( 'NONE', #2581, #1916, #661, .T. ) ;
#828 = CARTESIAN_POINT ( 'NONE',  ( -219.2929708228644188, 544.4344196440835049, 936.2679879839278101 ) ) ;
#829 = CARTESIAN_POINT ( 'NONE',  ( -91.50000000000001421, 366.5844021498415373, 476.1184352029663387 ) ) ;
#830 = ORIENTED_EDGE ( 'NONE', *, *, #668, .F. ) ;
#831 = CARTESIAN_POINT ( 'NONE',  ( 710.9397821392113883, 2480.073625160667234, 437.5689241197954402 ) ) ;
#832 = DIRECTION ( 'NONE',  ( -2.478974872911206864E-11, 1.000000000000000000, -2.959845214933778542E-25 ) ) ;
#833 = CIRCLE ( 'NONE', #1300, 19.99999999999990763 ) ;
#834 = CARTESIAN_POINT ( 'NONE',  ( -54.56874634936227153, 303.5433406564745837, 383.2429482097419395 ) ) ;
#835 = AXIS2_PLACEMENT_3D ( 'NONE', #159, #1266, #1212 ) ;
#836 = VECTOR ( 'NONE', #2417, 1000.000000000000000 ) ;
#837 = CARTESIAN_POINT ( 'NONE',  ( 91.49999999999998579, 390.9651962058466665, 401.4815622967070112 ) ) ;
#838 = VECTOR ( 'NONE', #1099, 1000.000000000000000 ) ;
#839 = CARTESIAN_POINT ( 'NONE',  ( 710.9397825571794556, 1940.073114813234724, 270.1334864073942299 ) ) ;
#840 = CARTESIAN_POINT ( 'NONE',  ( 21.50000000000004619, 464.4643060972630337, 539.0971601019302852 ) ) ;
#841 = CARTESIAN_POINT ( 'NONE',  ( 21.50000000000004619, 397.1143459648727685, 500.9924133590885162 ) ) ;
#842 = ORIENTED_EDGE ( 'NONE', *, *, #1709, .T. ) ;
#843 = CARTESIAN_POINT ( 'NONE',  ( -91.49999999999997158, 415.2103792364924857, 425.7097903982196385 ) ) ;
#844 = PRODUCT_RELATED_PRODUCT_CATEGORY ( 'part', '', ( #2376 ) ) ;
#845 = EDGE_LOOP ( 'NONE', ( #26, #1995, #2420, #1679 ) ) ;
#846 = CARTESIAN_POINT ( 'NONE',  ( -667.5246194889459730, 2573.729674613437055, 1787.264740218574161 ) ) ;
#847 = CARTESIAN_POINT ( 'NONE',  ( -91.50000000000002842, 503.4506573004031225, 553.4210381533276859 ) ) ;
#848 = CARTESIAN_POINT ( 'NONE',  ( 728.3442554024034052, 1951.174288883887812, 270.8572677109330584 ) ) ;
#849 = ADVANCED_FACE ( 'NONE', ( #2326 ), #3278, .T. ) ;
#850 = VERTEX_POINT ( 'NONE', #2848 ) ;
#851 = CARTESIAN_POINT ( 'NONE',  ( -21.50000000000004619, 699.4481171915189179, 545.4751108427341251 ) ) ;
#852 = CARTESIAN_POINT ( 'NONE',  ( -710.9397825571794556, 1940.073114813234724, 270.1334864073942299 ) ) ;
#853 = CARTESIAN_POINT ( 'NONE',  ( -89.07196220206114390, 359.0349806422523784, 391.1001715705594393 ) ) ;
#854 = CARTESIAN_POINT ( 'NONE',  ( 668.9469124282680923, 2579.012751135348935, 276.2816178878677533 ) ) ;
#855 = ORIENTED_EDGE ( 'NONE', *, *, #298, .T. ) ;
#856 = CARTESIAN_POINT ( 'NONE',  ( -687.9397825571795693, 1940.073114813804750, 270.1334863481405364 ) ) ;
#857 = CARTESIAN_POINT ( 'NONE',  ( 91.49999999999995737, 652.1164946237186086, 487.9003233315152102 ) ) ;
#858 = CARTESIAN_POINT ( 'NONE',  ( -687.7344870048553958, 2565.253772436931285, 276.1492235647950793 ) ) ;
#859 = CARTESIAN_POINT ( 'NONE',  ( 91.49999999999997158, 424.6955322679337996, 433.8384078268419444 ) ) ;
#860 = DIRECTION ( 'NONE',  ( -1.000000000000000000, -0.000000000000000000, 0.000000000000000000 ) ) ;
#861 = ORIENTED_EDGE ( 'NONE', *, *, #275, .T. ) ;
#862 = CARTESIAN_POINT ( 'NONE',  ( -91.49999999999994316, 405.7792915788686514, 416.9489122736330273 ) ) ;
#863 = VERTEX_POINT ( 'NONE', #2044 ) ;
#864 = CARTESIAN_POINT ( 'NONE',  ( -258.8667870357075458, 547.6844621018832413, 889.4046065232056435 ) ) ;
#865 = CARTESIAN_POINT ( 'NONE',  ( -91.49999999999997158, 513.8859361648889035, 483.2895985525314018 ) ) ;
#866 = CARTESIAN_POINT ( 'NONE',  ( 720.6598948560086910, 1942.788668245842473, 270.1963349156393406 ) ) ;
#867 = SURFACE_SIDE_STYLE ('',( #2587 ) ) ;
#868 = EDGE_LOOP ( 'NONE', ( #1060, #1147, #1107, #3477, #3443, #2622, #2496, #3147, #246, #2162, #457, #154 ) ) ;
#869 = EDGE_CURVE ( 'NONE', #697, #197, #2017, .T. ) ;
#870 = EDGE_CURVE ( 'NONE', #1729, #332, #1161, .T. ) ;
#871 = DIRECTION ( 'NONE',  ( -2.576244773067060950E-09, 0.000000000000000000, -1.000000000000000000 ) ) ;
#872 = CARTESIAN_POINT ( 'NONE',  ( -301.6310114153068866, 556.2819910321935595, 1054.815996345101212 ) ) ;
#873 = CYLINDRICAL_SURFACE ( 'NONE', #3066, 19.99999999999990763 ) ;
#874 = CARTESIAN_POINT ( 'NONE',  ( 675.6482964287159803, 2569.529276755542469, 276.1903641385957258 ) ) ;
#875 = AXIS2_PLACEMENT_3D ( 'NONE', #3611, #1061, #2745 ) ;
#876 = CARTESIAN_POINT ( 'NONE',  ( 716.4560901243768285, 2564.435443033135925, 276.1444259991963008 ) ) ;
#877 = DIRECTION ( 'NONE',  ( -1.000000000000000000, 0.000000000000000000, -2.576245215136136926E-09 ) ) ;
#878 = CARTESIAN_POINT ( 'NONE',  ( 91.49999999999997158, 460.5319147774545741, 458.9276226954540903 ) ) ;
#879 = VECTOR ( 'NONE', #982, 1000.000000000000000 ) ;
#880 = DIRECTION ( 'NONE',  ( 1.000000000000000000, -0.000000000000000000, -0.000000000000000000 ) ) ;
#881 = ORIENTED_EDGE ( 'NONE', *, *, #231, .F. ) ;
#882 = CARTESIAN_POINT ( 'NONE',  ( -6541.793986547960230, 2309.624602652854264, 318.5061640424713687 ) ) ;
#883 = CIRCLE ( 'NONE', #3399, 159.9999999999998579 ) ;
#884 = VERTEX_POINT ( 'NONE', #3153 ) ;
#885 = CARTESIAN_POINT ( 'NONE',  ( -215.9873871013751341, 544.3719613003376026, 940.1793569884308681 ) ) ;
#886 = CARTESIAN_POINT ( 'NONE',  ( -91.49999999999997158, 424.6955322679337996, 433.8384078268419444 ) ) ;
#887 = CARTESIAN_POINT ( 'NONE',  ( -467.8168404833938325, 650.0183081163934276, 1258.200209234997601 ) ) ;
#888 = CARTESIAN_POINT ( 'NONE',  ( -413.3572641700274062, 609.1291643806541742, 703.1750115754812214 ) ) ;
#889 = ORIENTED_EDGE ( 'NONE', *, *, #1585, .T. ) ;
#890 = CARTESIAN_POINT ( 'NONE',  ( 21.50000000000004619, 293.4619564039324473, 381.8154955722138766 ) ) ;
#891 = CARTESIAN_POINT ( 'NONE',  ( -211.0506557653054642, 544.3303201145995445, 947.3775554607994991 ) ) ;
#892 = CARTESIAN_POINT ( 'NONE',  ( 6541.793986483177832, 2469.203930145516551, 345.1875518908240679 ) ) ;
#893 = MANIFOLD_SOLID_BREP ( 'Fillet6', #3114 ) ;
#894 = CARTESIAN_POINT ( 'NONE',  ( 32.07274747375391399, 700.0823417259317694, 544.3677336754120688 ) ) ;
#895 = CARTESIAN_POINT ( 'NONE',  ( 91.49999999999997158, 667.2861691307555247, 482.9035332104561462 ) ) ;
#896 = CIRCLE ( 'NONE', #1367, 99.99999999999997158 ) ;
#897 = EDGE_CURVE ( 'NONE', #1318, #2862, #1448, .T. ) ;
#898 = VECTOR ( 'NONE', #3141, 1000.000000000000000 ) ;
#899 = AXIS2_PLACEMENT_3D ( 'NONE', #2193, #2567, #3100 ) ;
#900 =( BOUNDED_CURVE ( )  B_SPLINE_CURVE ( 3, ( #1211, #3432, #975, #357 ),
 .UNSPECIFIED., .F., .F. ) 
 B_SPLINE_CURVE_WITH_KNOTS ( ( 4, 4 ),
 ( 4.712389057037490225, 6.283185321377118271 ),
 .UNSPECIFIED. ) 
 CURVE ( )  GEOMETRIC_REPRESENTATION_ITEM ( )  RATIONAL_B_SPLINE_CURVE ( ( 1.000000000000000000, 0.8047378688452127005, 0.8047378688452127005, 1.000000000000000000 ) ) 
 REPRESENTATION_ITEM ( '' )  );
#901 = CARTESIAN_POINT ( 'NONE',  ( 667.6198354132363875, 2585.366986637395257, 276.3427608685289556 ) ) ;
#902 = ORIENTED_EDGE ( 'NONE', *, *, #3154, .F. ) ;
#903 = LINE ( 'NONE', #388, #96 ) ;
#904 = CARTESIAN_POINT ( 'NONE',  ( 687.9397821139061762, 2005.427457473034565, 442.8240776475256553 ) ) ;
#905 = CARTESIAN_POINT ( 'NONE',  ( -21.50000000000004619, 370.0130119107225255, 479.1812442460264947 ) ) ;
#906 = CARTESIAN_POINT ( 'NONE',  ( 714.4645696363353409, 1940.395898630784814, 270.1369883770968272 ) ) ;
#907 = DIRECTION ( 'NONE',  ( -2.576245215136136512E-09, 6.242562360890620134E-27, -1.000000000000000000 ) ) ;
#908 = VERTEX_POINT ( 'NONE', #3405 ) ;
#909 = CARTESIAN_POINT ( 'NONE',  ( -517.9397825571791145, 2725.568572049845898, 277.6918359620876231 ) ) ;
#910 = CARTESIAN_POINT ( 'NONE',  ( -716.5145411378720155, 1940.870229606264274, 270.1438341153340730 ) ) ;
#911 = CARTESIAN_POINT ( 'NONE',  ( 685.1064100828216397, 2565.427614314423863, 276.1508963337881823 ) ) ;
#912 = DIRECTION ( 'NONE',  ( 0.000000000000000000, 0.9999537079413386431, 0.009621952731540721684 ) ) ;
#913 = CARTESIAN_POINT ( 'NONE',  ( 91.50000000013538681, 602.9870659546144225, 566.2868826445267132 ) ) ;
#914 = EDGE_CURVE ( 'NONE', #1283, #340, #621, .T. ) ;
#915 = EDGE_CURVE ( 'NONE', #1182, #2752, #2006, .T. ) ;
#916 = DIRECTION ( 'NONE',  ( 2.576244773067061778E-09, -4.440892098500629317E-15, -1.000000000000000000 ) ) ;
#917 = VERTEX_POINT ( 'NONE', #3364 ) ;
#918 = PLANE ( 'NONE',  #2239 ) ;
#919 = FACE_OUTER_BOUND ( 'NONE', #2181, .T. ) ;
#920 = CARTESIAN_POINT ( 'NONE',  ( -91.49999999993171684, 558.4444854109229937, 564.3214530132628397 ) ) ;
#921 = DIRECTION ( 'NONE',  ( 2.576364347757028347E-09, 0.009621952731540726889, -0.9999537079413387541 ) ) ;
#922 = DIRECTION ( 'NONE',  ( -1.000000000000000000, -2.478974872911206864E-11, 2.576245215136136512E-09 ) ) ;
#923 = VERTEX_POINT ( 'NONE', #856 ) ;
#924 = CARTESIAN_POINT ( 'NONE',  ( 662.6838777342178446, 1111.963753620980469, 1957.333723762546470 ) ) ;
#925 = LINE ( 'NONE', #147, #2693 ) ;
#926 = CARTESIAN_POINT ( 'NONE',  ( -86.65487532808906224, 735.0120658172926369, 483.3792716704896293 ) ) ;
#927 = CARTESIAN_POINT ( 'NONE',  ( -21.50000000000004619, 700.5210353829571659, 545.0387821553300682 ) ) ;
#928 = FACE_OUTER_BOUND ( 'NONE', #1673, .T. ) ;
#929 = CARTESIAN_POINT ( 'NONE',  ( 21.50000000000004619, 641.2469153188380915, 562.3671507184122902 ) ) ;
#930 = CARTESIAN_POINT ( 'NONE',  ( 21.50000000000004974, 572.5171573006193739, 565.5967915326623370 ) ) ;
#931 = VERTEX_POINT ( 'NONE', #1974 ) ;
#932 = CARTESIAN_POINT ( 'NONE',  ( 91.49999999999137401, 293.3055520831310901, 381.5121456109382621 ) ) ;
#933 = EDGE_CURVE ( 'NONE', #618, #2654, #1556, .T. ) ;
#934 = EDGE_CURVE ( 'NONE', #442, #1618, #595, .T. ) ;
#935 = AXIS2_PLACEMENT_3D ( 'NONE', #1385, #812, #2778 ) ;
#936 = CYLINDRICAL_SURFACE ( 'NONE', #1720, 650.0000000000003411 ) ;
#937 = CARTESIAN_POINT ( 'NONE',  ( -666.2319484355612076, 1147.412288517905836, 1962.584888353433143 ) ) ;
#938 = B_SPLINE_CURVE_WITH_KNOTS ( 'NONE', 3,
 ( #3312, #611, #1939, #2841 ),
 .UNSPECIFIED., .F., .F.,
 ( 4, 4 ),
 ( 0.000000000000000000, 0.001741886356149590937 ),
 .UNSPECIFIED. ) ;
#939 = ADVANCED_FACE ( 'NONE', ( #1301 ), #478, .T. ) ;
#940 = ORIENTED_EDGE ( 'NONE', *, *, #2751, .T. ) ;
#941 = TOROIDAL_SURFACE ( 'NONE', #2342, 140.0000000000000853, 19.99999999999991473 ) ;
#942 = CARTESIAN_POINT ( 'NONE',  ( 651.7344964756340460, 1050.220834672690899, 1917.674387303130743 ) ) ;
#943 = CARTESIAN_POINT ( 'NONE',  ( 72.09766688654958955, 320.2154652001233899, 385.6036030123823366 ) ) ;
#944 = DIRECTION ( 'NONE',  ( 2.405598848069275345E-09, 0.3669760374471597308, -0.9302303950847772285 ) ) ;
#945 = CARTESIAN_POINT ( 'NONE',  ( 409.2876984579077089, 487.7308130027034849, 915.1405776678171833 ) ) ;
#946 = FACE_OUTER_BOUND ( 'NONE', #405, .T. ) ;
#947 = LINE ( 'NONE', #3115, #1990 ) ;
#948 = CARTESIAN_POINT ( 'NONE',  ( 91.49999999999997158, 639.0041054605036379, 491.4447944939876152 ) ) ;
#949 = ORIENTED_EDGE ( 'NONE', *, *, #2610, .F. ) ;
#950 = CARTESIAN_POINT ( 'NONE',  ( 528.7226831967408316, 748.6599961656696678, 459.5495305788986684 ) ) ;
#951 = EDGE_LOOP ( 'NONE', ( #1543, #637, #2451, #2906, #685, #2523 ) ) ;
#952 = DIRECTION ( 'NONE',  ( 0.000000000000000000, 0.000000000000000000, -1.000000000000000000 ) ) ;
#953 = VECTOR ( 'NONE', #1132, 1000.000000000000000 ) ;
#954 = TOROIDAL_SURFACE ( 'NONE', #371, 139.9999999999999716, 19.99999999999991473 ) ;
#955 = VECTOR ( 'NONE', #3062, 1000.000000000000000 ) ;
#956 = CARTESIAN_POINT ( 'NONE',  ( 730.9397825506367781, 2542.836904805452832, 278.4732218268513861 ) ) ;
#957 = DIRECTION ( 'NONE',  ( 1.000000000000000000, -2.478974872911206864E-11, 2.576245215136136512E-09 ) ) ;
#958 = DIRECTION ( 'NONE',  ( -2.576245466956450514E-09, 0.000000000000000000, -1.000000000000000000 ) ) ;
#959 = B_SPLINE_CURVE_WITH_KNOTS ( 'NONE', 3,
 ( #2560, #565, #2002, #3341 ),
 .UNSPECIFIED., .F., .F.,
 ( 4, 4 ),
 ( 0.000000000000000000, 0.001741886356149590937 ),
 .UNSPECIFIED. ) ;
#960 = EDGE_LOOP ( 'NONE', ( #559, #3546, #855, #1331, #1067, #1028, #292, #631, #487, #1042, #192, #949 ) ) ;
#961 = ADVANCED_FACE ( 'NONE', ( #818 ), #1355, .T. ) ;
#962 = CARTESIAN_POINT ( 'NONE',  ( 210.4772484759675990, 544.3303201145993171, 946.6990908007551297 ) ) ;
#963 = EDGE_CURVE ( 'NONE', #197, #479, #1697, .T. ) ;
#964 = CARTESIAN_POINT ( 'NONE',  ( -91.49999999999997158, 355.3813287552046063, 349.1595096671697434 ) ) ;
#965 = DIRECTION ( 'NONE',  ( 9.350437346817520828E-10, 0.9352648221502647408, -0.3539487426849171614 ) ) ;
#966 = CARTESIAN_POINT ( 'NONE',  ( 624.5814930678891415, 961.0780988147085964, 260.7210764583977607 ) ) ;
#967 = CARTESIAN_POINT ( 'NONE',  ( -91.50000000000210321, 699.7377371181363515, 545.3573297449364645 ) ) ;
#968 = CARTESIAN_POINT ( 'NONE',  ( -713.7409508185909317, 2565.095072037352111, 276.1473399613902302 ) ) ;
#969 = CARTESIAN_POINT ( 'NONE',  ( 91.49999999973054798, 615.7471687655364576, 565.5593848712775298 ) ) ;
#970 = VERTEX_POINT ( 'NONE', #1139 ) ;
#971 = DIRECTION ( 'NONE',  ( -1.000000000000000000, 2.478974872911206218E-11, -2.576245215136136512E-09 ) ) ;
#972 = ORIENTED_EDGE ( 'NONE', *, *, #2108, .T. ) ;
#973 = CARTESIAN_POINT ( 'NONE',  ( 91.49999999999997158, 355.6728063611056996, 349.7248375302863792 ) ) ;
#974 = CARTESIAN_POINT ( 'NONE',  ( 726.0829975552151154, 2557.733584540448192, 276.3584255399240419 ) ) ;
#975 = CARTESIAN_POINT ( 'NONE',  ( -676.2240543848085963, 1940.073113490551805, 270.1334828206619818 ) ) ;
#976 = DIRECTION ( 'NONE',  ( 1.000000000000000000, 2.478974872911207188E-11, -2.576245215136136926E-09 ) ) ;
#977 = CARTESIAN_POINT ( 'NONE',  ( -710.9397821326072062, 2024.132753915469493, 435.7451028530809367 ) ) ;
#978 = DIRECTION ( 'NONE',  ( -1.000000000000000000, 0.000000000000000000, 0.000000000000000000 ) ) ;
#979 = CARTESIAN_POINT ( 'NONE',  ( -421.1742828048910496, 614.8544540277467831, 1199.957847353583247 ) ) ;
#980 = DIRECTION ( 'NONE',  ( 1.000000000000000000, -2.478974872911206864E-11, 2.576245215136136512E-09 ) ) ;
#981 = EDGE_CURVE ( 'NONE', #2614, #3411, #2374, .T. ) ;
#982 = DIRECTION ( 'NONE',  ( 2.400697222555624769E-09, -0.3539487426849171614, -0.9352648221502647408 ) ) ;
#983 = EDGE_CURVE ( 'NONE', #1065, #2259, #1392, .T. ) ;
#984 = CARTESIAN_POINT ( 'NONE',  ( -21.50000000000004619, 766.6029253597004072, 518.1649491410164501 ) ) ;
#985 = CARTESIAN_POINT ( 'NONE',  ( -718.4391847584070092, 2563.700142640490412, 276.1458867971765585 ) ) ;
#986 = CARTESIAN_POINT ( 'NONE',  ( 91.49999999999997158, 673.0873225103237019, 480.6283021073725195 ) ) ;
#987 = VERTEX_POINT ( 'NONE', #1410 ) ;
#988 = DIRECTION ( 'NONE',  ( 2.478017790963347460E-11, -1.000000000000000000, -6.383980381536535774E-20 ) ) ;
#989 = ORIENTED_EDGE ( 'NONE', *, *, #3242, .T. ) ;
#990 = CARTESIAN_POINT ( 'NONE',  ( 91.49999999999997158, 409.9306986268599076, 420.8890021387733782 ) ) ;
#991 = CARTESIAN_POINT ( 'NONE',  ( 726.5049859745209915, 2557.175462865727241, 276.3964061303123572 ) ) ;
#992 = CARTESIAN_POINT ( 'NONE',  ( -667.9397781773600400, 1178.786959489111496, 1962.886787930038736 ) ) ;
#993 = DIRECTION ( 'NONE',  ( 2.478974872911206864E-11, 1.000000000000000000, -2.959845215054149623E-25 ) ) ;
#994 = ORIENTED_EDGE ( 'NONE', *, *, #3148, .T. ) ;
#995 = CARTESIAN_POINT ( 'NONE',  ( 661.6187657510772624, 1104.061811527969894, 1954.708269995902583 ) ) ;
#996 = CARTESIAN_POINT ( 'NONE',  ( 80.61902592969188674, 333.8009391084345907, 387.5272099374527102 ) ) ;
#997 = DIRECTION ( 'NONE',  ( 1.000000000000000000, 2.478974597180477130E-11, -2.576245206666796348E-09 ) ) ;
#998 = DIRECTION ( 'NONE',  ( 2.497879747545712920E-09, 0.2356109697919629986, 0.9718474524912285029 ) ) ;
#999 = CARTESIAN_POINT ( 'NONE',  ( -91.49999999999570832, 699.9513639176342394, 545.2704531296081996 ) ) ;
#1000 = CARTESIAN_POINT ( 'NONE',  ( 528.7226831967408316, 748.6599961656696678, 1421.581756589740735 ) ) ;
#1001 = CARTESIAN_POINT ( 'NONE',  ( 91.49999999999997158, 699.4070309806016894, 545.4918170399611199 ) ) ;
#1002 = ORIENTED_EDGE ( 'NONE', *, *, #425, .T. ) ;
#1003 = CARTESIAN_POINT ( 'NONE',  ( 654.3582158219965095, 2624.052403836850772, 1721.890981981941422 ) ) ;
#1004 = EDGE_CURVE ( 'NONE', #2149, #1318, #51, .T. ) ;
#1005 = VERTEX_POINT ( 'NONE', #2330 ) ;
#1006 = CARTESIAN_POINT ( 'NONE',  ( 91.49999999999997158, 293.4645398681601591, 381.8205062635391869 ) ) ;
#1007 = CARTESIAN_POINT ( 'NONE',  ( 721.5136308425466041, 2562.056004764152476, 276.1657902130127127 ) ) ;
#1008 = FACE_OUTER_BOUND ( 'NONE', #1452, .T. ) ;
#1009 = AXIS2_PLACEMENT_3D ( 'NONE', #2177, #2195, #1623 ) ;
#1010 = DIRECTION ( 'NONE',  ( 2.576245215136136512E-09, 0.000000000000000000, 1.000000000000000000 ) ) ;
#1011 = VECTOR ( 'NONE', #993, 1000.000000000000000 ) ;
#1012 = VERTEX_POINT ( 'NONE', #56 ) ;
#1013 = LINE ( 'NONE', #2538, #1192 ) ;
#1014 = CARTESIAN_POINT ( 'NONE',  ( -91.50000000006828316, 297.7283128894447941, 389.8366035143760655 ) ) ;
#1015 = CARTESIAN_POINT ( 'NONE',  ( 528.7226831967408316, 748.6599961656696678, 459.5495305788986684 ) ) ;
#1016 = CARTESIAN_POINT ( 'NONE',  ( -21.50000000000004263, 503.8624988888797702, 553.4543160070069234 ) ) ;
#1017 = DIRECTION ( 'NONE',  ( 2.405594521800884314E-09, -0.3669760374471597864, 0.9302303950847773395 ) ) ;
#1018 = CARTESIAN_POINT ( 'NONE',  ( -91.49999999999997158, 585.8439599744547195, 496.1682009442098433 ) ) ;
#1019 = CARTESIAN_POINT ( 'NONE',  ( 53.56407780811542807, 705.7040320041268160, 534.5520751537937940 ) ) ;
#1020 = CARTESIAN_POINT ( 'NONE',  ( 91.49999999999997158, 673.2964987514923223, 480.5432354215129180 ) ) ;
#1021 = ORIENTED_EDGE ( 'NONE', *, *, #1686, .T. ) ;
#1022 = CARTESIAN_POINT ( 'NONE',  ( 518.0740266370014524, 2714.527081753980838, 1425.169844906833987 ) ) ;
#1023 = EDGE_LOOP ( 'NONE', ( #1002, #1698, #532, #3597, #1223 ) ) ;
#1024 = CARTESIAN_POINT ( 'NONE',  ( 91.49999999999997158, 358.9899015811139407, 355.9615533736254633 ) ) ;
#1025 = ADVANCED_FACE ( 'NONE', ( #435 ), #1491, .F. ) ;
#1026 = CARTESIAN_POINT ( 'NONE',  ( 666.2319484355612076, 1147.412288517905836, 1962.584888353433143 ) ) ;
#1027 = DIRECTION ( 'NONE',  ( 1.000000000000000000, 0.000000000000000000, 2.576245215136136926E-09 ) ) ;
#1028 = ORIENTED_EDGE ( 'NONE', *, *, #1186, .T. ) ;
#1029 = CARTESIAN_POINT ( 'NONE',  ( 667.9397818046174962, 2349.841369849864350, 566.1922787664143470 ) ) ;
#1030 = CARTESIAN_POINT ( 'NONE',  ( -21.50000000000004619, 359.8344486584215929, 469.8610066846412110 ) ) ;
#1031 = CARTESIAN_POINT ( 'NONE',  ( -517.9397781773599263, 2559.218196215025728, 1976.169846552631952 ) ) ;
#1032 = CARTESIAN_POINT ( 'NONE',  ( -687.8173712915935312, 2564.327008219545860, 278.4984348379916241 ) ) ;
#1033 = EDGE_LOOP ( 'NONE', ( #80, #1396, #601, #1859 ) ) ;
#1034 = CARTESIAN_POINT ( 'NONE',  ( 667.9397821023169399, 2517.282840965123796, 452.2479655069031992 ) ) ;
#1035 =( BOUNDED_CURVE ( )  B_SPLINE_CURVE ( 3, ( #3038, #420, #530, #1611 ),
 .UNSPECIFIED., .F., .F. ) 
 B_SPLINE_CURVE_WITH_KNOTS ( ( 4, 4 ),
 ( 4.712388980384693227, 4.761539036994319574 ),
 .UNSPECIFIED. ) 
 CURVE ( )  GEOMETRIC_REPRESENTATION_ITEM ( )  RATIONAL_B_SPLINE_CURVE ( ( 1.000000000000000000, 0.9997986994592318322, 0.9997986994592318322, 1.000000000000000000 ) ) 
 REPRESENTATION_ITEM ( '' )  );
#1036 = CARTESIAN_POINT ( 'NONE',  ( -91.49999999999997158, 699.4070309806016894, 545.4918170399611199 ) ) ;
#1037 = CYLINDRICAL_SURFACE ( 'NONE', #1403, 350.0000000000002274 ) ;
#1038 = CARTESIAN_POINT ( 'NONE',  ( 52.36790433447806947, 705.2183094819237112, 535.4001628602077290 ) ) ;
#1039 = CARTESIAN_POINT ( 'NONE',  ( 21.50000000000004619, 699.7377371181373746, 545.3573297449430584 ) ) ;
#1040 = ORIENTED_EDGE ( 'NONE', *, *, #2435, .F. ) ;
#1041 = CARTESIAN_POINT ( 'NONE',  ( 660.4649280523634616, 2608.537932651274332, 1744.370205327173608 ) ) ;
#1042 = ORIENTED_EDGE ( 'NONE', *, *, #963, .F. ) ;
#1043 = CARTESIAN_POINT ( 'NONE',  ( 91.49999999999982947, 293.4709907878573176, 381.8330171571803930 ) ) ;
#1044 = CARTESIAN_POINT ( 'NONE',  ( 91.49999999999997158, 602.3491574858395552, 425.5517364333655905 ) ) ;
#1045 = ADVANCED_FACE ( 'NONE', ( #379 ), #1818, .T. ) ;
#1046 = DIRECTION ( 'NONE',  ( 1.000000000000000000, -0.000000000000000000, -0.000000000000000000 ) ) ;
#1047 = ORIENTED_EDGE ( 'NONE', *, *, #1122, .F. ) ;
#1048 = LINE ( 'NONE', #1327, #485 ) ;
#1049 = CARTESIAN_POINT ( 'NONE',  ( -91.49999999999992895, 362.0614369873927672, 471.9664335453544481 ) ) ;
#1050 = CARTESIAN_POINT ( 'NONE',  ( 608.9670147342335440, 923.9694997196010036, 1711.949232279379430 ) ) ;
#1051 = EDGE_CURVE ( 'NONE', #1402, #759, #203, .T. ) ;
#1052 = DIRECTION ( 'NONE',  ( 1.000000000000000000, 2.478975079363487823E-11, -2.576245206620398960E-09 ) ) ;
#1053 = CARTESIAN_POINT ( 'NONE',  ( -657.6781258000797834, 1079.356207011797324, 1942.711489294994180 ) ) ;
#1054 = VECTOR ( 'NONE', #297, 1000.000000000000000 ) ;
#1055 = CARTESIAN_POINT ( 'NONE',  ( -21.50000000000004619, 615.7471687656029644, 565.5593848718092431 ) ) ;
#1056 = CARTESIAN_POINT ( 'NONE',  ( -730.9397823769388651, 2469.203930289565506, 345.1875369206385926 ) ) ;
#1057 = AXIS2_PLACEMENT_3D ( 'NONE', #2603, #922, #1213 ) ;
#1058 = CARTESIAN_POINT ( 'NONE',  ( 21.49999999999994671, 699.4435260578522957, 545.4769779406568659 ) ) ;
#1059 = AXIS2_PLACEMENT_3D ( 'NONE', #718, #1560, #1849 ) ;
#1060 = ORIENTED_EDGE ( 'NONE', *, *, #1765, .F. ) ;
#1061 = DIRECTION ( 'NONE',  ( 1.000000000000000000, 2.478974872911206864E-11, -2.576245215136136512E-09 ) ) ;
#1062 = CARTESIAN_POINT ( 'NONE',  ( -677.8051160866729106, 2568.018079869684243, 276.1758193132927204 ) ) ;
#1063 = CARTESIAN_POINT ( 'NONE',  ( 91.49999999999997158, 355.6816390158300010, 349.7419686776545973 ) ) ;
#1064 = DIRECTION ( 'NONE',  ( 1.000000000000000000, -2.478974872911206218E-11, 2.576245215136136512E-09 ) ) ;
#1065 = VERTEX_POINT ( 'NONE', #1216 ) ;
#1066 = CARTESIAN_POINT ( 'NONE',  ( 91.49999999999997158, 793.1803579854598638, 381.8154955722138197 ) ) ;
#1067 = ORIENTED_EDGE ( 'NONE', *, *, #38, .T. ) ;
#1068 = CARTESIAN_POINT ( 'NONE',  ( 272.0085024898702386, 549.6676044710620772, 873.8173526352194358 ) ) ;
#1069 = CARTESIAN_POINT ( 'NONE',  ( -91.49999999996582289, 295.4699937208372376, 385.6531669689734940 ) ) ;
#1070 = AXIS2_PLACEMENT_3D ( 'NONE', #717, #1046, #178 ) ;
#1071 = VECTOR ( 'NONE', #3008, 1000.000000000000000 ) ;
#1072 = CARTESIAN_POINT ( 'NONE',  ( -730.9397822635132798, 2155.069829016011226, 386.1922789287177693 ) ) ;
#1073 = EDGE_LOOP ( 'NONE', ( #2040, #2146, #1911, #694 ) ) ;
#1074 = ADVANCED_FACE ( 'NONE', ( #395 ), #1508, .T. ) ;
#1075 = CARTESIAN_POINT ( 'NONE',  ( -655.7632567503513883, 1069.270436742528318, 1935.540897651592559 ) ) ;
#1076 = CIRCLE ( 'NONE', #429, 19.99999999999970868 ) ;
#1077 = EDGE_CURVE ( 'NONE', #340, #2654, #146, .T. ) ;
#1078 = CARTESIAN_POINT ( 'NONE',  ( -21.50000000000004619, 653.9866182379629436, 559.9014677857059041 ) ) ;
#1079 = DIRECTION ( 'NONE',  ( -7.739577251361683856E-10, 0.9508764687313968622, 0.3095705754959747202 ) ) ;
#1080 = DIRECTION ( 'NONE',  ( 2.478974872911206864E-11, 1.000000000000000000, -2.959845214933778542E-25 ) ) ;
#1081 = ORIENTED_EDGE ( 'NONE', *, *, #644, .T. ) ;
#1082 = CARTESIAN_POINT ( 'NONE',  ( 91.49999999999997158, 489.9629225067768061, 473.8559380820695424 ) ) ;
#1083 = DIRECTION ( 'NONE',  ( -1.000000000000000000, 2.478974872911206864E-11, -2.576245215136136926E-09 ) ) ;
#1084 = CARTESIAN_POINT ( 'NONE',  ( 91.49999999998283329, 464.4643060973001525, 539.0971601019233503 ) ) ;
#1085 = CARTESIAN_POINT ( 'NONE',  ( 21.50000000000005329, 294.6148579189553516, 384.0515759320379061 ) ) ;
#1086 = VERTEX_POINT ( 'NONE', #1801 ) ;
#1087 = PLANE ( 'NONE',  #1660 ) ;
#1088 = VERTEX_POINT ( 'NONE', #2607 ) ;
#1089 = CARTESIAN_POINT ( 'NONE',  ( -730.9397825571795693, 1940.073114812738822, 270.1334864589191511 ) ) ;
#1090 = CARTESIAN_POINT ( 'NONE',  ( -91.49999999999992895, 340.5422782765845682, 450.2501171046529294 ) ) ;
#1091 = CARTESIAN_POINT ( 'NONE',  ( -667.9397821023169399, 2517.282840965123796, 452.2479655069029150 ) ) ;
#1092 = CARTESIAN_POINT ( 'NONE',  ( -664.4849235620333729, 2467.268739183226899, 1878.845748879733947 ) ) ;
#1093 = ORIENTED_EDGE ( 'NONE', *, *, #2611, .T. ) ;
#1094 = FACE_OUTER_BOUND ( 'NONE', #766, .T. ) ;
#1095 = CARTESIAN_POINT ( 'NONE',  ( -91.49999999999997158, 673.0294631516395611, 480.6518259176402239 ) ) ;
#1096 = B_SPLINE_CURVE_WITH_KNOTS ( 'NONE', 3,
 ( #2209, #3082, #341, #862, #2808, #3120, #843, #1979, #43, #1437, #60, #1961, #1674, #613, #1730, #2790, #1692, #305, #21, #1380, #2497, #3065, #558, #287, #1397, #1125, #2230, #90, #2655, #1794, #658, #2582, #681, #698, #1485, #1177, #1467, #3186, #1779, #1196, #3480, #1517, #2025, #355, #2600, #2290, #2909, #2892, #2308 ),
 .UNSPECIFIED., .F., .F.,
 ( 4, 2, 2, 2, 2, 2, 2, 2, 2, 2, 2, 2, 2, 2, 2, 2, 2, 2, 2, 2, 2, 2, 1, 1, 1, 4 ),
 ( 0.000000000000000000, 0.02570053484527855953, 0.03855080226791789827, 0.04497593597923756764, 0.05140106969055723701, 0.07710160453583615736, 0.1028021393811150569, 0.1285026742263939981, 0.1349278079377136119, 0.1413529416490332258, 0.1542032090716722592, 0.1799037439169502706, 0.2056042787622283097, 0.2184545461848671488, 0.2313048136075060435, 0.2570053484527837773, 0.2827058832980615111, 0.2955561507207004057, 0.3019812844320197698, 0.3084064181433391894, 0.3212566855659780285, 0.3244692524216378771, 0.3276818192772976701, 0.3341069529886173117, 0.3598074878338959337, 0.4112085575244533997 ),
 .UNSPECIFIED. ) ;
#1097 = CARTESIAN_POINT ( 'NONE',  ( -91.49999999999997158, 385.5079291738315987, 394.8485536635260473 ) ) ;
#1098 = EDGE_CURVE ( 'NONE', #3609, #3321, #3452, .T. ) ;
#1099 = DIRECTION ( 'NONE',  ( 1.000000000000000000, 2.478974872911207188E-11, -2.576245215136136926E-09 ) ) ;
#1100 = ADVANCED_FACE ( 'NONE', ( #2068 ), #704, .T. ) ;
#1101 = ORIENTED_EDGE ( 'NONE', *, *, #1514, .T. ) ;
#1102 = CARTESIAN_POINT ( 'NONE',  ( 91.49999999999997158, 418.4287987968195353, 428.5339289936535465 ) ) ;
#1103 = CARTESIAN_POINT ( 'NONE',  ( -672.0387462280093587, 2573.254604155139077, 276.2262072498625116 ) ) ;
#1104 = CARTESIAN_POINT ( 'NONE',  ( 21.50000000000004619, 465.8817086252420268, 539.7044944849704962 ) ) ;
#1105 = CARTESIAN_POINT ( 'NONE',  ( 710.9397822683417871, 2349.841369848798422, 386.1922788771928481 ) ) ;
#1106 = DIRECTION ( 'NONE',  ( -1.000000000000000000, 2.478974872911206541E-11, -2.576245215136136512E-09 ) ) ;
#1107 = ORIENTED_EDGE ( 'NONE', *, *, #821, .F. ) ;
#1108 = CARTESIAN_POINT ( 'NONE',  ( -228.1030101447426546, 544.7466230239584775, 925.8424128919822351 ) ) ;
#1109 = CARTESIAN_POINT ( 'NONE',  ( -91.49999999999992895, 365.4475884958870324, 475.0850634371396950 ) ) ;
#1110 = CARTESIAN_POINT ( 'NONE',  ( 710.9397825571794556, 1940.073114813234724, 270.1334864073942299 ) ) ;
#1111 = CARTESIAN_POINT ( 'NONE',  ( -667.9397825076339359, 2578.676222220874024, 295.5100218527667835 ) ) ;
#1112 = APPLICATION_PROTOCOL_DEFINITION ( 'draft international standard', 'automotive_design', 1998, #2102 ) ;
#1113 = DIRECTION ( 'NONE',  ( -1.000000000000000000, 2.478974872911206864E-11, -2.576245215136136926E-09 ) ) ;
#1114 = DIRECTION ( 'NONE',  ( -1.000000000000000000, 0.000000000000000000, 0.000000000000000000 ) ) ;
#1115 = CARTESIAN_POINT ( 'NONE',  ( 91.49999999999997158, 758.4623828167368629, 445.9084247692850340 ) ) ;
#1116 = VECTOR ( 'NONE', #3179, 1000.000000000000114 ) ;
#1117 = VERTEX_POINT ( 'NONE', #1786 ) ;
#1118 = CARTESIAN_POINT ( 'NONE',  ( 91.49999999999997158, 542.5253775732779786, 491.0461464596644419 ) ) ;
#1119 = DIRECTION ( 'NONE',  ( 1.000000000000000000, 2.478017790963360707E-11, 0.000000000000000000 ) ) ;
#1120 = CARTESIAN_POINT ( 'NONE',  ( 91.49999999999997158, 542.0707666686462289, 490.9943030043514227 ) ) ;
#1121 = EDGE_CURVE ( 'NONE', #481, #209, #2357, .T. ) ;
#1122 = EDGE_CURVE ( 'NONE', #1260, #2752, #2337, .T. ) ;
#1123 = CARTESIAN_POINT ( 'NONE',  ( 21.50000000000005329, 448.1227012243083436, 531.5839780796476362 ) ) ;
#1124 = ORIENTED_EDGE ( 'NONE', *, *, #1970, .F. ) ;
#1125 = CARTESIAN_POINT ( 'NONE',  ( -91.49999999999998579, 563.5547479989405701, 494.4623671635682172 ) ) ;
#1126 = VECTOR ( 'NONE', #350, 1000.000000000000114 ) ;
#1127 = ORIENTED_EDGE ( 'NONE', *, *, #3582, .T. ) ;
#1128 = CARTESIAN_POINT ( 'NONE',  ( -280.7046806148479732, 551.3337908649078827, 863.4893495142416668 ) ) ;
#1129 = CARTESIAN_POINT ( 'NONE',  ( -91.49999999999997158, 412.6455195403850098, 423.3893396549827344 ) ) ;
#1130 = CARTESIAN_POINT ( 'NONE',  ( -710.9397822683417871, 2349.841369848798422, 386.1922788771928481 ) ) ;
#1131 = EDGE_LOOP ( 'NONE', ( #2889, #881, #1960, #1651 ) ) ;
#1132 = DIRECTION ( 'NONE',  ( 1.000000000000000000, 2.478974872911206864E-11, -2.576245215136136926E-09 ) ) ;
#1133 = CARTESIAN_POINT ( 'NONE',  ( -269.9861464970632028, 549.3955170253043434, 1017.183428634639085 ) ) ;
#1134 = AXIS2_PLACEMENT_3D ( 'NONE', #2584, #2095, #3243 ) ;
#1135 = CARTESIAN_POINT ( 'NONE',  ( -91.49999999999997158, 385.5079291738315987, 394.8485536635260473 ) ) ;
#1136 = AXIS2_PLACEMENT_3D ( 'NONE', #1158, #997, #1547 ) ;
#1137 = ORIENTED_EDGE ( 'NONE', *, *, #1991, .F. ) ;
#1138 = CIRCLE ( 'NONE', #2398, 19.99999999999994316 ) ;
#1139 = CARTESIAN_POINT ( 'NONE',  ( -730.9397819076674523, 2349.841369848302747, 526.1922789287178830 ) ) ;
#1140 =( BOUNDED_CURVE ( )  B_SPLINE_CURVE ( 3, ( #563, #887, #273, #1150 ),
 .UNSPECIFIED., .F., .F. ) 
 B_SPLINE_CURVE_WITH_KNOTS ( ( 4, 4 ),
 ( 0.6459928479746543939, 1.141533168369742057 ),
 .UNSPECIFIED. ) 
 CURVE ( )  GEOMETRIC_REPRESENTATION_ITEM ( )  RATIONAL_B_SPLINE_CURVE ( ( 1.000000000000000000, 0.9796411224292912445, 0.9796411224292912445, 1.000000000000000000 ) ) 
 REPRESENTATION_ITEM ( '' )  );
#1141 = CARTESIAN_POINT ( 'NONE',  ( -668.3624604467906920, 2580.852412376977554, 276.2993163952806981 ) ) ;
#1142 = CARTESIAN_POINT ( 'NONE',  ( 21.50000000000004619, 394.7580943003879383, 499.3613908070529988 ) ) ;
#1143 = LINE ( 'NONE', #3079, #2056 ) ;
#1144 = CARTESIAN_POINT ( 'NONE',  ( -687.9397825010581755, 2556.692416686411434, 297.8510038713699259 ) ) ;
#1145 = EDGE_CURVE ( 'NONE', #970, #1516, #2700, .T. ) ;
#1146 = ADVANCED_FACE ( 'NONE', ( #484 ), #1914, .F. ) ;
#1147 = ORIENTED_EDGE ( 'NONE', *, *, #1686, .F. ) ;
#1148 = CARTESIAN_POINT ( 'NONE',  ( -297.9703147816355795, 555.3266702071275631, 842.9445165038256391 ) ) ;
#1149 = CARTESIAN_POINT ( 'NONE',  ( -91.49999999995726796, 468.7237264505930625, 540.8998996654100893 ) ) ;
#1150 = CARTESIAN_POINT ( 'NONE',  ( -528.7226831967408316, 748.6599961656696678, 1421.581756589740735 ) ) ;
#1151 = FILL_AREA_STYLE ('',( #49 ) ) ;
#1152 = VERTEX_POINT ( 'NONE', #3521 ) ;
#1153 = PRODUCT_CONTEXT ( 'NONE', #1374, 'mechanical' ) ;
#1154 = DIRECTION ( 'NONE',  ( -2.576245215136136512E-09, 2.802293643786062962E-27, -1.000000000000000000 ) ) ;
#1155 = CARTESIAN_POINT ( 'NONE',  ( -717.8334804782691663, 1941.335345692918054, 270.1517114034290330 ) ) ;
#1156 = CARTESIAN_POINT ( 'NONE',  ( -66.89344673666700203, 313.9714824673623070, 384.7194992626108956 ) ) ;
#1157 = CARTESIAN_POINT ( 'NONE',  ( 668.5353016278064615, 2580.249036484189674, 276.2935139166881413 ) ) ;
#1158 = CARTESIAN_POINT ( 'NONE',  ( 664.4846694398499949, 2564.291577197298466, 376.1445908752808123 ) ) ;
#1159 = CARTESIAN_POINT ( 'NONE',  ( 687.9397822683416734, 2349.841369849368675, 386.1922788179392114 ) ) ;
#1160 = CARTESIAN_POINT ( 'NONE',  ( 91.49999999999997158, 415.3883075652625507, 425.8609590924029931 ) ) ;
#1161 =( BOUNDED_CURVE ( )  B_SPLINE_CURVE ( 3, ( #3397, #630, #1471, #888 ),
 .UNSPECIFIED., .F., .F. ) 
 B_SPLINE_CURVE_WITH_KNOTS ( ( 4, 4 ),
 ( 2.000059485220051059, 2.523284726530213629 ),
 .UNSPECIFIED. ) 
 CURVE ( )  GEOMETRIC_REPRESENTATION_ITEM ( )  RATIONAL_B_SPLINE_CURVE ( ( 1.000000000000000000, 0.9773160988906504087, 0.9773160988906504087, 1.000000000000000000 ) ) 
 REPRESENTATION_ITEM ( '' )  );
#1162 = CARTESIAN_POINT ( 'NONE',  ( 21.50000000000005329, 313.8274563753287794, 416.1517671666819638 ) ) ;
#1163 = DIRECTION ( 'NONE',  ( 2.576244773067061364E-09, 0.000000000000000000, 1.000000000000000000 ) ) ;
#1164 = VERTEX_POINT ( 'NONE', #1050 ) ;
#1165 = CARTESIAN_POINT ( 'NONE',  ( -653.2135536985642830, 2626.533813383690813, 1718.084706906293832 ) ) ;
#1166 = CARTESIAN_POINT ( 'NONE',  ( -21.50000000000004619, 366.5844021498743928, 476.1184352029298452 ) ) ;
#1167 = DIRECTION ( 'NONE',  ( -2.400705460043009375E-09, 0.3539487426849198815, 0.9352648221502637416 ) ) ;
#1168 = EDGE_LOOP ( 'NONE', ( #2111, #2807, #3496, #2289 ) ) ;
#1169 = CARTESIAN_POINT ( 'NONE',  ( 91.49999999999997158, 602.3491574858395552, 425.5517364333655905 ) ) ;
#1170 = EDGE_CURVE ( 'NONE', #3183, #3274, #2757, .T. ) ;
#1171 = CARTESIAN_POINT ( 'NONE',  ( -712.3572973017262484, 1940.113574909562658, 270.1338513190224262 ) ) ;
#1172 = CARTESIAN_POINT ( 'NONE',  ( 27.62099899808821490, 699.6124797226573264, 545.1881283873575512 ) ) ;
#1173 = CARTESIAN_POINT ( 'NONE',  ( 91.49999999993161737, 688.6399373795480869, 549.6327150244304676 ) ) ;
#1174 = B_SPLINE_CURVE_WITH_KNOTS ( 'NONE', 3,
 ( #1356, #2821, #1937, #3310, #2764, #3612, #3024, #516, #803, #3573, #1062, #300, #555, #1412, #3294, #2531, #1103, #788, #1393, #35, #1670, #1907, #1141, #249, #3366, #1632 ),
 .UNSPECIFIED., .F., .F.,
 ( 4, 2, 2, 2, 2, 2, 2, 2, 2, 2, 2, 2, 4 ),
 ( 0.000000000000000000, 0.003891282497610431840, 0.005836923746415647110, 0.006809744370818456190, 0.007782564995221266137, 0.01167384749283379396, 0.01361948874164005917, 0.01556512999044632264, 0.01945641248805981063, 0.02334769498567329515, 0.02529333623448003915, 0.02723897748328678314, 0.03113025998090027113 ),
 .UNSPECIFIED. ) ;
#1175 = CARTESIAN_POINT ( 'NONE',  ( -667.9397824826110082, 2575.297024588602198, 305.1905245687882484 ) ) ;
#1176 = EDGE_LOOP ( 'NONE', ( #3514, #3502, #234, #624 ) ) ;
#1177 = CARTESIAN_POINT ( 'NONE',  ( -91.49999999999997158, 650.0458758774229864, 488.4846234139928356 ) ) ;
#1178 = CIRCLE ( 'NONE', #1057, 159.9999999999996305 ) ;
#1179 = CARTESIAN_POINT ( 'NONE',  ( -612.0599077715769454, 2679.611181823922834, 1612.727876829560273 ) ) ;
#1180 = CARTESIAN_POINT ( 'NONE',  ( -91.49999999939056750, 394.7580943007304199, 499.3613908068890055 ) ) ;
#1181 = CARTESIAN_POINT ( 'NONE',  ( 667.6159859159016605, 2585.427319663451726, 276.1699227912243373 ) ) ;
#1182 = VERTEX_POINT ( 'NONE', #465 ) ;
#1183 = CARTESIAN_POINT ( 'NONE',  ( 328.2379128420791403, 564.6046782971405946, 1086.621027189114329 ) ) ;
#1184 = PLANE ( 'NONE',  #2526 ) ;
#1185 = B_SPLINE_CURVE_WITH_KNOTS ( 'NONE', 3,
 ( #1837, #2405, #3231, #1289, #2956, #1548, #2666, #1235, #414, #166, #1509, #3523, #689, #380, #396, #2626, #451, #1567, #436, #1272, #1492, #3473, #1016, #3195, #1528, #150, #2370, #3488, #2086, #3213, #2701, #1607, #1871, #2161, #200, #220, #1915, #3319, #758, #740, #2216, #3034, #2993, #796 ),
 .UNSPECIFIED., .F., .F.,
 ( 4, 2, 2, 2, 2, 2, 2, 2, 2, 2, 2, 2, 2, 2, 2, 2, 2, 2, 2, 2, 2, 4 ),
 ( 1.110223024625156540E-16, 0.01509321723104487152, 0.02263982584656709304, 0.03018643446208931977, 0.06037286892417821627, 0.09055930338626710929, 0.1207457378483560023, 0.1358389550794002754, 0.1433855636949226131, 0.1509321723104449231, 0.1811186067725347737, 0.2113050412346246243, 0.2414914756967144749, 0.2716779101588041589, 0.3018643446208938430, 0.3320507790829834716, 0.3622372135450730446, 0.3773304307761179421, 0.3924236480071628397, 0.4226100824692524127, 0.4527965169313419858, 0.4829829513934315033 ),
 .UNSPECIFIED. ) ;
#1186 = EDGE_CURVE ( 'NONE', #1891, #1499, #1929, .T. ) ;
#1187 = LINE ( 'NONE', #1407, #1054 ) ;
#1188 = ADVANCED_FACE ( 'NONE', ( #3266 ), #2473, .F. ) ;
#1189 = DIRECTION ( 'NONE',  ( -2.400697222555625183E-09, 0.3539487426849172169, 0.9352648221502648518 ) ) ;
#1190 = CARTESIAN_POINT ( 'NONE',  ( 91.49999999999997158, 671.8721602605928638, 481.1220116250161709 ) ) ;
#1191 = VECTOR ( 'NONE', #427, 1000.000000000000000 ) ;
#1192 = VECTOR ( 'NONE', #2827, 1000.000000000000000 ) ;
#1193 = AXIS2_PLACEMENT_3D ( 'NONE', #3334, #3314, #1655 ) ;
#1194 = CARTESIAN_POINT ( 'NONE',  ( -664.4846694398499949, 2564.291577197298466, 376.1445908752808123 ) ) ;
#1195 = EDGE_LOOP ( 'NONE', ( #387, #320, #1882, #2849, #3005, #376 ) ) ;
#1196 = CARTESIAN_POINT ( 'NONE',  ( -91.49999999999998579, 664.4070746387278632, 483.9836318056376285 ) ) ;
#1197 = DIRECTION ( 'NONE',  ( 0.000000000000000000, -0.2356109697919606394, -0.9718474524912290580 ) ) ;
#1198 = CARTESIAN_POINT ( 'NONE',  ( -21.50000000000004619, 558.4444854109262906, 564.3214530132307800 ) ) ;
#1199 = DIRECTION ( 'NONE',  ( 2.576245466956451755E-09, 0.000000000000000000, -1.000000000000000000 ) ) ;
#1200 = ORIENTED_EDGE ( 'NONE', *, *, #870, .F. ) ;
#1201 = FACE_OUTER_BOUND ( 'NONE', #3276, .T. ) ;
#1202 = CARTESIAN_POINT ( 'NONE',  ( -720.6598948560086910, 1942.788668245842473, 270.1963349156393406 ) ) ;
#1203 = ADVANCED_FACE ( 'NONE', ( #2423 ), #3283, .T. ) ;
#1204 = EDGE_CURVE ( 'NONE', #1390, #3165, #757, .T. ) ;
#1205 = PLANE ( 'NONE',  #1580 ) ;
#1206 = CARTESIAN_POINT ( 'NONE',  ( 91.49999999999997158, 629.4340584406753578, 493.2995864046250176 ) ) ;
#1207 = CARTESIAN_POINT ( 'NONE',  ( 21.50000000000004619, 557.5110672786790929, 564.2093173178434427 ) ) ;
#1208 = EDGE_CURVE ( 'NONE', #1326, #2842, #255, .T. ) ;
#1209 = ORIENTED_EDGE ( 'NONE', *, *, #1587, .T. ) ;
#1210 = CARTESIAN_POINT ( 'NONE',  ( 625.2083565839062658, 962.7138307790711451, 260.7289461083701667 ) ) ;
#1211 = CARTESIAN_POINT ( 'NONE',  ( -667.9397825571795693, 1918.610640028357238, 269.9269658184654190 ) ) ;
#1212 = DIRECTION ( 'NONE',  ( 2.576245566083506993E-09, 0.000000000000000000, -1.000000000000000000 ) ) ;
#1213 = DIRECTION ( 'NONE',  ( -2.576245466956456304E-09, 0.000000000000000000, -1.000000000000000000 ) ) ;
#1214 = CARTESIAN_POINT ( 'NONE',  ( -569.4561399940959063, 837.6502332622716267, 304.1696117516114555 ) ) ;
#1215 = CARTESIAN_POINT ( 'NONE',  ( -21.50000000000004619, 293.4512908860734228, 381.7948095424869734 ) ) ;
#1216 = CARTESIAN_POINT ( 'NONE',  ( 730.9397823378843668, 2038.631814581417075, 356.2039042389994279 ) ) ;
#1217 = CARTESIAN_POINT ( 'NONE',  ( -728.6683135273075322, 2553.578384413429376, 276.7125268730359267 ) ) ;
#1218 = CARTESIAN_POINT ( 'NONE',  ( -21.50000000000004619, 699.4796047354142274, 545.4623056551560012 ) ) ;
#1219 = CARTESIAN_POINT ( 'NONE',  ( 528.7226831967408316, 748.6599961656696678, 1421.581756589740735 ) ) ;
#1220 = CARTESIAN_POINT ( 'NONE',  ( 21.50000000006773249, 602.9870659546165825, 566.2868826442106638 ) ) ;
#1221 = VERTEX_POINT ( 'NONE', #3584 ) ;
#1222 = CARTESIAN_POINT ( 'NONE',  ( -664.4846693919798781, 2461.764837795574749, 368.0374409804371112 ) ) ;
#1223 = ORIENTED_EDGE ( 'NONE', *, *, #424, .T. ) ;
#1224 = CARTESIAN_POINT ( 'NONE',  ( 91.49999999999997158, 355.6683900337432078, 349.7162719566024407 ) ) ;
#1225 = AXIS2_PLACEMENT_3D ( 'NONE', #3564, #1643, #2720 ) ;
#1226 = ADVANCED_FACE ( 'NONE', ( #1366 ), #507, .T. ) ;
#1227 = CARTESIAN_POINT ( 'NONE',  ( 667.9397825571795693, 1194.500109478298100, 262.9592859728577423 ) ) ;
#1228 = AXIS2_PLACEMENT_3D ( 'NONE', #3419, #2275, #907 ) ;
#1229 = CARTESIAN_POINT ( 'NONE',  ( -611.7340469736875548, 930.0146251374600297, 263.4684758420726212 ) ) ;
#1230 = VECTOR ( 'NONE', #2244, 1000.000000000000000 ) ;
#1231 = CARTESIAN_POINT ( 'NONE',  ( -730.9397818513141374, 2155.069829016011226, 546.1922789287176556 ) ) ;
#1232 = CARTESIAN_POINT ( 'NONE',  ( 649.3800552648842768, 1040.253591040086803, 1904.552128158356027 ) ) ;
#1233 = CARTESIAN_POINT ( 'NONE',  ( 40.19054735620235164, 296.4887127967868423, 382.2440628490781478 ) ) ;
#1234 = CARTESIAN_POINT ( 'NONE',  ( -89.09392484401480772, 740.8802342360619377, 473.1332541036025532 ) ) ;
#1235 = CARTESIAN_POINT ( 'NONE',  ( -21.50000000000004974, 661.2407784914815920, 558.0817217203219798 ) ) ;
#1236 = CARTESIAN_POINT ( 'NONE',  ( -91.50000000001698197, 702.2300497789349265, 544.3437692325258013 ) ) ;
#1237 = CARTESIAN_POINT ( 'NONE',  ( -710.9397825571796830, 2565.253772436354666, 276.1492236245776439 ) ) ;
#1238 = CARTESIAN_POINT ( 'NONE',  ( 91.49999999993234212, 583.8711159328569238, 566.1563623700316157 ) ) ;
#1239 = ORIENTED_EDGE ( 'NONE', *, *, #493, .F. ) ;
#1240 = CARTESIAN_POINT ( 'NONE',  ( 91.49999999999997158, 793.1803579854598638, 381.8154955722138197 ) ) ;
#1241 = ORIENTED_EDGE ( 'NONE', *, *, #2802, .T. ) ;
#1242 = CARTESIAN_POINT ( 'NONE',  ( 91.49999999999997158, 354.9573613284375142, 348.3372145934962987 ) ) ;
#1243 = CIRCLE ( 'NONE', #1009, 19.99999999999990763 ) ;
#1244 = VECTOR ( 'NONE', #2602, 1000.000000000000000 ) ;
#1245 = AXIS2_PLACEMENT_3D ( 'NONE', #1728, #860, #19 ) ;
#1246 = DIRECTION ( 'NONE',  ( 0.000000000000000000, 0.9352648221502650738, -0.3539487426849161622 ) ) ;
#1247 = ADVANCED_FACE ( 'NONE', ( #2197 ), #954, .T. ) ;
#1248 = CARTESIAN_POINT ( 'NONE',  ( -664.4846735620333220, 813.5593304988498176, 346.2331306047317980 ) ) ;
#1249 = LINE ( 'NONE', #2895, #411 ) ;
#1250 =( BOUNDED_CURVE ( )  B_SPLINE_CURVE ( 3, ( #1000, #3492, #764, #2685 ),
 .UNSPECIFIED., .F., .F. ) 
 B_SPLINE_CURVE_WITH_KNOTS ( ( 4, 4 ),
 ( 5.141652138809844175, 5.637192459204932504 ),
 .UNSPECIFIED. ) 
 CURVE ( )  GEOMETRIC_REPRESENTATION_ITEM ( )  RATIONAL_B_SPLINE_CURVE ( ( 1.000000000000000000, 0.9796411224292911335, 0.9796411224292911335, 1.000000000000000000 ) ) 
 REPRESENTATION_ITEM ( '' )  );
#1251 = EDGE_CURVE ( 'NONE', #813, #1940, #544, .T. ) ;
#1252 = VERTEX_POINT ( 'NONE', #2681 ) ;
#1253 = CARTESIAN_POINT ( 'NONE',  ( 660.1113547978292218, 1093.790991294017886, 1950.572290615345764 ) ) ;
#1254 = CARTESIAN_POINT ( 'NONE',  ( -91.50000000000000000, 292.1749722784144865, 379.3193587478822906 ) ) ;
#1255 = DIRECTION ( 'NONE',  ( 2.576245466956452995E-09, 2.775557561562893718E-15, -1.000000000000000000 ) ) ;
#1256 = CARTESIAN_POINT ( 'NONE',  ( 587.3141849199990929, 876.6646400174842029, 275.4017950148088971 ) ) ;
#1257 = CARTESIAN_POINT ( 'NONE',  ( -91.50000000000851230, 700.8058711156235177, 544.9229466681916847 ) ) ;
#1258 = CARTESIAN_POINT ( 'NONE',  ( -717.7902029201827645, 2563.969034976372768, 276.1448426831676670 ) ) ;
#1259 = CARTESIAN_POINT ( 'NONE',  ( 21.50000000000004619, 711.9144646888742045, 540.4053626702734618 ) ) ;
#1260 = VERTEX_POINT ( 'NONE', #2404 ) ;
#1261 = CARTESIAN_POINT ( 'NONE',  ( 666.0127080678209950, 2585.893251855616654, 1773.259119888610485 ) ) ;
#1262 = VERTEX_POINT ( 'NONE', #1015 ) ;
#1263 = CARTESIAN_POINT ( 'NONE',  ( 91.49999999999997158, 355.8408451340241641, 350.0502167537130731 ) ) ;
#1264 = CARTESIAN_POINT ( 'NONE',  ( 717.7902029201827645, 2563.969034976372768, 276.1448426831676670 ) ) ;
#1265 = LINE ( 'NONE', #1486, #1944 ) ;
#1266 = DIRECTION ( 'NONE',  ( 1.000000000000000000, -2.478974872911206864E-11, 2.576245215136136512E-09 ) ) ;
#1267 = CARTESIAN_POINT ( 'NONE',  ( -664.4846691822205003, 1940.073114814386827, 270.1334862877145042 ) ) ;
#1268 = CARTESIAN_POINT ( 'NONE',  ( 283.6159268515488066, 552.0261682640179970, 1033.374229222406257 ) ) ;
#1269 =( BOUNDED_CURVE ( )  B_SPLINE_CURVE ( 3, ( #1026, #2116, #3258, #519 ),
 .UNSPECIFIED., .F., .F. ) 
 B_SPLINE_CURVE_WITH_KNOTS ( ( 4, 4 ),
 ( 4.639882680742772436, 4.712388980384675463 ),
 .UNSPECIFIED. ) 
 CURVE ( )  GEOMETRIC_REPRESENTATION_ITEM ( )  RATIONAL_B_SPLINE_CURVE ( ( 1.000000000000000000, 0.9995619510228204163, 0.9995619510228204163, 1.000000000000000000 ) ) 
 REPRESENTATION_ITEM ( '' )  );
#1270 = CARTESIAN_POINT ( 'NONE',  ( -91.50000000000858336, 292.7402621807676724, 380.4157521793637216 ) ) ;
#1271 = CARTESIAN_POINT ( 'NONE',  ( -91.19732487686559352, 749.8163730905446300, 457.5304579414613499 ) ) ;
#1272 = CARTESIAN_POINT ( 'NONE',  ( -21.50000000000004974, 542.6125687469597096, 562.2833703005800317 ) ) ;
#1273 = CARTESIAN_POINT ( 'NONE',  ( -91.49999999999997158, 673.1896853517498585, 480.5866737291834170 ) ) ;
#1274 = EDGE_CURVE ( 'NONE', #286, #44, #3047, .T. ) ;
#1275 = CARTESIAN_POINT ( 'NONE',  ( -723.1807704344154217, 2560.749757682305699, 276.2063871183337938 ) ) ;
#1276 = CARTESIAN_POINT ( 'NONE',  ( 21.50000000000004619, 748.3734384701667750, 525.5784203171339186 ) ) ;
#1277 = ORIENTED_EDGE ( 'NONE', *, *, #232, .T. ) ;
#1278 = CARTESIAN_POINT ( 'NONE',  ( 619.1731198599452455, 2673.354284272100358, 1628.657875925450526 ) ) ;
#1279 = ORIENTED_EDGE ( 'NONE', *, *, #2923, .T. ) ;
#1280 = CARTESIAN_POINT ( 'NONE',  ( 21.50000000000004619, 293.8996372790343798, 382.6613447653455182 ) ) ;
#1281 = CARTESIAN_POINT ( 'NONE',  ( 724.7124504171105173, 2559.313632259004407, 276.2673833441626243 ) ) ;
#1282 = CARTESIAN_POINT ( 'NONE',  ( -91.49999999999997158, 793.1803579854598638, 381.8154955722138197 ) ) ;
#1283 = VERTEX_POINT ( 'NONE', #579 ) ;
#1284 = CARTESIAN_POINT ( 'NONE',  ( 730.9397823626514992, 2036.295664788708109, 346.5677602738570613 ) ) ;
#1285 = VECTOR ( 'NONE', #3268, 1000.000000000000000 ) ;
#1286 = DIRECTION ( 'NONE',  ( 0.000000000000000000, 0.000000000000000000, -1.000000000000000000 ) ) ;
#1287 = CARTESIAN_POINT ( 'NONE',  ( 35.00120305862339620, 295.0427307906260808, 382.0393220340466769 ) ) ;
#1288 = CARTESIAN_POINT ( 'NONE',  ( -48.73691970449494448, 703.8913266354933285, 537.7171191206987260 ) ) ;
#1289 = CARTESIAN_POINT ( 'NONE',  ( -21.50000000000011369, 682.9367177450060353, 551.6034511329141878 ) ) ;
#1290 = CARTESIAN_POINT ( 'NONE',  ( -659.3166013233786771, 1088.863741523967519, 1948.150526179286999 ) ) ;
#1291 = CARTESIAN_POINT ( 'NONE',  ( -91.50000000006771472, 583.8711159328569238, 566.1563623697606999 ) ) ;
#1292 = TOROIDAL_SURFACE ( 'NONE', #3579, 179.9999999999997726, 19.99999999999991473 ) ;
#1293 = CARTESIAN_POINT ( 'NONE',  ( 91.49999999999997158, 673.0739708344883638, 480.6337318936583074 ) ) ;
#1294 = EDGE_CURVE ( 'NONE', #481, #2375, #1601, .T. ) ;
#1295 = ORIENTED_EDGE ( 'NONE', *, *, #1963, .F. ) ;
#1296 = CARTESIAN_POINT ( 'NONE',  ( 528.7285679467460113, 2713.957758269684291, 1445.575620873555181 ) ) ;
#1297 = ORIENTED_EDGE ( 'NONE', *, *, #1208, .F. ) ;
#1298 = CARTESIAN_POINT ( 'NONE',  ( 91.49999999999991473, 293.8079860101997838, 382.4847754392664001 ) ) ;
#1299 = LINE ( 'NONE', #3575, #2237 ) ;
#1300 = AXIS2_PLACEMENT_3D ( 'NONE', #426, #1539, #158 ) ;
#1301 = FACE_OUTER_BOUND ( 'NONE', #3420, .T. ) ;
#1302 = ORIENTED_EDGE ( 'NONE', *, *, #1411, .F. ) ;
#1303 = DIRECTION ( 'NONE',  ( 1.000000000000000000, -2.478974872911206864E-11, 2.576245215136136512E-09 ) ) ;
#1304 = AXIS2_PLACEMENT_3D ( 'NONE', #165, #148, #672 ) ;
#1305 = VERTEX_POINT ( 'NONE', #309 ) ;
#1306 = VECTOR ( 'NONE', #823, 1000.000000000000000 ) ;
#1307 = CARTESIAN_POINT ( 'NONE',  ( 254.4799009680712629, 547.1003317107135899, 894.6050663376751118 ) ) ;
#1308 = AXIS2_PLACEMENT_3D ( 'NONE', #1810, #1500, #3431 ) ;
#1309 = CARTESIAN_POINT ( 'NONE',  ( -91.49999999999997158, 374.4912118786270980, 380.8072120097655215 ) ) ;
#1310 = CARTESIAN_POINT ( 'NONE',  ( -44.88702656609958552, 702.6433710334653142, 539.8960911795404627 ) ) ;
#1311 = CARTESIAN_POINT ( 'NONE',  ( -668.7689956853688500, 2567.973477057952550, 269.2551714647721042 ) ) ;
#1312 = ORIENTED_EDGE ( 'NONE', *, *, #734, .F. ) ;
#1313 = CARTESIAN_POINT ( 'NONE',  ( -661.6187657510772624, 1104.061811527969894, 1954.708269995902583 ) ) ;
#1314 = CARTESIAN_POINT ( 'NONE',  ( -91.50000000027314684, 653.9866182379828388, 559.9014677852342174 ) ) ;
#1315 = DIRECTION ( 'NONE',  ( -1.000000000000000000, 2.478974872911207188E-11, -2.576245215136136926E-09 ) ) ;
#1316 = CARTESIAN_POINT ( 'NONE',  ( -413.3572641700274062, 609.1291643806541742, 703.1750115754812214 ) ) ;
#1317 = CARTESIAN_POINT ( 'NONE',  ( 91.50000000000001421, 699.4435260566770012, 545.4769779377678560 ) ) ;
#1318 = VERTEX_POINT ( 'NONE', #3395 ) ;
#1319 = EDGE_CURVE ( 'NONE', #3459, #987, #1140, .T. ) ;
#1320 = EDGE_CURVE ( 'NONE', #2444, #402, #2003, .T. ) ;
#1321 = LINE ( 'NONE', #729, #322 ) ;
#1322 = ORIENTED_EDGE ( 'NONE', *, *, #1703, .T. ) ;
#1323 = CARTESIAN_POINT ( 'NONE',  ( 21.50000000000004619, 297.7283128894630408, 389.8366035143662316 ) ) ;
#1324 = EDGE_CURVE ( 'NONE', #2842, #1592, #3293, .T. ) ;
#1325 = LINE ( 'NONE', #1886, #326 ) ;
#1326 = VERTEX_POINT ( 'NONE', #617 ) ;
#1327 = CARTESIAN_POINT ( 'NONE',  ( 91.49999999999997158, 602.3491574858395552, 425.5517364333655905 ) ) ;
#1328 = CARTESIAN_POINT ( 'NONE',  ( -91.49999999999884892, 293.5565411635516284, 381.9988043603954111 ) ) ;
#1329 = CARTESIAN_POINT ( 'NONE',  ( 667.9397772528409405, 1799.130452679616837, 2327.718964372836126 ) ) ;
#1330 = CYLINDRICAL_SURFACE ( 'NONE', #1225, 159.9999999999999147 ) ;
#1331 = ORIENTED_EDGE ( 'NONE', *, *, #2661, .T. ) ;
#1332 = CARTESIAN_POINT ( 'NONE',  ( -664.2742500216063490, 1125.348886427034813, 1960.602115119984092 ) ) ;
#1333 = CARTESIAN_POINT ( 'NONE',  ( -91.49999999999997158, 673.0739708344883638, 480.6337318936583074 ) ) ;
#1334 = CARTESIAN_POINT ( 'NONE',  ( -730.9397825514162150, 1961.131436270129598, 272.5732554083079435 ) ) ;
#1335 = CARTESIAN_POINT ( 'NONE',  ( -724.7124504171105173, 2559.313632259004407, 276.2673833441626243 ) ) ;
#1336 = CARTESIAN_POINT ( 'NONE',  ( 91.50000000000210321, 699.7377371181363515, 545.3573297449406709 ) ) ;
#1337 = EDGE_LOOP ( 'NONE', ( #1339, #328, #195, #994 ) ) ;
#1338 = CARTESIAN_POINT ( 'NONE',  ( 518.8854247893129923, 2714.509577430671925, 1426.723461694534990 ) ) ;
#1339 = ORIENTED_EDGE ( 'NONE', *, *, #1473, .F. ) ;
#1340 = CARTESIAN_POINT ( 'NONE',  ( 91.49999999999997158, 356.6587562491223480, 351.6235459871096509 ) ) ;
#1341 = DIRECTION ( 'NONE',  ( -1.000000000000000000, -2.478850458231829575E-11, 0.000000000000000000 ) ) ;
#1342 = CARTESIAN_POINT ( 'NONE',  ( 648.6625949218035885, 1037.373626880576467, 1899.782004998339289 ) ) ;
#1343 = ADVANCED_FACE ( 'NONE', ( #2214 ), #3174, .T. ) ;
#1344 = VERTEX_POINT ( 'NONE', #2570 ) ;
#1345 = CARTESIAN_POINT ( 'NONE',  ( 261.0612948589269422, 547.9978794957874015, 886.8024032248792992 ) ) ;
#1346 = CARTESIAN_POINT ( 'NONE',  ( -91.49999999999991473, 293.6707475458831027, 382.2197592890746591 ) ) ;
#1347 = DIRECTION ( 'NONE',  ( -1.457251280757982635E-09, -0.8300681151263605839, 0.5576620161446992352 ) ) ;
#1348 = FACE_OUTER_BOUND ( 'NONE', #2222, .T. ) ;
#1349 = CYLINDRICAL_SURFACE ( 'NONE', #2220, 19.99999999999972999 ) ;
#1350 = AXIS2_PLACEMENT_3D ( 'NONE', #1957, #1569, #417 ) ;
#1351 = CARTESIAN_POINT ( 'NONE',  ( -91.49999999999997158, 667.2861691307555247, 482.9035332104561462 ) ) ;
#1352 = CARTESIAN_POINT ( 'NONE',  ( -728.6470889385698229, 1951.796449702820155, 270.9346530671992923 ) ) ;
#1353 = CIRCLE ( 'NONE', #2285, 160.0000000000000000 ) ;
#1354 = CARTESIAN_POINT ( 'NONE',  ( 91.50000000054616578, 766.6029253596107083, 518.1649491407957839 ) ) ;
#1355 = CYLINDRICAL_SURFACE ( 'NONE', #2453, 490.0000000000003411 ) ;
#1356 = CARTESIAN_POINT ( 'NONE',  ( -687.7344870048553958, 2565.253772436931285, 276.1492235647950793 ) ) ;
#1357 = CARTESIAN_POINT ( 'NONE',  ( 91.49999999999997158, 416.3082036166293847, 426.6755663162757060 ) ) ;
#1358 = LINE ( 'NONE', #1672, #490 ) ;
#1359 = ORIENTED_EDGE ( 'NONE', *, *, #2305, .F. ) ;
#1360 = CYLINDRICAL_SURFACE ( 'NONE', #1070, 129.9999999999998863 ) ;
#1361 = ORIENTED_EDGE ( 'NONE', *, *, #2257, .F. ) ;
#1362 = ADVANCED_FACE ( 'NONE', ( #3338 ), #1881, .F. ) ;
#1363 = CARTESIAN_POINT ( 'NONE',  ( 221.4970046390916423, 544.4968995941619596, 933.6599404395824422 ) ) ;
#1364 = EDGE_CURVE ( 'NONE', #1005, #2711, #1076, .T. ) ;
#1365 = CARTESIAN_POINT ( 'NONE',  ( -21.50000000000004619, 340.5422782764800331, 450.2501171047400135 ) ) ;
#1366 = FACE_OUTER_BOUND ( 'NONE', #1023, .T. ) ;
#1367 = AXIS2_PLACEMENT_3D ( 'NONE', #3244, #1303, #1847 ) ;
#1368 = CIRCLE ( 'NONE', #2648, 19.99999999999991829 ) ;
#1369 = DIRECTION ( 'NONE',  ( 1.000000000000000000, -0.000000000000000000, -0.000000000000000000 ) ) ;
#1370 = VECTOR ( 'NONE', #1865, 1000.000000000000227 ) ;
#1371 = CARTESIAN_POINT ( 'NONE',  ( -21.50000000000004619, 641.2469153188380915, 562.3671507184122902 ) ) ;
#1372 = CARTESIAN_POINT ( 'NONE',  ( -210.4772484759676558, 894.3303201145996582, 52.89755397201469833 ) ) ;
#1373 = CARTESIAN_POINT ( 'NONE',  ( -87.43643988801856892, 352.5554702190079865, 390.1827187672681703 ) ) ;
#1374 = APPLICATION_CONTEXT ( 'automotive_design' ) ;
#1375 = CARTESIAN_POINT ( 'NONE',  ( 91.49999999999995737, 428.2282284425643297, 436.7817957973455805 ) ) ;
#1376 = VERTEX_POINT ( 'NONE', #1487 ) ;
#1377 = CARTESIAN_POINT ( 'NONE',  ( 21.50000000000004619, 370.0130119107225255, 479.1812442460264947 ) ) ;
#1378 = CARTESIAN_POINT ( 'NONE',  ( 21.50000000000004263, 348.2822222776433705, 458.3501023851125069 ) ) ;
#1379 = ORIENTED_EDGE ( 'NONE', *, *, #3221, .F. ) ;
#1380 = CARTESIAN_POINT ( 'NONE',  ( -91.49999999999995737, 501.8401742618696630, 478.7999855130622109 ) ) ;
#1381 = EDGE_LOOP ( 'NONE', ( #3576, #2979, #940, #2795, #1466, #1775 ) ) ;
#1382 = CARTESIAN_POINT ( 'NONE',  ( -323.5399875993446130, 562.9752899215516209, 812.4054816573820972 ) ) ;
#1383 = CARTESIAN_POINT ( 'NONE',  ( -21.50000000000004619, 297.7283128894630408, 389.8366035143662316 ) ) ;
#1384 = DIRECTION ( 'NONE',  ( -2.576245215136136512E-09, 6.242562304820615079E-27, -1.000000000000000000 ) ) ;
#1385 = CARTESIAN_POINT ( 'NONE',  ( -687.9397822635132798, 2155.069829017076700, 386.1922788179392114 ) ) ;
#1386 = ORIENTED_EDGE ( 'NONE', *, *, #2707, .F. ) ;
#1387 = FACE_OUTER_BOUND ( 'NONE', #2186, .T. ) ;
#1388 = LINE ( 'NONE', #3055, #1774 ) ;
#1389 = CARTESIAN_POINT ( 'NONE',  ( -38.76344455964236602, 296.0747511108979779, 382.1854488050584564 ) ) ;
#1390 = VERTEX_POINT ( 'NONE', #937 ) ;
#1391 = EDGE_CURVE ( 'NONE', #2059, #2375, #91, .T. ) ;
#1392 = LINE ( 'NONE', #282, #2243 ) ;
#1393 = CARTESIAN_POINT ( 'NONE',  ( -669.9658077128200375, 2576.588852442148436, 276.2582907198258795 ) ) ;
#1394 = CARTESIAN_POINT ( 'NONE',  ( 91.50000000013559998, 451.8719588298425265, 533.4252241661838525 ) ) ;
#1395 = CARTESIAN_POINT ( 'NONE',  ( 21.50000000000004974, 443.6709405377492317, 529.3479212908447380 ) ) ;
#1396 = ORIENTED_EDGE ( 'NONE', *, *, #3117, .F. ) ;
#1397 = CARTESIAN_POINT ( 'NONE',  ( -91.49999999999994316, 550.8710315118878498, 492.6731413694859611 ) ) ;
#1398 = ORIENTED_EDGE ( 'NONE', *, *, #1901, .F. ) ;
#1399 = CARTESIAN_POINT ( 'NONE',  ( -662.1415306952590072, 2603.081864427121218, 1751.702656110919634 ) ) ;
#1400 = CARTESIAN_POINT ( 'NONE',  ( -21.50000000000004619, 491.7076688129913578, 549.7307623172208650 ) ) ;
#1401 = CARTESIAN_POINT ( 'NONE',  ( 725.4462606109798344, 1946.843391609772425, 270.4278899060747108 ) ) ;
#1402 = VERTEX_POINT ( 'NONE', #1540 ) ;
#1403 = AXIS2_PLACEMENT_3D ( 'NONE', #1372, #1629, #1114 ) ;
#1404 = DIRECTION ( 'NONE',  ( -0.000000000000000000, 0.2233960084204591467, 0.9747277688779601990 ) ) ;
#1405 = CARTESIAN_POINT ( 'NONE',  ( -413.1070615350457729, 608.7725707487684303, 1189.884342726878231 ) ) ;
#1406 = LINE ( 'NONE', #816, #665 ) ;
#1407 = CARTESIAN_POINT ( 'NONE',  ( 730.9397821392112746, 2480.073625160171559, 437.5689241713201341 ) ) ;
#1408 = CIRCLE ( 'NONE', #2215, 140.0000000000000853 ) ;
#1409 = ADVANCED_FACE ( 'NONE', ( #3482 ), #3188, .T. ) ;
#1410 = CARTESIAN_POINT ( 'NONE',  ( -528.7226831967408316, 748.6599961656696678, 1421.581756589740735 ) ) ;
#1411 = EDGE_CURVE ( 'NONE', #931, #2484, #3448, .T. ) ;
#1412 = CARTESIAN_POINT ( 'NONE',  ( -674.6844879461266373, 2570.394308367393933, 276.1986843380858545 ) ) ;
#1413 = CARTESIAN_POINT ( 'NONE',  ( 91.49999999972888531, 435.5260815446365541, 525.2504856728902496 ) ) ;
#1414 = AXIS2_PLACEMENT_3D ( 'NONE', #3180, #674, #397 ) ;
#1415 =( BOUNDED_SURFACE ( )  B_SPLINE_SURFACE ( 3, 2, ( 
 ( #1546, #1254, #2368 ),
 ( #1507, #3211, #722 ),
 ( #164, #1270, #3470 ),
 ( #2403, #2898, #964 ),
 ( #2385, #2067, #3192 ),
 ( #1215, #1565, #2680 ),
 ( #2031, #3157, #648 ),
 ( #1766, #3282, #2756 ),
 ( #1928, #3583, #198 ),
 ( #2120, #3013, #2138 ),
 ( #3051, #2776, #3601 ),
 ( #218, #2718, #2481 ),
 ( #1624, #1328, #2736 ),
 ( #543, #3520, #238 ),
 ( #1605, #1346, #3317 ),
 ( #1658, #254, #1913 ),
 ( #2159, #2990, #272 ),
 ( #483, #774, #1894 ),
 ( #2462, #1069, #506 ),
 ( #1383, #1014, #2440 ),
 ( #2178, #3562, #3301 ),
 ( #3247, #738, #1852 ),
 ( #2971, #3032, #2422 ),
 ( #524, #794, #1309 ),
 ( #1641, #1583, #464 ),
 ( #1365, #1090, #3543 ),
 ( #2196, #810, #2699 ),
 ( #1030, #3265, #756 ),
 ( #1869, #1049, #1747 ),
 ( #1966, #1109, #1129 ),
 ( #1166, #829, #2213 ),
 ( #3416, #3357, #2569 ),
 ( #905, #2273, #3394 ),
 ( #578, #2235, #1982 ),
 ( #3103, #598, #886 ),
 ( #78, #1180, #2015 ),
 ( #2556, #5, #63 ),
 ( #1998, #2811, #2793 ),
 ( #2859, #330, #1716 ),
 ( #1946, #358, #1677 ),
 ( #3337, #2292, #2828 ),
 ( #2254, #1732, #3136 ),
 ( #3069, #628, #2846 ),
 ( #1441, #1149, #345 ),
 ( #2500, #562, #290 ),
 ( #1695, #1455, #3374 ),
 ( #308, #3124, #616 ),
 ( #1400, #2520, #865 ),
 ( #24, #847, #3086 ),
 ( #1420, #2539, #47 ),
 ( #94, #2873, #3151 ),
 ( #2028, #641, #1761 ),
 ( #1198, #920, #2585 ),
 ( #2310, #3433, #1469 ),
 ( #469, #2780, #511 ),
 ( #1876, #204, #1610 ),
 ( #2996, #1291, #1018 ),
 ( #2164, #742, #243 ),
 ( #1055, #3606, #2200 ),
 ( #1371, #2722, #3323 ),
 ( #1078, #1314, #491 ),
 ( #2488, #782, #1645 ),
 ( #3251, #762, #2467 ),
 ( #1856, #3288, #1899 ),
 ( #259, #1665, #2426 ),
 ( #547, #3018, #3548 ),
 ( #223, #2976, #1588 ),
 ( #2407, #3527, #2183 ),
 ( #2741, #1628, #1351 ),
 ( #814, #1933, #3587 ),
 ( #529, #3305, #797 ),
 ( #3054, #2124, #1095 ),
 ( #3037, #1036, #1917 ),
 ( #2703, #2760, #2142 ),
 ( #3270, #3567, #1333 ),
 ( #2447, #416, #2103 ),
 ( #2628, #2683, #437 ),
 ( #1820, #1549, #3474 ),
 ( #1218, #2667, #382 ),
 ( #168, #1530, #3233 ),
 ( #3160, #3439, #1273 ),
 ( #725, #2389, #131 ),
 ( #3507, #967, #2647 ),
 ( #1788, #999, #2070 ),
 ( #1838, #151, #2332 ),
 ( #927, #2957, #452 ),
 ( #707, #1257, #3197 ),
 ( #1568, #185, #2901 ),
 ( #690, #1236, #2371 ),
 ( #2938, #1803, #2316 ),
 ( #2353, #2609, #3490 ),
 ( #2035, #2919, #114 ),
 ( #984, #1493, #652 ),
 ( #1769, #2087, #3454 ) ),
 .UNSPECIFIED., .F., .F., .F. ) 
 B_SPLINE_SURFACE_WITH_KNOTS ( ( 4, 2, 2, 2, 2, 2, 2, 2, 2, 2, 2, 2, 2, 2, 2, 2, 2, 2, 2, 2, 2, 2, 2, 2, 2, 2, 2, 2, 2, 2, 2, 2, 2, 2, 2, 2, 2, 2, 2, 2, 2, 2, 2, 2, 2, 2, 4 ),
 ( 3, 3 ),
 ( 0.3487998981964173240, 0.3506502144581322700, 0.3515753725889897430, 0.3516042837805790633, 0.3516331949721683281, 0.3516910173553469132, 0.3518066621217040835, 0.3520379516544184795, 0.3525005307198472160, 0.3562011632432771080, 0.3636024282901368920, 0.3784049583838564601, 0.4080100185712956518, 0.4376150787587348434, 0.4450163438055946274, 0.4487169763290245195, 0.4524176088524544115, 0.4672201389461739796, 0.4968251991336131712, 0.5264302593210523629, 0.5412327894147719309, 0.5449334219382018230, 0.5486340544616317150, 0.5560353195084914990, 0.5856403796959306352, 0.6152454398833697713, 0.6226467049302295553, 0.6300479699770893394, 0.6448505000708090185, 0.6744555602582482656, 0.7040606204456874018, 0.7077612529691172938, 0.7114618854925471858, 0.7188631505394069698, 0.7262644155862667539, 0.7299650481096966459, 0.7300228704928752865, 0.7300373260886698912, 0.7300517816844644958, 0.7300806928760538161, 0.7301963376424109864, 0.7304276271751253269, 0.7308902062405541189, 0.7318153643714115919, 0.7336656806331265379, 0.7632707408205656741, 0.8224808611954440574 ),
 ( 0.000000000000000000, 1.000000000000000000 ),
 .UNSPECIFIED. ) 
 GEOMETRIC_REPRESENTATION_ITEM ( )  RATIONAL_B_SPLINE_SURFACE ( (
 ( 1.000000000000000000, 0.7071067811865473507, 1.000000000000000000),
 ( 1.000000000000000000, 0.7071067811865473507, 1.000000000000000000),
 ( 1.000000000000000000, 0.7071067811865473507, 1.000000000000000000),
 ( 1.000000000000000000, 0.7071067811865473507, 1.000000000000000000),
 ( 1.000000000000000000, 0.7071067811865476838, 1.000000000000000000),
 ( 1.000000000000000000, 0.7071067811865476838, 1.000000000000000000),
 ( 1.000000000000000000, 0.7071067811865475727, 1.000000000000000000),
 ( 1.000000000000000000, 0.7071067811865475727, 1.000000000000000000),
 ( 1.000000000000000000, 0.7071067811865475727, 1.000000000000000000),
 ( 1.000000000000000000, 0.7071067811865475727, 1.000000000000000000),
 ( 1.000000000000000000, 0.7071067811865475727, 1.000000000000000000),
 ( 1.000000000000000000, 0.7071067811865475727, 1.000000000000000000),
 ( 1.000000000000000000, 0.7071067811865477948, 1.000000000000000000),
 ( 1.000000000000000000, 0.7071067811865477948, 1.000000000000000000),
 ( 1.000000000000000000, 0.7071067811865477948, 1.000000000000000000),
 ( 1.000000000000000000, 0.7071067811865477948, 1.000000000000000000),
 ( 1.000000000000000000, 0.7071067811865475727, 1.000000000000000000),
 ( 1.000000000000000000, 0.7071067811865475727, 1.000000000000000000),
 ( 1.000000000000000000, 0.7071067811865475727, 1.000000000000000000),
 ( 1.000000000000000000, 0.7071067811865475727, 1.000000000000000000),
 ( 1.000000000000000000, 0.7071067811865477948, 1.000000000000000000),
 ( 1.000000000000000000, 0.7071067811865477948, 1.000000000000000000),
 ( 1.000000000000000000, 0.7071067811865474617, 1.000000000000000000),
 ( 1.000000000000000000, 0.7071067811865474617, 1.000000000000000000),
 ( 1.000000000000000000, 0.7071067811865476838, 1.000000000000000000),
 ( 1.000000000000000000, 0.7071067811865476838, 1.000000000000000000),
 ( 1.000000000000000000, 0.7071067811865475727, 1.000000000000000000),
 ( 1.000000000000000000, 0.7071067811865475727, 1.000000000000000000),
 ( 1.000000000000000000, 0.7071067811865476838, 1.000000000000000000),
 ( 1.000000000000000000, 0.7071067811865476838, 1.000000000000000000),
 ( 1.000000000000000000, 0.7071067811865473507, 1.000000000000000000),
 ( 1.000000000000000000, 0.7071067811865473507, 1.000000000000000000),
 ( 1.000000000000000000, 0.7071067811865476838, 1.000000000000000000),
 ( 1.000000000000000000, 0.7071067811865476838, 1.000000000000000000),
 ( 1.000000000000000000, 0.7071067811865473507, 1.000000000000000000),
 ( 1.000000000000000000, 0.7071067811865473507, 1.000000000000000000),
 ( 1.000000000000000000, 0.7071067811865476838, 1.000000000000000000),
 ( 1.000000000000000000, 0.7071067811865476838, 1.000000000000000000),
 ( 1.000000000000000000, 0.7071067811865473507, 1.000000000000000000),
 ( 1.000000000000000000, 0.7071067811865473507, 1.000000000000000000),
 ( 1.000000000000000000, 0.7071067811865477948, 1.000000000000000000),
 ( 1.000000000000000000, 0.7071067811865477948, 1.000000000000000000),
 ( 1.000000000000000000, 0.7071067811865475727, 1.000000000000000000),
 ( 1.000000000000000000, 0.7071067811865475727, 1.000000000000000000),
 ( 1.000000000000000000, 0.7071067811865475727, 1.000000000000000000),
 ( 1.000000000000000000, 0.7071067811865475727, 1.000000000000000000),
 ( 1.000000000000000000, 0.7071067811865472397, 1.000000000000000000),
 ( 1.000000000000000000, 0.7071067811865472397, 1.000000000000000000),
 ( 1.000000000000000000, 0.7071067811865472397, 1.000000000000000000),
 ( 1.000000000000000000, 0.7071067811865472397, 1.000000000000000000),
 ( 1.000000000000000000, 0.7071067811865477948, 1.000000000000000000),
 ( 1.000000000000000000, 0.7071067811865477948, 1.000000000000000000),
 ( 1.000000000000000000, 0.7071067811865472397, 1.000000000000000000),
 ( 1.000000000000000000, 0.7071067811865472397, 1.000000000000000000),
 ( 1.000000000000000000, 0.7071067811865475727, 1.000000000000000000),
 ( 1.000000000000000000, 0.7071067811865475727, 1.000000000000000000),
 ( 1.000000000000000000, 0.7071067811865472397, 1.000000000000000000),
 ( 1.000000000000000000, 0.7071067811865472397, 1.000000000000000000),
 ( 1.000000000000000000, 0.7071067811865475727, 1.000000000000000000),
 ( 1.000000000000000000, 0.7071067811865475727, 1.000000000000000000),
 ( 1.000000000000000000, 0.7071067811865472397, 1.000000000000000000),
 ( 1.000000000000000000, 0.7071067811865472397, 1.000000000000000000),
 ( 1.000000000000000000, 0.7071067811865475727, 1.000000000000000000),
 ( 1.000000000000000000, 0.7071067811865475727, 1.000000000000000000),
 ( 1.000000000000000000, 0.7071067811865477948, 1.000000000000000000),
 ( 1.000000000000000000, 0.7071067811865477948, 1.000000000000000000),
 ( 1.000000000000000000, 0.7071067811865479058, 1.000000000000000000),
 ( 1.000000000000000000, 0.7071067811865479058, 1.000000000000000000),
 ( 1.000000000000000000, 0.7071067811865475727, 1.000000000000000000),
 ( 1.000000000000000000, 0.7071067811865475727, 1.000000000000000000),
 ( 1.000000000000000000, 0.7071067811865475727, 1.000000000000000000),
 ( 1.000000000000000000, 0.7071067811865475727, 1.000000000000000000),
 ( 1.000000000000000000, 0.7071067811865475727, 1.000000000000000000),
 ( 1.000000000000000000, 0.7071067811865475727, 1.000000000000000000),
 ( 1.000000000000000000, 0.7071067811865472397, 1.000000000000000000),
 ( 1.000000000000000000, 0.7071067811865472397, 1.000000000000000000),
 ( 1.000000000000000000, 0.7071067811865475727, 1.000000000000000000),
 ( 1.000000000000000000, 0.7071067811865475727, 1.000000000000000000),
 ( 1.000000000000000000, 0.7071067811865475727, 1.000000000000000000),
 ( 1.000000000000000000, 0.7071067811865475727, 1.000000000000000000),
 ( 1.000000000000000000, 0.7071067811865475727, 1.000000000000000000),
 ( 1.000000000000000000, 0.7071067811865475727, 1.000000000000000000),
 ( 1.000000000000000000, 0.7071067811865475727, 1.000000000000000000),
 ( 1.000000000000000000, 0.7071067811865475727, 1.000000000000000000),
 ( 1.000000000000000000, 0.7071067811865472397, 1.000000000000000000),
 ( 1.000000000000000000, 0.7071067811865472397, 1.000000000000000000),
 ( 1.000000000000000000, 0.7071067811865475727, 1.000000000000000000),
 ( 1.000000000000000000, 0.7071067811865475727, 1.000000000000000000),
 ( 1.000000000000000000, 0.7071067811865477948, 1.000000000000000000),
 ( 1.000000000000000000, 0.7071067811865477948, 1.000000000000000000),
 ( 1.000000000000000000, 0.7071067811865476838, 1.000000000000000000),
 ( 1.000000000000000000, 0.7071067811865476838, 1.000000000000000000),
 ( 1.000000000000000000, 0.7071067811865475727, 1.000000000000000000),
 ( 1.000000000000000000, 0.7071067811865475727, 1.000000000000000000) ) ) 
 REPRESENTATION_ITEM ( '' )  SURFACE ( )  );
#1416 = CARTESIAN_POINT ( 'NONE',  ( 21.50000000000004974, 475.5889497880401677, 543.8187156492155054 ) ) ;
#1417 = FACE_OUTER_BOUND ( 'NONE', #1131, .T. ) ;
#1418 = ORIENTED_EDGE ( 'NONE', *, *, #1496, .T. ) ;
#1419 = CARTESIAN_POINT ( 'NONE',  ( -539.4536706752188593, 2712.644564494909446, 1466.159644066103965 ) ) ;
#1420 = CARTESIAN_POINT ( 'NONE',  ( -21.50000000000004619, 527.4260947378161291, 559.4957092758049839 ) ) ;
#1421 = CARTESIAN_POINT ( 'NONE',  ( 687.9397825276197409, 2560.509713138566440, 288.1747176169699856 ) ) ;
#1422 = CARTESIAN_POINT ( 'NONE',  ( -667.9397772528409405, 1799.130452679616837, 2327.718964372836126 ) ) ;
#1423 = CARTESIAN_POINT ( 'NONE',  ( 730.9397822635133934, 2155.069829016011226, 386.1922789287177693 ) ) ;
#1424 = VERTEX_POINT ( 'NONE', #2911 ) ;
#1425 = CARTESIAN_POINT ( 'NONE',  ( -710.9397823510117860, 2512.383938190922436, 355.6670226645132402 ) ) ;
#1426 = CARTESIAN_POINT ( 'NONE',  ( -388.3311305917030722, 592.7280672390681957, 1159.345824017569385 ) ) ;
#1427 = CIRCLE ( 'NONE', #2826, 19.99999999999990763 ) ;
#1428 = FACE_OUTER_BOUND ( 'NONE', #1778, .T. ) ;
#1429 = FACE_OUTER_BOUND ( 'NONE', #497, .T. ) ;
#1430 = AXIS2_PLACEMENT_3D ( 'NONE', #64, #1167, #2274 ) ;
#1431 = ORIENTED_EDGE ( 'NONE', *, *, #1745, .F. ) ;
#1432 = CIRCLE ( 'NONE', #662, 179.9999999999998863 ) ;
#1433 = CARTESIAN_POINT ( 'NONE',  ( 91.49999999999998579, 550.8710315118880771, 492.6731413694863022 ) ) ;
#1434 = CARTESIAN_POINT ( 'NONE',  ( -687.9397817997891025, 2155.069829017076700, 566.1922788179390409 ) ) ;
#1435 = CARTESIAN_POINT ( 'NONE',  ( 91.50000000000002842, 503.4506573004031225, 553.4210381533277996 ) ) ;
#1436 = CARTESIAN_POINT ( 'NONE',  ( 21.50000000000004974, 331.7163147376595589, 439.8722665707095416 ) ) ;
#1437 = CARTESIAN_POINT ( 'NONE',  ( -91.49999999999997158, 428.2282284425643297, 436.7817957973455805 ) ) ;
#1438 = ORIENTED_EDGE ( 'NONE', *, *, #3381, .F. ) ;
#1439 = EDGE_CURVE ( 'NONE', #2896, #2711, #2830, .T. ) ;
#1440 = CARTESIAN_POINT ( 'NONE',  ( -657.5727556126952322, 2616.424711617944013, 1733.204109818356756 ) ) ;
#1441 = CARTESIAN_POINT ( 'NONE',  ( -21.50000000000004619, 468.7237264505570238, 540.8998996654956954 ) ) ;
#1442 = CARTESIAN_POINT ( 'NONE',  ( 730.1040350330956699, 1955.716182114185358, 271.5079982791834823 ) ) ;
#1443 = ORIENTED_EDGE ( 'NONE', *, *, #3445, .F. ) ;
#1444 = CARTESIAN_POINT ( 'NONE',  ( 21.50000000000004619, 699.4481171915189179, 545.4751108427341251 ) ) ;
#1445 = CARTESIAN_POINT ( 'NONE',  ( -723.7388491069808651, 1945.074954340647992, 270.3056628160996411 ) ) ;
#1446 = FACE_OUTER_BOUND ( 'NONE', #1504, .T. ) ;
#1447 = CARTESIAN_POINT ( 'NONE',  ( 672.8564094586654392, 2572.284293819696359, 276.2168740025647935 ) ) ;
#1448 = LINE ( 'NONE', #2284, #1126 ) ;
#1449 = DIRECTION ( 'NONE',  ( 2.405598848069276172E-09, 0.3669760374471598419, -0.9302303950847772285 ) ) ;
#1450 = CARTESIAN_POINT ( 'NONE',  ( 91.49999999999997158, 649.6952430909288978, 488.5736960391366779 ) ) ;
#1451 = CARTESIAN_POINT ( 'NONE',  ( 21.50000000000004974, 577.5147287746028724, 565.8839413337449287 ) ) ;
#1452 = EDGE_LOOP ( 'NONE', ( #747, #1561, #2922, #1312 ) ) ;
#1453 = DIRECTION ( 'NONE',  ( -2.576244773067052265E-09, 0.000000000000000000, -1.000000000000000000 ) ) ;
#1454 = CARTESIAN_POINT ( 'NONE',  ( -667.9397786288271845, 2560.904291512348664, 1800.943747283386074 ) ) ;
#1455 = CARTESIAN_POINT ( 'NONE',  ( -91.50000000003407763, 474.4306047692867878, 543.2223700255892709 ) ) ;
#1456 = DIRECTION ( 'NONE',  ( -1.000000000000000000, -2.478974872911206864E-11, 2.576245215136136512E-09 ) ) ;
#1457 = ADVANCED_FACE ( 'NONE', ( #2344 ), #629, .F. ) ;
#1458 = ORIENTED_EDGE ( 'NONE', *, *, #2253, .T. ) ;
#1459 = DIRECTION ( 'NONE',  ( -2.405598848069275759E-09, 0.3669760374471598419, -0.9302303950847772285 ) ) ;
#1460 = CARTESIAN_POINT ( 'NONE',  ( -354.3524839833506235, 575.1307128774019475, 1118.041350087198225 ) ) ;
#1461 = CARTESIAN_POINT ( 'NONE',  ( 6541.793986405782562, 1939.110919395535575, 370.1288722232382611 ) ) ;
#1462 = CARTESIAN_POINT ( 'NONE',  ( -517.9397825571795693, 2575.575515858644849, 276.2485430523564673 ) ) ;
#1463 = CARTESIAN_POINT ( 'NONE',  ( 21.50000000000004619, 691.7239420378481327, 548.5043691253288216 ) ) ;
#1464 = AXIS2_PLACEMENT_3D ( 'NONE', #1159, #1478, #2578 ) ;
#1465 = LINE ( 'NONE', #2869, #1949 ) ;
#1466 = ORIENTED_EDGE ( 'NONE', *, *, #915, .F. ) ;
#1467 = CARTESIAN_POINT ( 'NONE',  ( -91.49999999999995737, 652.1164946237186086, 487.9003233315152670 ) ) ;
#1468 = CARTESIAN_POINT ( 'NONE',  ( -687.9397820952054872, 1986.722161030029383, 449.9030525012238400 ) ) ;
#1469 = CARTESIAN_POINT ( 'NONE',  ( -91.49999999999997158, 571.1306882603673785, 495.2498860501004856 ) ) ;
#1470 = CARTESIAN_POINT ( 'NONE',  ( -638.9534105332446643, 998.3999005599645216, 1835.229300777980598 ) ) ;
#1471 = CARTESIAN_POINT ( 'NONE',  ( -463.6746851029963636, 644.9228452382745900, 640.6780522725234732 ) ) ;
#1472 = ORIENTED_EDGE ( 'NONE', *, *, #915, .T. ) ;
#1473 = EDGE_CURVE ( 'NONE', #3097, #281, #2766, .T. ) ;
#1474 = EDGE_CURVE ( 'NONE', #1644, #1152, #359, .T. ) ;
#1475 = CARTESIAN_POINT ( 'NONE',  ( 247.1602241727064779, 546.1367329988871688, 990.1174037287455576 ) ) ;
#1476 = DIRECTION ( 'NONE',  ( 2.576245215275660788E-09, 5.628313689823018994E-09, -1.000000000000000000 ) ) ;
#1477 = EDGE_CURVE ( 'NONE', #3222, #1798, #1525, .T. ) ;
#1478 = DIRECTION ( 'NONE',  ( 1.000000000000000000, -2.478974872911206864E-11, 2.576245215136136512E-09 ) ) ;
#1479 = CARTESIAN_POINT ( 'NONE',  ( 91.50000000027314684, 653.9866182379828388, 559.9014677857804827 ) ) ;
#1480 = VECTOR ( 'NONE', #3261, 1000.000000000000000 ) ;
#1481 = AXIS2_PLACEMENT_3D ( 'NONE', #1194, #3442, #695 ) ;
#1482 = AXIS2_PLACEMENT_3D ( 'NONE', #3391, #2843, #2535 ) ;
#1483 = CARTESIAN_POINT ( 'NONE',  ( 21.50000000000004619, 673.3354051890885330, 554.6281377244423538 ) ) ;
#1484 = VERTEX_POINT ( 'NONE', #2620 ) ;
#1485 = CARTESIAN_POINT ( 'NONE',  ( -91.49999999999997158, 643.8306410700394053, 490.1361960251521737 ) ) ;
#1486 = CARTESIAN_POINT ( 'NONE',  ( 608.9670141971960220, 923.9694985463369221, 1920.406713841049623 ) ) ;
#1487 = CARTESIAN_POINT ( 'NONE',  ( -625.2083565839062658, 962.7138307790711451, 260.7289461083701667 ) ) ;
#1488 = ORIENTED_EDGE ( 'NONE', *, *, #363, .F. ) ;
#1489 = CARTESIAN_POINT ( 'NONE',  ( 228.8374152994283293, 544.7820643281761477, 968.4249366794374509 ) ) ;
#1490 = CARTESIAN_POINT ( 'NONE',  ( 49.99629186464549946, 300.7920595900707212, 382.8533862888351109 ) ) ;
#1491 = PLANE ( 'NONE',  #2061 ) ;
#1492 = CARTESIAN_POINT ( 'NONE',  ( -21.50000000000005329, 532.8140361534808562, 560.5152991417436397 ) ) ;
#1493 = CARTESIAN_POINT ( 'NONE',  ( -91.50000000054616578, 766.6029253593245585, 518.1649491409120856 ) ) ;
#1494 = FACE_OUTER_BOUND ( 'NONE', #1985, .T. ) ;
#1495 = CARTESIAN_POINT ( 'NONE',  ( 21.50000000000004619, 696.3156641273245668, 546.7322360888821322 ) ) ;
#1496 = EDGE_CURVE ( 'NONE', #3222, #987, #683, .T. ) ;
#1497 = ORIENTED_EDGE ( 'NONE', *, *, #1576, .T. ) ;
#1498 = FACE_OUTER_BOUND ( 'NONE', #2634, .T. ) ;
#1499 = VERTEX_POINT ( 'NONE', #407 ) ;
#1500 = DIRECTION ( 'NONE',  ( 2.478017790963347460E-11, -1.000000000000000000, -6.383980381536535774E-20 ) ) ;
#1501 = DIRECTION ( 'NONE',  ( -1.000000000000000000, 2.478974872911206864E-11, -2.576245215136136926E-09 ) ) ;
#1502 = CARTESIAN_POINT ( 'NONE',  ( 687.9397820952054872, 1986.722161030029611, 449.9030525012237831 ) ) ;
#1503 = DIRECTION ( 'NONE',  ( -1.000000000000000000, -2.478974872911206864E-11, 2.576245215136136512E-09 ) ) ;
#1504 = EDGE_LOOP ( 'NONE', ( #2136, #1861, #1209, #678 ) ) ;
#1505 = CARTESIAN_POINT ( 'NONE',  ( 210.6190634294831341, 544.3303201145994308, 946.8668885171949796 ) ) ;
#1506 = CARTESIAN_POINT ( 'NONE',  ( 727.6633980061335478, 2555.412423069552005, 276.5376782175794688 ) ) ;
#1507 = CARTESIAN_POINT ( 'NONE',  ( -21.50000000000004619, 292.4576172295984975, 379.8675554636560605 ) ) ;
#1508 = CYLINDRICAL_SURFACE ( 'NONE', #1136, 99.99999999999992895 ) ;
#1509 = CARTESIAN_POINT ( 'NONE',  ( -21.50000000000004263, 622.1340977540434096, 564.8576150978889245 ) ) ;
#1510 = FACE_OUTER_BOUND ( 'NONE', #3355, .T. ) ;
#1511 = DIRECTION ( 'NONE',  ( 0.000000000000000000, -0.9999537079413387541, -0.009621952731540726889 ) ) ;
#1512 = CARTESIAN_POINT ( 'NONE',  ( 91.49999999999991473, 679.2999496787409726, 552.8024957205813052 ) ) ;
#1513 = ORIENTED_EDGE ( 'NONE', *, *, #560, .T. ) ;
#1514 = EDGE_CURVE ( 'NONE', #360, #1252, #2639, .T. ) ;
#1515 = CARTESIAN_POINT ( 'NONE',  ( 21.49999999999999289, 690.0717893919209018, 549.1416498401541730 ) ) ;
#1516 = VERTEX_POINT ( 'NONE', #3463 ) ;
#1517 = CARTESIAN_POINT ( 'NONE',  ( -91.49999999999992895, 673.4089958462471941, 480.5001145271250493 ) ) ;
#1518 = AXIS2_PLACEMENT_3D ( 'NONE', #2528, #31, #584 ) ;
#1519 = CARTESIAN_POINT ( 'NONE',  ( 6541.793986663418764, 2017.946897700879617, 270.8828339766128011 ) ) ;
#1520 = MECHANICAL_DESIGN_GEOMETRIC_PRESENTATION_REPRESENTATION (  '', ( #3108 ), #2697 ) ;
#1521 = DIRECTION ( 'NONE',  ( 0.2302244917619712394, -0.5029706221415728429, -0.8330769692264102799 ) ) ;
#1522 = LINE ( 'NONE', #2640, #3572 ) ;
#1523 = VECTOR ( 'NONE', #100, 1000.000000000000227 ) ;
#1524 = CARTESIAN_POINT ( 'NONE',  ( -608.9670184623917066, 923.9695078644945170, 264.8206470506059986 ) ) ;
#1525 =( BOUNDED_CURVE ( )  B_SPLINE_CURVE ( 3, ( #1748, #2063, #1470, #1796 ),
 .UNSPECIFIED., .F., .F. ) 
 B_SPLINE_CURVE_WITH_KNOTS ( ( 4, 4 ),
 ( 4.283125820404126927, 4.468237520104024085 ),
 .UNSPECIFIED. ) 
 CURVE ( )  GEOMETRIC_REPRESENTATION_ITEM ( )  RATIONAL_B_SPLINE_CURVE ( ( 1.000000000000000000, 0.9971465094815157304, 0.9971465094815157304, 1.000000000000000000 ) ) 
 REPRESENTATION_ITEM ( '' )  );
#1526 = CARTESIAN_POINT ( 'NONE',  ( 42.70762226695890718, 297.4028557955844576, 382.3734990258991502 ) ) ;
#1527 = CARTESIAN_POINT ( 'NONE',  ( -82.72949963173006438, 728.5120879147452797, 494.7284496458290732 ) ) ;
#1528 = CARTESIAN_POINT ( 'NONE',  ( -21.50000000000004619, 475.5641849195274062, 543.8090840498318812 ) ) ;
#1529 = AXIS2_PLACEMENT_3D ( 'NONE', #2211, #1749, #2726 ) ;
#1530 = CARTESIAN_POINT ( 'NONE',  ( -91.50000000000186162, 699.5241103186381224, 545.4442063602930375 ) ) ;
#1531 = CARTESIAN_POINT ( 'NONE',  ( 49.92479233387709314, 704.2976899621355642, 537.0075952137168542 ) ) ;
#1532 = CARTESIAN_POINT ( 'NONE',  ( 21.50000000000004619, 699.5597147852265607, 545.4297269243994606 ) ) ;
#1533 = ORIENTED_EDGE ( 'NONE', *, *, #445, .F. ) ;
#1534 = CARTESIAN_POINT ( 'NONE',  ( 539.4536706752188593, 2712.644564494909446, 1466.159644066103965 ) ) ;
#1535 = AXIS2_PLACEMENT_3D ( 'NONE', #2463, #2737, #811 ) ;
#1536 = VERTEX_POINT ( 'NONE', #2586 ) ;
#1537 = CARTESIAN_POINT ( 'NONE',  ( 687.8713369095687540, 2562.401998491702216, 283.3780519709827104 ) ) ;
#1538 = AXIS2_PLACEMENT_3D ( 'NONE', #1868, #1834, #1851 ) ;
#1539 = DIRECTION ( 'NONE',  ( 2.478017790963347460E-11, 1.000000000000000000, 6.383980381536535774E-20 ) ) ;
#1540 = CARTESIAN_POINT ( 'NONE',  ( -664.4846692794761793, 2036.295664790355659, 346.5677601026522439 ) ) ;
#1541 = FACE_OUTER_BOUND ( 'NONE', #2479, .T. ) ;
#1542 = EDGE_CURVE ( 'NONE', #3466, #2059, #2364, .T. ) ;
#1543 = ORIENTED_EDGE ( 'NONE', *, *, #1942, .T. ) ;
#1544 = CARTESIAN_POINT ( 'NONE',  ( 211.5785688465075509, 544.3303201145993171, 945.3959909608768157 ) ) ;
#1545 = CARTESIAN_POINT ( 'NONE',  ( 730.5225840030843756, 2547.619834765167070, 277.5417106147906452 ) ) ;
#1546 = CARTESIAN_POINT ( 'NONE',  ( -21.50000000000004619, 292.1749722784144865, 379.3193587478823474 ) ) ;
#1547 = DIRECTION ( 'NONE',  ( 2.576244773067061778E-09, 0.000000000000000000, 1.000000000000000000 ) ) ;
#1548 = CARTESIAN_POINT ( 'NONE',  ( -21.50000000000004263, 675.7466177928607749, 553.9042529230099490 ) ) ;
#1549 = CARTESIAN_POINT ( 'NONE',  ( -91.49999999999963052, 699.4707036187675158, 545.4659255141291396 ) ) ;
#1550 = DIRECTION ( 'NONE',  ( 0.000000000000000000, 0.8560731960956179387, -0.5168546052098537125 ) ) ;
#1551 = CARTESIAN_POINT ( 'NONE',  ( 21.50000000000004619, 699.4707036187681979, 545.4659255141289123 ) ) ;
#1552 = ORIENTED_EDGE ( 'NONE', *, *, #693, .F. ) ;
#1553 = CARTESIAN_POINT ( 'NONE',  ( -710.9397819076673386, 2349.841369848798422, 526.1922788771929618 ) ) ;
#1554 = ORIENTED_EDGE ( 'NONE', *, *, #232, .F. ) ;
#1555 = CARTESIAN_POINT ( 'NONE',  ( 91.49999999993193001, 303.9962647214812819, 400.7505809085666328 ) ) ;
#1556 = B_SPLINE_CURVE_WITH_KNOTS ( 'NONE', 3,
 ( #3385, #3095, #587, #2264, #876, #1264, #2930, #3205, #1007, #2674, #175, #1281, #2656, #974, #991, #2679, #1506, #2048, #3210, #2349, #1816, #433, #1545, #1615, #2147, #3553 ),
 .UNSPECIFIED., .F., .F.,
 ( 4, 2, 2, 2, 2, 2, 2, 2, 2, 2, 2, 2, 4 ),
 ( 0.000000000000000000, 0.004181420749917417155, 0.006272131124875815651, 0.008362841499834213280, 0.01254426224975013771, 0.01463497262470756649, 0.01672568299966499528, 0.01881639337462242406, 0.02090710374957984938, 0.02508852449949454735, 0.02717923487445183389, 0.02926994524940912043, 0.03345136599932501537 ),
 .UNSPECIFIED. ) ;
#1557 = CARTESIAN_POINT ( 'NONE',  ( 517.9397825571791145, 2725.568572049845898, 277.6918359620876231 ) ) ;
#1558 = ORIENTED_EDGE ( 'NONE', *, *, #3194, .T. ) ;
#1559 = CARTESIAN_POINT ( 'NONE',  ( -730.9397824388577192, 2194.127406980013802, 318.5061490722860071 ) ) ;
#1560 = DIRECTION ( 'NONE',  ( -1.000000000000000000, -2.478974872911206864E-11, 2.576245215136136512E-09 ) ) ;
#1561 = ORIENTED_EDGE ( 'NONE', *, *, #2661, .F. ) ;
#1562 = ADVANCED_FACE ( 'NONE', ( #664 ), #1781, .F. ) ;
#1563 = CARTESIAN_POINT ( 'NONE',  ( -664.4846735620333220, 961.0780988147084827, 430.7210764583976470 ) ) ;
#1564 = EDGE_CURVE ( 'NONE', #1484, #923, #700, .T. ) ;
#1565 = CARTESIAN_POINT ( 'NONE',  ( -91.50000000000019895, 293.4512908860734228, 381.7948095424869734 ) ) ;
#1566 = CARTESIAN_POINT ( 'NONE',  ( -78.90775037934929514, 723.5405310693586216, 503.4089535334954348 ) ) ;
#1567 = CARTESIAN_POINT ( 'NONE',  ( -21.50000000000006750, 557.4944037972855995, 564.2074025296958553 ) ) ;
#1568 = CARTESIAN_POINT ( 'NONE',  ( -21.50000000000004619, 701.6603783135607273, 544.5754402068197351 ) ) ;
#1569 = DIRECTION ( 'NONE',  ( 1.000000000000000000, 2.478974872911206864E-11, -2.576245215136136512E-09 ) ) ;
#1570 = CARTESIAN_POINT ( 'NONE',  ( 91.49999999999963052, 699.4707036187675158, 545.4659255141285712 ) ) ;
#1571 = B_SPLINE_CURVE_WITH_KNOTS ( 'NONE', 3,
 ( #2029, #3152, #374, #123, #1229, #3540 ),
 .UNSPECIFIED., .F., .F.,
 ( 4, 2, 4 ),
 ( 0.001741886356149590937, 0.02197571537944577671, 0.04220954440274196640 ),
 .UNSPECIFIED. ) ;
#1572 = ORIENTED_EDGE ( 'NONE', *, *, #1474, .T. ) ;
#1573 = CARTESIAN_POINT ( 'NONE',  ( 560.6294044220708201, 2707.802623730843152, 1507.131552651079801 ) ) ;
#1574 = EDGE_LOOP ( 'NONE', ( #3590, #3167, #1513, #16, #1021, #830 ) ) ;
#1575 = CARTESIAN_POINT ( 'NONE',  ( 91.50000000000424905, 293.8996372790335272, 382.6613447653459730 ) ) ;
#1576 = EDGE_CURVE ( 'NONE', #2231, #850, #1571, .T. ) ;
#1577 = CARTESIAN_POINT ( 'NONE',  ( -667.9397781773599263, 1194.500099909721939, 1963.037986023700796 ) ) ;
#1578 = VERTEX_POINT ( 'NONE', #1342 ) ;
#1579 = LINE ( 'NONE', #461, #2301 ) ;
#1580 = AXIS2_PLACEMENT_3D ( 'NONE', #72, #1789, #877 ) ;
#1581 = ORIENTED_EDGE ( 'NONE', *, *, #381, .T. ) ;
#1582 = CARTESIAN_POINT ( 'NONE',  ( -687.9397818561423037, 2349.841369849368675, 546.1922788179392683 ) ) ;
#1583 = CARTESIAN_POINT ( 'NONE',  ( -91.49999999999992895, 324.8858840047673766, 431.4452405664428056 ) ) ;
#1584 = CARTESIAN_POINT ( 'NONE',  ( -24.59438063715919753, 699.4481171915190316, 545.4751108427342388 ) ) ;
#1585 = EDGE_CURVE ( 'NONE', #2231, #385, #751, .T. ) ;
#1586 = CARTESIAN_POINT ( 'NONE',  ( -668.6234351820102120, 2564.178927886820475, 278.8737967203937274 ) ) ;
#1587 = EDGE_CURVE ( 'NONE', #1376, #1916, #502, .T. ) ;
#1588 = CARTESIAN_POINT ( 'NONE',  ( -91.49999999999991473, 660.3208981178000840, 485.3592072919628890 ) ) ;
#1589 = CARTESIAN_POINT ( 'NONE',  ( 667.9397824826110082, 2575.297024588602198, 305.1905245687887032 ) ) ;
#1590 = PLANE ( 'NONE',  #1755 ) ;
#1591 = CARTESIAN_POINT ( 'NONE',  ( 91.49999999999781153, 699.3832974255310546, 545.5014632338027241 ) ) ;
#1592 = VERTEX_POINT ( 'NONE', #235 ) ;
#1593 = EDGE_CURVE ( 'NONE', #3411, #970, #3234, .T. ) ;
#1594 = CARTESIAN_POINT ( 'NONE',  ( 523.3406826471369868, 2714.336661104898667, 1435.254412052063344 ) ) ;
#1595 = ORIENTED_EDGE ( 'NONE', *, *, #2007, .T. ) ;
#1596 = CARTESIAN_POINT ( 'NONE',  ( 91.49999999999991473, 293.6707475458831027, 382.2197592890746591 ) ) ;
#1597 = CARTESIAN_POINT ( 'NONE',  ( -664.4846693005357565, 2194.127407014605978, 318.5061454773303922 ) ) ;
#1598 = VECTOR ( 'NONE', #2675, 1000.000000000000227 ) ;
#1599 = EDGE_LOOP ( 'NONE', ( #2383, #2676, #306, #2001 ) ) ;
#1600 = CARTESIAN_POINT ( 'NONE',  ( -664.4846735620333220, 961.0780988147084827, 260.7210764583977607 ) ) ;
#1601 = CIRCLE ( 'NONE', #1430, 19.99999999999972999 ) ;
#1602 = ORIENTED_EDGE ( 'NONE', *, *, #1514, .F. ) ;
#1603 = AXIS2_PLACEMENT_3D ( 'NONE', #1597, #1064, #2714 ) ;
#1604 = LINE ( 'NONE', #504, #2537 ) ;
#1605 = CARTESIAN_POINT ( 'NONE',  ( -21.50000000000004619, 293.6707475458815679, 382.2197592890754549 ) ) ;
#1606 = CARTESIAN_POINT ( 'NONE',  ( 517.9397781773599263, 2709.211252406226322, 1977.613139462363051 ) ) ;
#1607 = CARTESIAN_POINT ( 'NONE',  ( -21.50000000000004619, 381.2892647080604434, 488.8884737543845631 ) ) ;
#1608 = ORIENTED_EDGE ( 'NONE', *, *, #2610, .T. ) ;
#1609 = CARTESIAN_POINT ( 'NONE',  ( 608.9670147342335440, 923.9694997196010036, 1711.949232279379430 ) ) ;
#1610 = CARTESIAN_POINT ( 'NONE',  ( -91.49999999999997158, 580.9519159267377972, 495.9786837590164623 ) ) ;
#1611 = CARTESIAN_POINT ( 'NONE',  ( -687.7344870048553958, 2565.253772436931285, 276.1492235647950793 ) ) ;
#1612 = CARTESIAN_POINT ( 'NONE',  ( -725.1867268525534200, 2558.802666487671104, 276.2939127645681765 ) ) ;
#1613 = CARTESIAN_POINT ( 'NONE',  ( 91.50000000001698197, 702.2300497789349265, 544.3437692325258013 ) ) ;
#1614 = ORIENTED_EDGE ( 'NONE', *, *, #1965, .F. ) ;
#1615 = CARTESIAN_POINT ( 'NONE',  ( 730.8378878353680648, 2545.582091031731579, 277.9007248159850292 ) ) ;
#1616 = DIRECTION ( 'NONE',  ( -2.478017790963361030E-11, -1.000000000000000000, -6.383994137298605473E-20 ) ) ;
#1617 = ADVANCED_FACE ( 'NONE', ( #1889 ), #1360, .T. ) ;
#1618 = VERTEX_POINT ( 'NONE', #3598 ) ;
#1619 = CARTESIAN_POINT ( 'NONE',  ( 91.50000000005100276, 359.8344486583800972, 469.8610066846839572 ) ) ;
#1620 = CARTESIAN_POINT ( 'NONE',  ( -730.9397823378843668, 2038.631814581417075, 356.2039042389994279 ) ) ;
#1621 = CARTESIAN_POINT ( 'NONE',  ( -528.7226831967408316, 748.6599961656696678, 459.5495305788986684 ) ) ;
#1622 = ORIENTED_EDGE ( 'NONE', *, *, #1051, .T. ) ;
#1623 = DIRECTION ( 'NONE',  ( 1.000000000000000000, -2.478017790963360707E-11, 0.000000000000000000 ) ) ;
#1624 = CARTESIAN_POINT ( 'NONE',  ( -21.50000000000004619, 293.5565411635527084, 381.9988043603958658 ) ) ;
#1625 = CARTESIAN_POINT ( 'NONE',  ( -33.61059275068279106, 700.2857568260002381, 544.0125641335830551 ) ) ;
#1626 = CARTESIAN_POINT ( 'NONE',  ( 730.9397822683416734, 2349.841369848302747, 386.1922789287177693 ) ) ;
#1627 = EDGE_LOOP ( 'NONE', ( #3604, #2833, #1595, #312, #2476, #541, #537, #422, #1581, #3285, #2772, #824 ) ) ;
#1628 = CARTESIAN_POINT ( 'NONE',  ( -91.49999999994875566, 691.7239420379722787, 548.5043691252967619 ) ) ;
#1629 = DIRECTION ( 'NONE',  ( 0.000000000000000000, 0.000000000000000000, -1.000000000000000000 ) ) ;
#1630 = CARTESIAN_POINT ( 'NONE',  ( 91.49999999999997158, 784.8324122502134514, 510.7514779645006797 ) ) ;
#1631 = CARTESIAN_POINT ( 'NONE',  ( 91.49999999999997158, 501.8401742618700041, 478.7999855130623814 ) ) ;
#1632 = CARTESIAN_POINT ( 'NONE',  ( -667.6198354132363875, 2585.366986637395257, 276.3427608685289556 ) ) ;
#1633 = CARTESIAN_POINT ( 'NONE',  ( 21.50000000000004619, 340.5422782764800331, 450.2501171047400135 ) ) ;
#1634 = EDGE_CURVE ( 'NONE', #286, #2801, #896, .T. ) ;
#1635 = ADVANCED_FACE ( 'NONE', ( #2117 ), #771, .F. ) ;
#1636 = CARTESIAN_POINT ( 'NONE',  ( 687.9397818513139100, 2155.069829017076700, 546.1922788179391546 ) ) ;
#1637 = ORIENTED_EDGE ( 'NONE', *, *, #3131, .T. ) ;
#1638 = DIRECTION ( 'NONE',  ( 1.000000000000000000, -0.000000000000000000, -0.000000000000000000 ) ) ;
#1639 = ORIENTED_EDGE ( 'NONE', *, *, #2434, .T. ) ;
#1640 = PLANE ( 'NONE',  #2233 ) ;
#1641 = CARTESIAN_POINT ( 'NONE',  ( -21.50000000000004619, 324.8858840048719117, 431.4452405663557215 ) ) ;
#1642 = CARTESIAN_POINT ( 'NONE',  ( 687.9397822683416734, 2349.841369849368675, 386.1922788179392114 ) ) ;
#1643 = DIRECTION ( 'NONE',  ( 1.000000000000000000, 2.478974872911206864E-11, -2.576245215136136926E-09 ) ) ;
#1644 = VERTEX_POINT ( 'NONE', #3009 ) ;
#1645 = CARTESIAN_POINT ( 'NONE',  ( -91.49999999999997158, 649.6952430909288978, 488.5736960391366779 ) ) ;
#1646 = CARTESIAN_POINT ( 'NONE',  ( 6541.793986545096232, 2194.127406835963939, 318.5061640424713687 ) ) ;
#1647 = CIRCLE ( 'NONE', #473, 19.99999999999994316 ) ;
#1648 = CARTESIAN_POINT ( 'NONE',  ( 21.50000000000004619, 766.6029253597004072, 518.1649491410164501 ) ) ;
#1649 = CARTESIAN_POINT ( 'NONE',  ( 91.49999999999995737, 576.3793555189229210, 495.6962790214477081 ) ) ;
#1650 =( BOUNDED_CURVE ( )  B_SPLINE_CURVE ( 3, ( #1609, #2721, #2466, #202 ),
 .UNSPECIFIED., .F., .F. ) 
 B_SPLINE_CURVE_WITH_KNOTS ( ( 4, 4 ),
 ( 4.283125820404126927, 4.468237520104024085 ),
 .UNSPECIFIED. ) 
 CURVE ( )  GEOMETRIC_REPRESENTATION_ITEM ( )  RATIONAL_B_SPLINE_CURVE ( ( 1.000000000000000000, 0.9971465094815157304, 0.9971465094815157304, 1.000000000000000000 ) ) 
 REPRESENTATION_ITEM ( '' )  );
#1651 = ORIENTED_EDGE ( 'NONE', *, *, #626, .F. ) ;
#1652 = CARTESIAN_POINT ( 'NONE',  ( 91.50000000030470915, 380.4562180583459394, 488.0997710947887640 ) ) ;
#1653 = CARTESIAN_POINT ( 'NONE',  ( -667.9397825571795693, 1194.500109478298100, 262.9592859728577423 ) ) ;
#1654 = ORIENTED_EDGE ( 'NONE', *, *, #2232, .T. ) ;
#1655 = DIRECTION ( 'NONE',  ( -1.000000000000000000, 2.478017790963360707E-11, 0.000000000000000000 ) ) ;
#1656 = ORIENTED_EDGE ( 'NONE', *, *, #2533, .T. ) ;
#1657 = CARTESIAN_POINT ( 'NONE',  ( -649.6314085772346516, 2633.828434304721213, 1706.612879804720933 ) ) ;
#1658 = CARTESIAN_POINT ( 'NONE',  ( -21.50000000000004619, 293.8079860102028533, 382.4847754392647516 ) ) ;
#1659 = CARTESIAN_POINT ( 'NONE',  ( 668.3447215375171027, 2560.414092854907267, 288.4171009518406095 ) ) ;
#1660 = AXIS2_PLACEMENT_3D ( 'NONE', #2457, #2715, #1010 ) ;
#1661 = ADVANCED_FACE ( 'NONE', ( #733 ), #1087, .F. ) ;
#1662 = LINE ( 'NONE', #1092, #2394 ) ;
#1663 = ORIENTED_EDGE ( 'NONE', *, *, #142, .F. ) ;
#1664 = CARTESIAN_POINT ( 'NONE',  ( -651.7344964756340460, 1050.220834672690899, 1917.674387303130743 ) ) ;
#1665 = CARTESIAN_POINT ( 'NONE',  ( -91.49999999999991473, 674.5762517164522478, 554.2518155197478791 ) ) ;
#1666 = CARTESIAN_POINT ( 'NONE',  ( -728.3442554024034052, 1951.174288883887812, 270.8572677109330584 ) ) ;
#1667 = CARTESIAN_POINT ( 'NONE',  ( 667.9397795943606297, 2467.268739183226899, 1878.845748879733947 ) ) ;
#1668 = ORIENTED_EDGE ( 'NONE', *, *, #2905, .T. ) ;
#1669 = DIRECTION ( 'NONE',  ( 2.405587178857766572E-09, -0.3669760374471597864, 0.9302303950847773395 ) ) ;
#1670 = CARTESIAN_POINT ( 'NONE',  ( -668.9581227575894218, 2578.982043817697559, 276.2813189627399311 ) ) ;
#1671 = CARTESIAN_POINT ( 'NONE',  ( 21.50000000000004619, 491.7076688129913578, 549.7307623172208650 ) ) ;
#1672 = CARTESIAN_POINT ( 'NONE',  ( -667.9397781773599263, 2559.218196211307259, 1976.169846939068748 ) ) ;
#1673 = EDGE_LOOP ( 'NONE', ( #1431, #3315, #171, #2617 ) ) ;
#1674 = CARTESIAN_POINT ( 'NONE',  ( -91.49999999999995737, 456.0293328686384484, 456.1761536056834530 ) ) ;
#1675 = ORIENTED_EDGE ( 'NONE', *, *, #3267, .F. ) ;
#1676 = CARTESIAN_POINT ( 'NONE',  ( -210.4772484759659790, 544.3303201145994308, 946.6990908007551297 ) ) ;
#1677 = CARTESIAN_POINT ( 'NONE',  ( -91.49999999999997158, 482.1026391083753992, 470.2780665007650214 ) ) ;
#1678 = CARTESIAN_POINT ( 'NONE',  ( 729.4453244301123505, 1953.722612584296712, 271.1998394195456399 ) ) ;
#1679 = ORIENTED_EDGE ( 'NONE', *, *, #1145, .T. ) ;
#1680 = EDGE_CURVE ( 'NONE', #3119, #1326, #252, .T. ) ;
#1681 = EDGE_CURVE ( 'NONE', #2614, #1950, #2966, .T. ) ;
#1682 = CARTESIAN_POINT ( 'NONE',  ( 730.9397818561425311, 2349.841369848302747, 546.1922789287177693 ) ) ;
#1683 = CARTESIAN_POINT ( 'NONE',  ( 667.9397781773599263, 2155.262556301303903, 1972.282824927964384 ) ) ;
#1684 = CYLINDRICAL_SURFACE ( 'NONE', #3593, 550.0000000000003411 ) ;
#1685 = ORIENTED_EDGE ( 'NONE', *, *, #1477, .F. ) ;
#1686 = EDGE_CURVE ( 'NONE', #3081, #3254, #2695, .T. ) ;
#1687 = DIRECTION ( 'NONE',  ( 0.000000000000000000, 0.9302303950847772285, 0.3669760374471597308 ) ) ;
#1688 = ORIENTED_EDGE ( 'NONE', *, *, #1364, .T. ) ;
#1689 = CARTESIAN_POINT ( 'NONE',  ( 21.50000000000004619, 375.7697300445144037, 484.2131195327212936 ) ) ;
#1690 = CARTESIAN_POINT ( 'NONE',  ( 21.50000000000004619, 319.5603515757209721, 424.2374344804500765 ) ) ;
#1691 = ORIENTED_EDGE ( 'NONE', *, *, #3537, .T. ) ;
#1692 = CARTESIAN_POINT ( 'NONE',  ( -91.49999999999995737, 489.9629225067765219, 473.8559380820695992 ) ) ;
#1693 = ORIENTED_EDGE ( 'NONE', *, *, #2533, .F. ) ;
#1694 = CARTESIAN_POINT ( 'NONE',  ( -577.1341028470422998, 2701.528906601412928, 1539.767088671829242 ) ) ;
#1695 = CARTESIAN_POINT ( 'NONE',  ( -21.50000000000004619, 474.4306047692147672, 543.2223700260718715 ) ) ;
#1696 = DIRECTION ( 'NONE',  ( 2.576364511189424524E-09, 0.009621952731540714746, -0.9999537079413387541 ) ) ;
#1697 = CIRCLE ( 'NONE', #875, 550.0000000000004547 ) ;
#1698 = ORIENTED_EDGE ( 'NONE', *, *, #2595, .T. ) ;
#1699 = DIRECTION ( 'NONE',  ( -1.000000000000000000, 2.478941535326792821E-11, -2.576245248302813367E-09 ) ) ;
#1700 = CARTESIAN_POINT ( 'NONE',  ( -228.8383129723414697, 544.7821117486543017, 968.4259991172311857 ) ) ;
#1701 = ADVANCED_FACE ( 'NONE', ( #1832 ), #2950, .T. ) ;
#1702 = DIRECTION ( 'NONE',  ( 1.000000000000000000, -0.000000000000000000, -0.000000000000000000 ) ) ;
#1703 = EDGE_CURVE ( 'NONE', #2395, #2149, #1910, .T. ) ;
#1704 = EDGE_LOOP ( 'NONE', ( #499, #1622, #1241, #2509, #1968, #156 ) ) ;
#1705 = VECTOR ( 'NONE', #3138, 1000.000000000000114 ) ;
#1706 = CARTESIAN_POINT ( 'NONE',  ( 91.49999999999994316, 580.6529955641821061, 495.9514698013791758 ) ) ;
#1707 = DIRECTION ( 'NONE',  ( -2.576245389857632714E-09, 0.000000000000000000, -1.000000000000000000 ) ) ;
#1708 = CARTESIAN_POINT ( 'NONE',  ( 91.49999999999997158, 496.7143944722863012, 476.7242468899820551 ) ) ;
#1709 = EDGE_CURVE ( 'NONE', #2856, #1644, #2005, .T. ) ;
#1710 = DIRECTION ( 'NONE',  ( 2.576245466956450514E-09, 0.000000000000000000, -1.000000000000000000 ) ) ;
#1711 = AXIS2_PLACEMENT_3D ( 'NONE', #1434, #2246, #1119 ) ;
#1712 = ORIENTED_EDGE ( 'NONE', *, *, #983, .F. ) ;
#1713 = FACE_OUTER_BOUND ( 'NONE', #1176, .T. ) ;
#1714 = ORIENTED_EDGE ( 'NONE', *, *, #2773, .F. ) ;
#1715 = CARTESIAN_POINT ( 'NONE',  ( -654.9161770733410322, 2622.799502934031352, 1723.787053941489376 ) ) ;
#1716 = CARTESIAN_POINT ( 'NONE',  ( -91.49999999999997158, 468.9961205524762704, 463.7233640595441670 ) ) ;
#1717 = CARTESIAN_POINT ( 'NONE',  ( 719.7381130333088777, 1942.266940009958716, 270.1785249460460250 ) ) ;
#1718 = ORIENTED_EDGE ( 'NONE', *, *, #566, .T. ) ;
#1719 = CARTESIAN_POINT ( 'NONE',  ( -337.0006899842082362, 567.8639491028262682, 1097.137030893292376 ) ) ;
#1720 = AXIS2_PLACEMENT_3D ( 'NONE', #2931, #3187, #682 ) ;
#1721 = DIRECTION ( 'NONE',  ( -2.576245466956450514E-09, 0.000000000000000000, -1.000000000000000000 ) ) ;
#1722 = VECTOR ( 'NONE', #2419, 1000.000000000000000 ) ;
#1723 = AXIS2_PLACEMENT_3D ( 'NONE', #1777, #971, #916 ) ;
#1724 = CARTESIAN_POINT ( 'NONE',  ( -664.4846692976722125, 2309.624602798551223, 478.5061489010813602 ) ) ;
#1725 = CARTESIAN_POINT ( 'NONE',  ( 21.50000000000004619, 555.2989446379724541, 563.9527255847573315 ) ) ;
#1726 = EDGE_CURVE ( 'NONE', #2801, #1065, #2986, .T. ) ;
#1727 = EDGE_CURVE ( 'NONE', #1484, #442, #1579, .T. ) ;
#1728 = CARTESIAN_POINT ( 'NONE',  ( 91.49999999999997158, 466.1084411552857887, 539.7972385699023334 ) ) ;
#1729 = VERTEX_POINT ( 'NONE', #1621 ) ;
#1730 = CARTESIAN_POINT ( 'NONE',  ( -91.49999999999997158, 478.2950792594630798, 468.5181605187058835 ) ) ;
#1731 = CARTESIAN_POINT ( 'NONE',  ( -622.6221658254600015, 2670.029601788885884, 1636.576741804681433 ) ) ;
#1732 = CARTESIAN_POINT ( 'NONE',  ( -91.49999999998283329, 464.4643060973001525, 539.0971601019915624 ) ) ;
#1733 = CARTESIAN_POINT ( 'NONE',  ( 724.4900399442553862, 1945.808048228301232, 270.3530664298541524 ) ) ;
#1734 = CARTESIAN_POINT ( 'NONE',  ( 687.9397818513141374, 2155.069829017077154, 546.1922788179392683 ) ) ;
#1735 = ORIENTED_EDGE ( 'NONE', *, *, #2205, .T. ) ;
#1736 = CARTESIAN_POINT ( 'NONE',  ( 362.9417015252680017, 579.1381488002388096, 1128.429857191872543 ) ) ;
#1737 = DIRECTION ( 'NONE',  ( 0.000000000000000000, -0.9302303950847772285, -0.3669760374471597308 ) ) ;
#1738 = CARTESIAN_POINT ( 'NONE',  ( 679.5188045444667750, 2567.125663998222080, 276.1672356295654254 ) ) ;
#1739 = CYLINDRICAL_SURFACE ( 'NONE', #356, 159.9999999999999147 ) ;
#1740 = CARTESIAN_POINT ( 'NONE',  ( 91.49999999999997158, 585.8439599744547195, 496.1682009442098433 ) ) ;
#1741 = CARTESIAN_POINT ( 'NONE',  ( -6541.793986444123220, 2038.631814437367439, 356.2039192091847326 ) ) ;
#1742 = ORIENTED_EDGE ( 'NONE', *, *, #2090, .F. ) ;
#1743 = CARTESIAN_POINT ( 'NONE',  ( 91.49999999999997158, 354.6747163772600970, 347.7890178777755636 ) ) ;
#1744 = EDGE_CURVE ( 'NONE', #917, #3088, #3559, .T. ) ;
#1745 = EDGE_CURVE ( 'NONE', #1305, #430, #2127, .T. ) ;
#1746 = CYLINDRICAL_SURFACE ( 'NONE', #1134, 19.99999999999990052 ) ;
#1747 = CARTESIAN_POINT ( 'NONE',  ( -91.49999999999997158, 409.9306986268599076, 420.8890021387733782 ) ) ;
#1748 = CARTESIAN_POINT ( 'NONE',  ( -608.9670147342335440, 923.9694997196010036, 1711.949232279379430 ) ) ;
#1749 = DIRECTION ( 'NONE',  ( 1.000000000000000000, 2.478974872911206864E-11, -2.576245215136136926E-09 ) ) ;
#1750 = ORIENTED_EDGE ( 'NONE', *, *, #182, .F. ) ;
#1751 = CARTESIAN_POINT ( 'NONE',  ( 379.9310750322108561, 587.9369210882327934, 1149.082186894950610 ) ) ;
#1752 = CARTESIAN_POINT ( 'NONE',  ( -211.6257188049121964, 544.3317333129390363, 948.0579792197028155 ) ) ;
#1753 = DIRECTION ( 'NONE',  ( -1.000000000000000000, 2.478974872911206864E-11, -2.576245215136136512E-09 ) ) ;
#1754 = CARTESIAN_POINT ( 'NONE',  ( 91.49999999994875566, 691.7239420379722787, 548.5043691252967619 ) ) ;
#1755 = AXIS2_PLACEMENT_3D ( 'NONE', #2705, #1550, #206 ) ;
#1756 = CARTESIAN_POINT ( 'NONE',  ( 413.3572641700275199, 609.1291643806541742, 703.1750115754812214 ) ) ;
#1757 = ORIENTED_EDGE ( 'NONE', *, *, #2751, .F. ) ;
#1758 = CARTESIAN_POINT ( 'NONE',  ( 687.9397825010584029, 2556.692416686410979, 297.8510038713702102 ) ) ;
#1759 = VECTOR ( 'NONE', #3437, 1000.000000000000000 ) ;
#1760 = CARTESIAN_POINT ( 'NONE',  ( -518.2096556006307537, 2714.524400965957284, 1425.429540823026628 ) ) ;
#1761 = CARTESIAN_POINT ( 'NONE',  ( -91.49999999999997158, 563.7945123971951489, 494.4666031348959336 ) ) ;
#1762 = DIRECTION ( 'NONE',  ( -2.576245466956452995E-09, 0.000000000000000000, 1.000000000000000000 ) ) ;
#1763 =( BOUNDED_SURFACE ( )  B_SPLINE_SURFACE ( 3, 2, ( 
 ( #274, #2443, #2973 ),
 ( #7, #3284, #1111 ),
 ( #1032, #1586, #466 ),
 ( #3303, #1311, #2424 ) ),
 .UNSPECIFIED., .F., .F., .F. ) 
 B_SPLINE_SURFACE_WITH_KNOTS ( ( 4, 4 ),
 ( 3, 3 ),
 ( 4.712388980384689674, 4.778106889732391949 ),
 ( 0.000000000000000000, 1.000000000000000000 ),
 .UNSPECIFIED. ) 
 GEOMETRIC_REPRESENTATION_ITEM ( )  RATIONAL_B_SPLINE_SURFACE ( (
 ( 1.000000000000000000, 0.7071067811865425767, 1.000000000000000000),
 ( 1.000000000000000000, 0.7143383704066631479, 1.000000000000000000),
 ( 1.000000000000000000, 0.7214589893986567137, 1.000000000000000000),
 ( 1.000000000000000000, 0.7284634030532773918, 1.000000000000000000) ) ) 
 REPRESENTATION_ITEM ( '' )  SURFACE ( )  );
#1764 = CARTESIAN_POINT ( 'NONE',  ( 654.9008081583987178, 1064.955545395798254, 1932.064268521376334 ) ) ;
#1765 = EDGE_CURVE ( 'NONE', #3254, #1935, #2771, .T. ) ;
#1766 = CARTESIAN_POINT ( 'NONE',  ( -21.50000000000004619, 293.4645398681602160, 381.8205062635390163 ) ) ;
#1767 = CARTESIAN_POINT ( 'NONE',  ( -664.4846694398509044, 1939.110919574177387, 370.1288536580973982 ) ) ;
#1768 = CARTESIAN_POINT ( 'NONE',  ( 687.9397825571795693, 1940.073114813804750, 270.1334863481406501 ) ) ;
#1769 = CARTESIAN_POINT ( 'NONE',  ( -21.50000000000004619, 784.8324122502134514, 510.7514779645007366 ) ) ;
#1770 = VECTOR ( 'NONE', #2834, 1000.000000000000000 ) ;
#1771 = DIRECTION ( 'NONE',  ( -1.000000000000000000, 2.478974872911206864E-11, -2.576245215136136926E-09 ) ) ;
#1772 = CARTESIAN_POINT ( 'NONE',  ( 91.50000000000002842, 660.3208981178000840, 485.3592072919628890 ) ) ;
#1773 = VECTOR ( 'NONE', #976, 1000.000000000000000 ) ;
#1774 = VECTOR ( 'NONE', #3568, 1000.000000000000114 ) ;
#1775 = ORIENTED_EDGE ( 'NONE', *, *, #295, .T. ) ;
#1776 = VECTOR ( 'NONE', #568, 999.9999999999998863 ) ;
#1777 = CARTESIAN_POINT ( 'NONE',  ( -664.4846694398499949, 2564.291577197298466, 376.1445908752808123 ) ) ;
#1778 = EDGE_LOOP ( 'NONE', ( #2690, #3011, #972, #2024, #2987, #1608 ) ) ;
#1779 = CARTESIAN_POINT ( 'NONE',  ( -91.49999999999995737, 658.2923504115099149, 486.0192359381721303 ) ) ;
#1780 = CARTESIAN_POINT ( 'NONE',  ( -521.7218965412217813, 2714.418991227373226, 1432.154530990838111 ) ) ;
#1781 = PLANE ( 'NONE',  #1890 ) ;
#1782 = CARTESIAN_POINT ( 'NONE',  ( 6541.793986132896862, 2194.127406835963939, 478.5061640424712550 ) ) ;
#1783 = VERTEX_POINT ( 'NONE', #1144 ) ;
#1784 = CARTESIAN_POINT ( 'NONE',  ( 210.4772484759675990, 544.3303201145993171, 946.6990908007551297 ) ) ;
#1785 = CARTESIAN_POINT ( 'NONE',  ( 83.23729663512190768, 339.9686634813270985, 388.4005160433487731 ) ) ;
#1786 = CARTESIAN_POINT ( 'NONE',  ( -210.4772484759659790, 544.3303201145994308, 946.6990908007551297 ) ) ;
#1787 = EDGE_CURVE ( 'NONE', #1940, #3390, #1829, .T. ) ;
#1788 = CARTESIAN_POINT ( 'NONE',  ( -21.50000000000004619, 699.9513639176321931, 545.2704531295946708 ) ) ;
#1789 = DIRECTION ( 'NONE',  ( 2.576245215136136926E-09, -6.386476753232358625E-20, -1.000000000000000000 ) ) ;
#1790 = CARTESIAN_POINT ( 'NONE',  ( 91.49999999993171684, 558.4444854109229937, 564.3214530132628397 ) ) ;
#1791 = ORIENTED_EDGE ( 'NONE', *, *, #2071, .F. ) ;
#1792 = CARTESIAN_POINT ( 'NONE',  ( 21.50000000000004619, 661.2452569322808813, 558.0805733380406082 ) ) ;
#1793 = ORIENTED_EDGE ( 'NONE', *, *, #3533, .T. ) ;
#1794 = CARTESIAN_POINT ( 'NONE',  ( -91.49999999999994316, 593.4393072763550663, 496.3620483076955452 ) ) ;
#1795 = CARTESIAN_POINT ( 'NONE',  ( -608.9670141971960220, 923.9694985463369221, 1920.406713841049623 ) ) ;
#1796 = CARTESIAN_POINT ( 'NONE',  ( -648.6625949218035885, 1037.373626880576467, 1899.782004998339289 ) ) ;
#1797 = LINE ( 'NONE', #701, #2460 ) ;
#1798 = VERTEX_POINT ( 'NONE', #1925 ) ;
#1799 = CARTESIAN_POINT ( 'NONE',  ( 666.2319484355612076, 1147.412288517905836, 1962.584888353433143 ) ) ;
#1800 = CARTESIAN_POINT ( 'NONE',  ( 90.00571695280933682, 364.3094392788380560, 391.8469975721996548 ) ) ;
#1801 = CARTESIAN_POINT ( 'NONE',  ( 730.9397820266584631, 2194.127406980013802, 478.5061490722859503 ) ) ;
#1802 = CARTESIAN_POINT ( 'NONE',  ( 667.9397825571795693, 1918.610640028357238, 269.9269658184654190 ) ) ;
#1803 = CARTESIAN_POINT ( 'NONE',  ( -91.49999999972682474, 711.9144646889255910, 540.4053626703996542 ) ) ;
#1804 = CARTESIAN_POINT ( 'NONE',  ( 89.07831737748126955, 740.8280935426180349, 473.2242934915090018 ) ) ;
#1805 = CARTESIAN_POINT ( 'NONE',  ( 21.50000000000004619, 699.5241103186401688, 545.4442063602926964 ) ) ;
#1806 = ORIENTED_EDGE ( 'NONE', *, *, #1744, .T. ) ;
#1807 = CARTESIAN_POINT ( 'NONE',  ( 622.6221658254600015, 2670.029601788885884, 1636.576741804681433 ) ) ;
#1808 = ADVANCED_FACE ( 'NONE', ( #1996 ), #807, .F. ) ;
#1809 = ORIENTED_EDGE ( 'NONE', *, *, #3446, .F. ) ;
#1810 = CARTESIAN_POINT ( 'NONE',  ( -710.9397819028390586, 2155.069829016506901, 526.1922788771927344 ) ) ;
#1811 = CARTESIAN_POINT ( 'NONE',  ( -667.9397796013837478, 2164.555015839169755, 1419.620719296159677 ) ) ;
#1812 = VECTOR ( 'NONE', #3501, 1000.000000000000000 ) ;
#1813 = CARTESIAN_POINT ( 'NONE',  ( -730.9397825571795693, 1940.073114812738822, 270.1334864589190943 ) ) ;
#1814 = CARTESIAN_POINT ( 'NONE',  ( 730.9397824388577192, 2194.127406980013802, 318.5061490722860071 ) ) ;
#1815 = CARTESIAN_POINT ( 'NONE',  ( 210.7632865516352467, 544.3304075477719834, 947.0375356160484444 ) ) ;
#1816 = CARTESIAN_POINT ( 'NONE',  ( 730.0677362375253097, 2549.644670142232826, 277.2207179304287479 ) ) ;
#1817 = CARTESIAN_POINT ( 'NONE',  ( 72.50208339739053542, 320.7546779355031958, 385.6799517182768113 ) ) ;
#1818 = PLANE ( 'NONE',  #3080 ) ;
#1819 = CARTESIAN_POINT ( 'NONE',  ( -730.9397823626514992, 2036.295664788708109, 346.5677602738570613 ) ) ;
#1820 = CARTESIAN_POINT ( 'NONE',  ( -21.50000000000004619, 699.4707036187681979, 545.4659255141289123 ) ) ;
#1821 = CARTESIAN_POINT ( 'NONE',  ( 78.94404390242306135, 723.4416769672199052, 503.5815560893167344 ) ) ;
#1822 = CARTESIAN_POINT ( 'NONE',  ( 21.50000000000004619, 700.0937817839584341, 545.2125353860305950 ) ) ;
#1823 = ORIENTED_EDGE ( 'NONE', *, *, #381, .F. ) ;
#1824 = CARTESIAN_POINT ( 'NONE',  ( 656.5456405348066937, 2619.004034492023038, 1729.454167753687216 ) ) ;
#1825 = ORIENTED_EDGE ( 'NONE', *, *, #712, .F. ) ;
#1826 = CARTESIAN_POINT ( 'NONE',  ( 91.50000000006828316, 297.7283128894447941, 389.8366035143760655 ) ) ;
#1827 = AXIS2_PLACEMENT_3D ( 'NONE', #2092, #172, #713 ) ;
#1828 = ADVANCED_FACE ( 'NONE', ( #1417 ), #2270, .T. ) ;
#1829 = CIRCLE ( 'NONE', #899, 550.0000000000004547 ) ;
#1830 = ADVANCED_FACE ( 'NONE', ( #538 ), #2249, .F. ) ;
#1831 = LINE ( 'NONE', #2948, #2176 ) ;
#1832 = FACE_OUTER_BOUND ( 'NONE', #2118, .T. ) ;
#1833 = ORIENTED_EDGE ( 'NONE', *, *, #2886, .T. ) ;
#1834 = DIRECTION ( 'NONE',  ( -1.000000000000000000, -2.478974872911206864E-11, 2.576245215136136512E-09 ) ) ;
#1835 = CARTESIAN_POINT ( 'NONE',  ( 83.73620538693573678, 341.2156682938335166, 388.5770830964470974 ) ) ;
#1836 = CARTESIAN_POINT ( 'NONE',  ( -59.22820033856568500, 708.3028546775756240, 530.0144441818862333 ) ) ;
#1837 = CARTESIAN_POINT ( 'NONE',  ( -21.50000000000004619, 699.4481171915190316, 545.4751108427341251 ) ) ;
#1838 = CARTESIAN_POINT ( 'NONE',  ( -21.50000000000004619, 700.0937817839584341, 545.2125353860305950 ) ) ;
#1839 = CARTESIAN_POINT ( 'NONE',  ( 38.60472498251929352, 701.1552443756745561, 542.4944099034387364 ) ) ;
#1840 = CARTESIAN_POINT ( 'NONE',  ( 91.49999999999997158, 673.0828719528665260, 480.6301120390324968 ) ) ;
#1841 = VERTEX_POINT ( 'NONE', #3370 ) ;
#1842 = CARTESIAN_POINT ( 'NONE',  ( 667.9397786288271845, 2560.904291512348664, 1800.943747283386074 ) ) ;
#1843 = ORIENTED_EDGE ( 'NONE', *, *, #3001, .T. ) ;
#1844 = CARTESIAN_POINT ( 'NONE',  ( 91.49999999999997158, 355.6993072419976443, 349.7762294684745825 ) ) ;
#1845 = DIRECTION ( 'NONE',  ( -2.400697222555624769E-09, 0.3539487426849171614, 0.9352648221502647408 ) ) ;
#1846 = ADVANCED_FACE ( 'NONE', ( #2770 ), #2516, .F. ) ;
#1847 = DIRECTION ( 'NONE',  ( 2.576244773067060950E-09, 0.000000000000000000, -1.000000000000000000 ) ) ;
#1848 = ADVANCED_FACE ( 'NONE', ( #1713 ), #2, .F. ) ;
#1849 = DIRECTION ( 'NONE',  ( -2.576245466956452995E-09, 2.775557561562893718E-15, -1.000000000000000000 ) ) ;
#1850 = ORIENTED_EDGE ( 'NONE', *, *, #1681, .F. ) ;
#1851 = DIRECTION ( 'NONE',  ( -2.576245466956452995E-09, 2.775557561562893718E-15, -1.000000000000000000 ) ) ;
#1852 = CARTESIAN_POINT ( 'NONE',  ( -91.49999999999997158, 363.8731801456555672, 364.4645261603448034 ) ) ;
#1853 = CARTESIAN_POINT ( 'NONE',  ( -667.9397825384787666, 1921.367818371295471, 277.2124611503141978 ) ) ;
#1854 = EDGE_CURVE ( 'NONE', #3263, #1260, #1096, .T. ) ;
#1855 = CARTESIAN_POINT ( 'NONE',  ( -662.3394676830907883, 1109.317472976910949, 1956.524896612055272 ) ) ;
#1856 = CARTESIAN_POINT ( 'NONE',  ( -21.50000000000004619, 672.9950626034618608, 554.7216724149772062 ) ) ;
#1857 = CARTESIAN_POINT ( 'NONE',  ( 70.34907211661308679, 715.4467271188697168, 517.5410048894856345 ) ) ;
#1858 = CARTESIAN_POINT ( 'NONE',  ( 91.49999999999997158, 694.6591787008369465, 471.8555738869029597 ) ) ;
#1859 = ORIENTED_EDGE ( 'NONE', *, *, #2090, .T. ) ;
#1860 = CARTESIAN_POINT ( 'NONE',  ( 632.4789484079476551, 2659.243457670724183, 1660.160993769161905 ) ) ;
#1861 = ORIENTED_EDGE ( 'NONE', *, *, #2232, .F. ) ;
#1862 = CARTESIAN_POINT ( 'NONE',  ( 91.49999999999997158, 355.7081437245872166, 349.7933586421256678 ) ) ;
#1863 = LINE ( 'NONE', #2692, #836 ) ;
#1864 = ORIENTED_EDGE ( 'NONE', *, *, #2775, .F. ) ;
#1865 = DIRECTION ( 'NONE',  ( 0.000000000000000000, -0.4969879167862735203, 0.8677574606815201541 ) ) ;
#1866 = VECTOR ( 'NONE', #2266, 1000.000000000000000 ) ;
#1867 = ORIENTED_EDGE ( 'NONE', *, *, #934, .F. ) ;
#1868 = CARTESIAN_POINT ( 'NONE',  ( -687.9397822635132798, 2155.069829017076700, 386.1922788179392114 ) ) ;
#1869 = CARTESIAN_POINT ( 'NONE',  ( -21.50000000000004619, 362.0614369874513727, 471.9664335453649073 ) ) ;
#1870 = DIRECTION ( 'NONE',  ( -2.576364493570426605E-09, 0.009621952731540725154, -0.9999537079413386431 ) ) ;
#1871 = CARTESIAN_POINT ( 'NONE',  ( -21.50000000000004619, 373.6155772398349200, 482.4982720932324014 ) ) ;
#1872 = VECTOR ( 'NONE', #260, 1000.000000000000227 ) ;
#1873 = EDGE_CURVE ( 'NONE', #1618, #1516, #3353, .T. ) ;
#1874 = DIRECTION ( 'NONE',  ( 0.000000000000000000, 0.3669760374471598419, -0.9302303950847772285 ) ) ;
#1875 = ADVANCED_FACE ( 'NONE', ( #423 ), #918, .F. ) ;
#1876 = CARTESIAN_POINT ( 'NONE',  ( -21.50000000000004619, 577.5027470481818455, 565.9089061467548163 ) ) ;
#1877 = VECTOR ( 'NONE', #2053, 1000.000000000000000 ) ;
#1878 = FACE_OUTER_BOUND ( 'NONE', #1574, .T. ) ;
#1879 = DIRECTION ( 'NONE',  ( -2.576364472736531678E-09, -0.009621952731540726889, 0.9999537079413387541 ) ) ;
#1880 = CARTESIAN_POINT ( 'NONE',  ( 91.49999999999997158, 674.4358416821469291, 480.0798934729759821 ) ) ;
#1881 =( BOUNDED_SURFACE ( )  B_SPLINE_SURFACE ( 3, 2, ( 
 ( #2236, #79, #1181 ),
 ( #3417, #2016, #3137 ),
 ( #1421, #1659, #2540 ),
 ( #48, #2255, #2659 ) ),
 .UNSPECIFIED., .F., .F., .F. ) 
 B_SPLINE_SURFACE_WITH_KNOTS ( ( 4, 4 ),
 ( 3, 3 ),
 ( 1.505078424367690682, 1.570796326794896780 ),
 ( 0.000000000000000000, 1.000000000000000000 ),
 .UNSPECIFIED. ) 
 GEOMETRIC_REPRESENTATION_ITEM ( )  RATIONAL_B_SPLINE_SURFACE ( (
 ( 1.000000000000000000, 0.7284634008404445860, 1.000000000000000000),
 ( 1.000000000000000000, 0.7214589878989804417, 1.000000000000000000),
 ( 1.000000000000000000, 0.7143383696451245379, 1.000000000000000000),
 ( 1.000000000000000000, 0.7071067811865425767, 1.000000000000000000) ) ) 
 REPRESENTATION_ITEM ( '' )  SURFACE ( )  );
#1882 = ORIENTED_EDGE ( 'NONE', *, *, #3131, .F. ) ;
#1883 = CARTESIAN_POINT ( 'NONE',  ( 519.8312379394034224, 2714.484483871941393, 1428.534427234586019 ) ) ;
#1884 = ORIENTED_EDGE ( 'NONE', *, *, #3354, .F. ) ;
#1885 = CARTESIAN_POINT ( 'NONE',  ( 91.49999999999997158, 355.7346593399461199, 349.8447429829557791 ) ) ;
#1886 = CARTESIAN_POINT ( 'NONE',  ( 710.9397821139062899, 2005.427457472464539, 442.8240777067792351 ) ) ;
#1887 = AXIS2_PLACEMENT_3D ( 'NONE', #1553, #988, #3275 ) ;
#1888 = VERTEX_POINT ( 'NONE', #106 ) ;
#1889 = FACE_OUTER_BOUND ( 'NONE', #3570, .T. ) ;
#1890 = AXIS2_PLACEMENT_3D ( 'NONE', #3434, #921, #2080 ) ;
#1891 = VERTEX_POINT ( 'NONE', #3412 ) ;
#1892 = CIRCLE ( 'NONE', #2882, 160.0000000000000000 ) ;
#1893 = CARTESIAN_POINT ( 'NONE',  ( 280.7053613145248505, 551.3339313443487981, 863.4885405048700022 ) ) ;
#1894 = CARTESIAN_POINT ( 'NONE',  ( -91.49999999999997158, 356.6587562491223480, 351.6235459871096509 ) ) ;
#1895 = DIRECTION ( 'NONE',  ( -2.400697222555624769E-09, -0.3539487426849171059, -0.9352648221502646297 ) ) ;
#1896 = DIRECTION ( 'NONE',  ( 2.576245566083504511E-09, 0.000000000000000000, -1.000000000000000000 ) ) ;
#1897 = ORIENTED_EDGE ( 'NONE', *, *, #38, .F. ) ;
#1898 = CARTESIAN_POINT ( 'NONE',  ( -667.9397825571795693, 1115.058315328478557, 262.1948653980373365 ) ) ;
#1899 = CARTESIAN_POINT ( 'NONE',  ( -91.49999999999997158, 653.2536985366157296, 487.5617978426233776 ) ) ;
#1900 = CARTESIAN_POINT ( 'NONE',  ( -725.2124211388000958, 1946.576721504396119, 270.4076006005340673 ) ) ;
#1901 = EDGE_CURVE ( 'NONE', #20, #863, #1906, .T. ) ;
#1902 = CARTESIAN_POINT ( 'NONE',  ( -21.50000000000004619, 293.4619564039324473, 381.8154955722138766 ) ) ;
#1903 = EDGE_CURVE ( 'NONE', #227, #1262, #903, .T. ) ;
#1904 = ORIENTED_EDGE ( 'NONE', *, *, #3610, .T. ) ;
#1905 = CARTESIAN_POINT ( 'NONE',  ( 91.49999999999997158, 627.1690572442875009, 493.6259037332292792 ) ) ;
#1906 =( BOUNDED_CURVE ( )  B_SPLINE_CURVE ( 3, ( #137, #1537, #638, #1758 ),
 .UNSPECIFIED., .F., .F. ) 
 B_SPLINE_CURVE_WITH_KNOTS ( ( 4, 4 ),
 ( 1.521646270185267547, 1.570796326794894338 ),
 .UNSPECIFIED. ) 
 CURVE ( )  GEOMETRIC_REPRESENTATION_ITEM ( )  RATIONAL_B_SPLINE_CURVE ( ( 1.000000000000000000, 0.9997986994592318322, 0.9997986994592318322, 1.000000000000000000 ) ) 
 REPRESENTATION_ITEM ( '' )  );
#1907 = CARTESIAN_POINT ( 'NONE',  ( -668.5441771823377621, 2580.219558085718745, 276.2932268188371268 ) ) ;
#1908 = CARTESIAN_POINT ( 'NONE',  ( 91.49999999999997158, 363.8731801456555672, 364.4645261603448034 ) ) ;
#1909 = DIRECTION ( 'NONE',  ( -9.147571182618430596E-17, 0.9999537079413386431, 0.009621952731540723419 ) ) ;
#1910 = LINE ( 'NONE', #1066, #1370 ) ;
#1911 = ORIENTED_EDGE ( 'NONE', *, *, #3465, .F. ) ;
#1912 = CARTESIAN_POINT ( 'NONE',  ( -667.8330955473710446, 2582.014512656614897, 285.9467074120118468 ) ) ;
#1913 = CARTESIAN_POINT ( 'NONE',  ( -91.49999999999997158, 355.9472035250590807, 350.2556015303077857 ) ) ;
#1914 = CYLINDRICAL_SURFACE ( 'NONE', #1535, 19.99999999999994316 ) ;
#1915 = CARTESIAN_POINT ( 'NONE',  ( -21.50000000000004974, 348.2532234648481335, 458.3197265364269697 ) ) ;
#1916 = VERTEX_POINT ( 'NONE', #1210 ) ;
#1917 = CARTESIAN_POINT ( 'NONE',  ( -91.49999999999997158, 673.0472668359836916, 480.6445898424119036 ) ) ;
#1918 = CYLINDRICAL_SURFACE ( 'NONE', #2478, 550.0000000000004547 ) ;
#1919 = CARTESIAN_POINT ( 'NONE',  ( -32.24285567587821788, 294.4060083233351293, 381.9491666404478565 ) ) ;
#1920 = CARTESIAN_POINT ( 'NONE',  ( 91.49999999999998579, 448.8778526780175753, 451.6409432896552403 ) ) ;
#1921 = CARTESIAN_POINT ( 'NONE',  ( 687.9397821207641073, 2498.678233062933032, 444.9084448094848767 ) ) ;
#1922 = CARTESIAN_POINT ( 'NONE',  ( 21.50000000000004619, 477.2988404430343508, 544.3396942582420479 ) ) ;
#1923 = ADVANCED_FACE ( 'NONE', ( #121 ), #2250, .T. ) ;
#1924 = CARTESIAN_POINT ( 'NONE',  ( 667.9397781773599263, 1194.500099909721939, 1963.037986023700796 ) ) ;
#1925 = CARTESIAN_POINT ( 'NONE',  ( -648.6625949218035885, 1037.373626880576467, 1899.782004998339289 ) ) ;
#1926 = EDGE_LOOP ( 'NONE', ( #409, #3030, #710, #3326 ) ) ;
#1927 = CARTESIAN_POINT ( 'NONE',  ( -210.7517381866193489, 544.3304006193590112, 946.3743101950792607 ) ) ;
#1928 = CARTESIAN_POINT ( 'NONE',  ( -21.50000000000004619, 293.4709907878570334, 381.8330171571810183 ) ) ;
#1929 = LINE ( 'NONE', #1853, #3061 ) ;
#1930 = VECTOR ( 'NONE', #3506, 1000.000000000000114 ) ;
#1931 = DIRECTION ( 'NONE',  ( 2.400697222555625183E-09, 0.3539487426849172169, 0.9352648221502648518 ) ) ;
#1932 = DIRECTION ( 'NONE',  ( 2.576245215136136512E-09, 6.242562304820615079E-27, -1.000000000000000000 ) ) ;
#1933 = CARTESIAN_POINT ( 'NONE',  ( -91.50000000002557954, 696.3156641272626075, 546.7322360888980484 ) ) ;
#1934 = CARTESIAN_POINT ( 'NONE',  ( -43.87340631146840764, 297.9157846983567310, 382.4461261271766261 ) ) ;
#1935 = VERTEX_POINT ( 'NONE', #296 ) ;
#1936 = CARTESIAN_POINT ( 'NONE',  ( 91.49999999999992895, 408.8703671334460523, 419.9202329908030151 ) ) ;
#1937 = CARTESIAN_POINT ( 'NONE',  ( -685.1254865875190490, 2565.391554432738303, 276.1505458208681603 ) ) ;
#1938 = CARTESIAN_POINT ( 'NONE',  ( 91.49999999999997158, 513.8859361648889035, 483.2895985525314018 ) ) ;
#1939 = CARTESIAN_POINT ( 'NONE',  ( 624.7910817394883907, 961.6227999329289560, 260.7210764583977607 ) ) ;
#1940 = VERTEX_POINT ( 'NONE', #1667 ) ;
#1941 = CARTESIAN_POINT ( 'NONE',  ( 676.2240538046413576, 1940.073114814095334, 270.1334863179581021 ) ) ;
#1942 = EDGE_CURVE ( 'NONE', #1012, #281, #583, .T. ) ;
#1943 = ORIENTED_EDGE ( 'NONE', *, *, #3175, .F. ) ;
#1944 = VECTOR ( 'NONE', #2601, 1000.000000000000000 ) ;
#1945 = CARTESIAN_POINT ( 'NONE',  ( -254.4790828450111917, 547.1002279688350427, 894.6060360122993416 ) ) ;
#1946 = CARTESIAN_POINT ( 'NONE',  ( -21.50000000000004619, 451.8719588297984160, 533.4252241662723009 ) ) ;
#1947 = CARTESIAN_POINT ( 'NONE',  ( 717.8334804782691663, 1941.335345692918054, 270.1517114034290330 ) ) ;
#1948 = AXIS2_PLACEMENT_3D ( 'NONE', #2085, #980, #2665 ) ;
#1949 = VECTOR ( 'NONE', #367, 1000.000000000000000 ) ;
#1950 = VERTEX_POINT ( 'NONE', #2527 ) ;
#1951 = APPLICATION_PROTOCOL_DEFINITION ( 'draft international standard', 'automotive_design', 1998, #1374 ) ;
#1952 = CIRCLE ( 'NONE', #375, 160.0000000000000000 ) ;
#1953 = CYLINDRICAL_SURFACE ( 'NONE', #2299, 19.99999999999994316 ) ;
#1954 = CARTESIAN_POINT ( 'NONE',  ( -687.9397821023167126, 2517.282840964628576, 452.2479655584281204 ) ) ;
#1955 = CARTESIAN_POINT ( 'NONE',  ( -68.69175872924077453, 315.9586833918758089, 385.0008728448427178 ) ) ;
#1956 = CARTESIAN_POINT ( 'NONE',  ( -710.9397821392113883, 2480.073625160667234, 437.5689241197954402 ) ) ;
#1957 = CARTESIAN_POINT ( 'NONE',  ( -667.9397822683416734, 2349.841369849864350, 386.1922787664143470 ) ) ;
#1958 = CARTESIAN_POINT ( 'NONE',  ( 21.50000000000004619, 435.5260815447250025, 525.2504856727134666 ) ) ;
#1959 = CARTESIAN_POINT ( 'NONE',  ( 21.50000000000005329, 461.7105719266630217, 537.9318747811720414 ) ) ;
#1960 = ORIENTED_EDGE ( 'NONE', *, *, #2257, .T. ) ;
#1961 = CARTESIAN_POINT ( 'NONE',  ( -91.49999999999994316, 448.8778526780176321, 451.6409432896552403 ) ) ;
#1962 = ORIENTED_EDGE ( 'NONE', *, *, #1121, .T. ) ;
#1963 = EDGE_CURVE ( 'NONE', #2217, #1536, #799, .T. ) ;
#1964 = CARTESIAN_POINT ( 'NONE',  ( -629.2750400862390734, 2662.974167824820597, 1652.328307650426723 ) ) ;
#1965 = EDGE_CURVE ( 'NONE', #209, #1888, #1406, .T. ) ;
#1966 = CARTESIAN_POINT ( 'NONE',  ( -21.50000000000004619, 365.4475884958577581, 475.0850634371344086 ) ) ;
#1967 = CARTESIAN_POINT ( 'NONE',  ( 727.3504854563335584, 1949.353240858157505, 270.6472593006834586 ) ) ;
#1968 = ORIENTED_EDGE ( 'NONE', *, *, #3373, .F. ) ;
#1969 = DIRECTION ( 'NONE',  ( 0.000000000000000000, -0.9747277688779600879, 0.2233960084204591190 ) ) ;
#1970 = EDGE_CURVE ( 'NONE', #3028, #3263, #3230, .T. ) ;
#1971 = CARTESIAN_POINT ( 'NONE',  ( -210.4772484759659790, 544.3303201145994308, 946.6990908007551297 ) ) ;
#1972 = CARTESIAN_POINT ( 'NONE',  ( -24.22809299717068399, 293.4619564039325610, 381.8154955722139334 ) ) ;
#1973 = CARTESIAN_POINT ( 'NONE',  ( 671.6586704061140836, 2573.825742002346942, 276.2317064276541601 ) ) ;
#1974 = CARTESIAN_POINT ( 'NONE',  ( 667.9397817997893299, 2155.069829017572374, 566.1922787664141197 ) ) ;
#1975 = CARTESIAN_POINT ( 'NONE',  ( 91.49999999999994316, 643.8306410700394053, 490.1361960251522305 ) ) ;
#1976 = ORIENTED_EDGE ( 'NONE', *, *, #2658, .F. ) ;
#1977 = CARTESIAN_POINT ( 'NONE',  ( 91.49999999999997158, 482.1026391083753992, 470.2780665007650214 ) ) ;
#1978 = PLANE ( 'NONE',  #1245 ) ;
#1979 = CARTESIAN_POINT ( 'NONE',  ( -91.49999999999998579, 418.4287987968194784, 428.5339289936536034 ) ) ;
#1980 = ORIENTED_EDGE ( 'NONE', *, *, #2905, .F. ) ;
#1981 = CARTESIAN_POINT ( 'NONE',  ( -211.0273556733543501, 544.3307252957662286, 946.0481951384500690 ) ) ;
#1982 = CARTESIAN_POINT ( 'NONE',  ( -91.49999999999997158, 420.9293518476632130, 430.7148541602120417 ) ) ;
#1983 = CARTESIAN_POINT ( 'NONE',  ( 722.1212430948943393, 1943.751269996242399, 270.2356444523742312 ) ) ;
#1984 = PRESENTATION_STYLE_ASSIGNMENT (( #2000 ) ) ;
#1985 = EDGE_LOOP ( 'NONE', ( #1688, #2946, #1040, #1943 ) ) ;
#1986 = FACE_OUTER_BOUND ( 'NONE', #3346, .T. ) ;
#1987 = CARTESIAN_POINT ( 'NONE',  ( -328.2383427862179133, 564.6048329819287801, 1086.621542740673249 ) ) ;
#1988 = CARTESIAN_POINT ( 'NONE',  ( 710.9397819129835625, 2564.291577163201509, 526.1922788771929618 ) ) ;
#1989 = CARTESIAN_POINT ( 'NONE',  ( -710.9397818561425311, 2349.841369848798422, 546.1922788771928481 ) ) ;
#1990 = VECTOR ( 'NONE', #3181, 999.9999999999998863 ) ;
#1991 = EDGE_CURVE ( 'NONE', #1164, #227, #3056, .T. ) ;
#1992 = CARTESIAN_POINT ( 'NONE',  ( 710.9397825571796830, 2565.253772436354666, 276.1492236245777008 ) ) ;
#1993 = CARTESIAN_POINT ( 'NONE',  ( 91.49999999999992895, 365.4475884958870324, 475.0850634371395813 ) ) ;
#1994 = CARTESIAN_POINT ( 'NONE',  ( 21.50000000000005329, 362.5067285867908140, 472.3769622263822612 ) ) ;
#1995 = ORIENTED_EDGE ( 'NONE', *, *, #606, .T. ) ;
#1996 = FACE_OUTER_BOUND ( 'NONE', #1627, .T. ) ;
#1997 = CARTESIAN_POINT ( 'NONE',  ( -331.9721954853547459, 565.9707702977303825, 802.2983707449133135 ) ) ;
#1998 = CARTESIAN_POINT ( 'NONE',  ( -21.50000000000004619, 424.9986763359708561, 519.2845392057106437 ) ) ;
#1999 = DIRECTION ( 'NONE',  ( 0.000000000000000000, 0.9999537079413386431, 0.009621952731540721684 ) ) ;
#2000 = SURFACE_STYLE_USAGE ( .BOTH. , #867 ) ;
#2001 = ORIENTED_EDGE ( 'NONE', *, *, #869, .T. ) ;
#2002 = CARTESIAN_POINT ( 'NONE',  ( -624.7910817394883907, 961.6227999329289560, 260.7210764583977607 ) ) ;
#2003 = CIRCLE ( 'NONE', #2413, 19.99999999999990763 ) ;
#2004 = CARTESIAN_POINT ( 'NONE',  ( -214.4967069919773621, 544.3501041650564503, 951.4549923623600307 ) ) ;
#2005 = CIRCLE ( 'NONE', #208, 159.9999999999998579 ) ;
#2006 = LINE ( 'NONE', #33, #1230 ) ;
#2007 = EDGE_CURVE ( 'NONE', #3321, #1088, #315, .T. ) ;
#2008 = ADVANCED_FACE ( 'NONE', ( #1428 ), #1684, .T. ) ;
#2009 = CARTESIAN_POINT ( 'NONE',  ( 33.54166923037236359, 700.2763500371689815, 544.0289887002846854 ) ) ;
#2010 = CARTESIAN_POINT ( 'NONE',  ( 91.49999999999997158, 551.6447323805217593, 492.8569320264215321 ) ) ;
#2011 = DIRECTION ( 'NONE',  ( -1.000000000000000000, 2.478974872911207188E-11, -2.576245215136136926E-09 ) ) ;
#2012 = ORIENTED_EDGE ( 'NONE', *, *, #1542, .F. ) ;
#2013 = CARTESIAN_POINT ( 'NONE',  ( 21.50000000000004619, 292.1749722784144865, 379.3193587478823474 ) ) ;
#2014 = DIRECTION ( 'NONE',  ( -9.223600827885309508E-10, -0.9302303950847772285, -0.3669760374471598419 ) ) ;
#2015 = CARTESIAN_POINT ( 'NONE',  ( -91.49999999999997158, 436.1961830420601132, 442.8942794668501506 ) ) ;
#2016 = CARTESIAN_POINT ( 'NONE',  ( 668.6234351199608454, 2564.178927089690205, 278.8737987058910335 ) ) ;
#2017 = LINE ( 'NONE', #1422, #1705 ) ;
#2018 = VERTEX_POINT ( 'NONE', #70 ) ;
#2019 = CARTESIAN_POINT ( 'NONE',  ( -730.9397822995431397, 1939.110919539584984, 370.1288572530529564 ) ) ;
#2020 = CARTESIAN_POINT ( 'NONE',  ( -720.3567809692309538, 1942.609607102272776, 270.1899330117439604 ) ) ;
#2021 = CARTESIAN_POINT ( 'NONE',  ( -730.9397825758804856, 1958.778411255744004, 263.0545116052207391 ) ) ;
#2022 = CARTESIAN_POINT ( 'NONE',  ( 21.50000000000004619, 558.4444854109262906, 564.3214530132307800 ) ) ;
#2023 = CARTESIAN_POINT ( 'NONE',  ( 667.9397825074893262, 2578.656664617589740, 295.5660492031540798 ) ) ;
#2024 = ORIENTED_EDGE ( 'NONE', *, *, #1680, .F. ) ;
#2025 = CARTESIAN_POINT ( 'NONE',  ( -91.49999999999995737, 674.4015983042306743, 480.0938193885419878 ) ) ;
#2026 = ADVANCED_FACE ( 'NONE', ( #2262 ), #873, .T. ) ;
#2027 = PLANE ( 'NONE',  #92 ) ;
#2028 = CARTESIAN_POINT ( 'NONE',  ( -21.50000000000004619, 555.2989446379724541, 563.9527255847573315 ) ) ;
#2029 = CARTESIAN_POINT ( 'NONE',  ( -624.5814930678892551, 961.0780988147084827, 260.7210764583977607 ) ) ;
#2030 = ORIENTED_EDGE ( 'NONE', *, *, #1963, .T. ) ;
#2031 = CARTESIAN_POINT ( 'NONE',  ( -21.50000000000004619, 293.4557072134356872, 381.8033751161709688 ) ) ;
#2032 = CARTESIAN_POINT ( 'NONE',  ( -68.78792548847482635, 714.2248692824794034, 519.6744093800331257 ) ) ;
#2033 = LINE ( 'NONE', #1989, #2981 ) ;
#2034 = VECTOR ( 'NONE', #1476, 1000.000000000000000 ) ;
#2035 = CARTESIAN_POINT ( 'NONE',  ( -21.50000000000004619, 748.3734384701667750, 525.5784203171339186 ) ) ;
#2036 = LINE ( 'NONE', #2021, #3331 ) ;
#2037 = CARTESIAN_POINT ( 'NONE',  ( 91.49999999999997158, 580.9519159267377972, 495.9786837590164623 ) ) ;
#2038 = ORIENTED_EDGE ( 'NONE', *, *, #231, .T. ) ;
#2039 = LINE ( 'NONE', #1240, #781 ) ;
#2040 = ORIENTED_EDGE ( 'NONE', *, *, #2187, .T. ) ;
#2041 = DIRECTION ( 'NONE',  ( 0.000000000000000000, 0.8300681151263606949, -0.5576620161446994572 ) ) ;
#2042 = DIRECTION ( 'NONE',  ( 2.478974872911206864E-11, -1.000000000000000000, 2.959845215054149623E-25 ) ) ;
#2043 = CARTESIAN_POINT ( 'NONE',  ( -664.4846692976722125, 2309.624602831496304, 318.5061454773303922 ) ) ;
#2044 = CARTESIAN_POINT ( 'NONE',  ( 687.9397825010584029, 2556.692416686410979, 297.8510038713702102 ) ) ;
#2045 = EDGE_CURVE ( 'NONE', #3340, #2614, #1952, .T. ) ;
#2046 = ORIENTED_EDGE ( 'NONE', *, *, #2007, .F. ) ;
#2047 = CARTESIAN_POINT ( 'NONE',  ( 211.0504418168483198, 544.3307600235018526, 947.3773023627079510 ) ) ;
#2048 = CARTESIAN_POINT ( 'NONE',  ( 728.6683135273075322, 2553.578384413429376, 276.7125268730359267 ) ) ;
#2049 = CARTESIAN_POINT ( 'NONE',  ( 21.50000000000004619, 293.4619564039324473, 381.8154955722138766 ) ) ;
#2050 = DIRECTION ( 'NONE',  ( -1.000000000000000000, 2.478974872911206218E-11, -2.576245215136136512E-09 ) ) ;
#2051 = CARTESIAN_POINT ( 'NONE',  ( -730.5225840030843756, 2547.619834765167070, 277.5417106147906452 ) ) ;
#2052 = PLANE ( 'NONE',  #1414 ) ;
#2053 = DIRECTION ( 'NONE',  ( 2.478981535400282798E-11, 1.000000000000000000, 4.806276969638766221E-16 ) ) ;
#2054 = CARTESIAN_POINT ( 'NONE',  ( 91.49999999996589395, 668.2470156919997635, 556.0718467941718473 ) ) ;
#2055 = AXIS2_PLACEMENT_3D ( 'NONE', #2265, #2386, #1255 ) ;
#2056 = VECTOR ( 'NONE', #3099, 1000.000000000000114 ) ;
#2057 = ORIENTED_EDGE ( 'NONE', *, *, #2305, .T. ) ;
#2058 = CARTESIAN_POINT ( 'NONE',  ( 21.50000000000004619, 532.8331996543478226, 560.5190196879088944 ) ) ;
#2059 = VERTEX_POINT ( 'NONE', #2836 ) ;
#2060 = CARTESIAN_POINT ( 'NONE',  ( 91.49999999999997158, 354.3920714260843852, 347.2408211619978147 ) ) ;
#2061 = AXIS2_PLACEMENT_3D ( 'NONE', #2955, #965, #112 ) ;
#2062 = CARTESIAN_POINT ( 'NONE',  ( -667.9397817997893299, 2155.069829017572374, 566.1922787664143470 ) ) ;
#2063 = CARTESIAN_POINT ( 'NONE',  ( -625.6836854359733024, 960.4903502974053708, 1772.439205597073851 ) ) ;
#2064 = DIRECTION ( 'NONE',  ( 0.000000000000000000, -0.9352648221502628534, 0.3539487426849222684 ) ) ;
#2065 = ADVANCED_FACE ( 'NONE', ( #1446 ), #2562, .T. ) ;
#2066 = CARTESIAN_POINT ( 'NONE',  ( 661.0606049825055379, 1100.174767704445685, 1953.217551479802069 ) ) ;
#2067 = CARTESIAN_POINT ( 'NONE',  ( -91.49999999999137401, 293.3055520831310901, 381.5121456109382621 ) ) ;
#2068 = FACE_OUTER_BOUND ( 'NONE', #2960, .T. ) ;
#2069 = LINE ( 'NONE', #1819, #303 ) ;
#2070 = CARTESIAN_POINT ( 'NONE',  ( -91.49999999999997158, 673.5813344841575372, 480.4273999343839705 ) ) ;
#2071 = EDGE_CURVE ( 'NONE', #2484, #728, #3122, .T. ) ;
#2072 = CARTESIAN_POINT ( 'NONE',  ( -715.7822426530805160, 2564.629100195561932, 276.1450434106091052 ) ) ;
#2073 = CARTESIAN_POINT ( 'NONE',  ( 21.50000000000004619, 653.9866182379629436, 559.9014677857059041 ) ) ;
#2074 = ORIENTED_EDGE ( 'NONE', *, *, #2045, .T. ) ;
#2075 = CARTESIAN_POINT ( 'NONE',  ( 21.50000000000004974, 562.4985170089493067, 564.7421468348851477 ) ) ;
#2076 = DIRECTION ( 'NONE',  ( -1.000000000000000000, -0.000000000000000000, -0.000000000000000000 ) ) ;
#2077 = EDGE_LOOP ( 'NONE', ( #2277, #173, #1361, #13 ) ) ;
#2078 = CARTESIAN_POINT ( 'NONE',  ( 91.49999999999997158, 293.4557072134358009, 381.8033751161709688 ) ) ;
#2079 = CARTESIAN_POINT ( 'NONE',  ( -518.8854247893129923, 2714.509577430671925, 1426.723461694534990 ) ) ;
#2080 = DIRECTION ( 'NONE',  ( 0.000000000000000000, 0.9999537079413387541, 0.009621952731540726889 ) ) ;
#2081 = DIRECTION ( 'NONE',  ( 1.000000000000000000, -0.000000000000000000, -0.000000000000000000 ) ) ;
#2082 = ORIENTED_EDGE ( 'NONE', *, *, #3354, .T. ) ;
#2083 = CARTESIAN_POINT ( 'NONE',  ( 657.6781258000797834, 1079.356207011797324, 1942.711489294994180 ) ) ;
#2084 = CARTESIAN_POINT ( 'NONE',  ( 54.62322232951905931, 303.6294805733188014, 383.2551450121268317 ) ) ;
#2085 = CARTESIAN_POINT ( 'NONE',  ( 730.9397822995431397, 2564.291577162705835, 376.1445944702363704 ) ) ;
#2086 = CARTESIAN_POINT ( 'NONE',  ( -21.50000000000004619, 421.8928005148446800, 517.3573997143006409 ) ) ;
#2087 = CARTESIAN_POINT ( 'NONE',  ( -91.49999999999997158, 784.8324122502134514, 510.7514779645006797 ) ) ;
#2088 = CARTESIAN_POINT ( 'NONE',  ( -720.3281924058479717, 2562.793579853964275, 276.1539883711029120 ) ) ;
#2089 = CARTESIAN_POINT ( 'NONE',  ( 91.49999999998290434, 701.6603783135637968, 544.5754402068275795 ) ) ;
#2090 = EDGE_CURVE ( 'NONE', #2862, #3048, #1321, .T. ) ;
#2091 = ORIENTED_EDGE ( 'NONE', *, *, #2108, .F. ) ;
#2092 = CARTESIAN_POINT ( 'NONE',  ( -664.4846735620333220, 961.0780988147084827, 430.7210764583976470 ) ) ;
#2093 = VERTEX_POINT ( 'NONE', #767 ) ;
#2094 = CARTESIAN_POINT ( 'NONE',  ( 21.50000000000004619, 293.4880934027235639, 381.8661796712511887 ) ) ;
#2095 = DIRECTION ( 'NONE',  ( -2.405598848069275759E-09, 0.3669760374471598419, -0.9302303950847773395 ) ) ;
#2096 = CARTESIAN_POINT ( 'NONE',  ( 687.9397822635131661, 2155.069829017076700, 386.1922788179392114 ) ) ;
#2097 = ORIENTED_EDGE ( 'NONE', *, *, #1320, .T. ) ;
#2098 = CARTESIAN_POINT ( 'NONE',  ( 648.6625949218035885, 1037.373626880576467, 1899.782004998339289 ) ) ;
#2099 = CARTESIAN_POINT ( 'NONE',  ( 36.31150193373870394, 295.3722939026814629, 382.0859858375235945 ) ) ;
#2100 = CARTESIAN_POINT ( 'NONE',  ( -70.45253419064623301, 715.4983904352066020, 517.4507990179125727 ) ) ;
#2101 = CARTESIAN_POINT ( 'NONE',  ( -729.8764381713634748, 2550.318869285992605, 277.1233399512692017 ) ) ;
#2103 = CARTESIAN_POINT ( 'NONE',  ( -91.49999999999997158, 673.0828719528665260, 480.6301120390324968 ) ) ;
#2102 = APPLICATION_CONTEXT ( 'automotive_design' ) ;
#2104 = CARTESIAN_POINT ( 'NONE',  ( 68.67209736990551505, 714.1728313182967440, 519.7652693992272361 ) ) ;
#2105 = CARTESIAN_POINT ( 'NONE',  ( 91.49999999999948841, 699.4796047354147959, 545.4623056551558875 ) ) ;
#2106 = EDGE_LOOP ( 'NONE', ( #2952, #1685, #1418, #2518, #2313, #800, #1137, #1691 ) ) ;
#2107 = EDGE_CURVE ( 'NONE', #3340, #970, #3060, .T. ) ;
#2108 = EDGE_CURVE ( 'NONE', #1088, #1326, #2494, .T. ) ;
#2109 = CARTESIAN_POINT ( 'NONE',  ( 608.3956868970558389, 2682.543370969248826, 1604.716754169185606 ) ) ;
#2110 = VECTOR ( 'NONE', #3033, 1000.000000000000114 ) ;
#2111 = ORIENTED_EDGE ( 'NONE', *, *, #3404, .T. ) ;
#2112 = CARTESIAN_POINT ( 'NONE',  ( 91.49999999999997158, 357.2360667184107683, 352.7126517297637065 ) ) ;
#2113 = VECTOR ( 'NONE', #1113, 1000.000000000000000 ) ;
#2114 = VECTOR ( 'NONE', #3325, 1000.000000000000000 ) ;
#2115 = EDGE_CURVE ( 'NONE', #1088, #813, #2172, .T. ) ;
#2116 = CARTESIAN_POINT ( 'NONE',  ( 667.3702521164520931, 1163.084143756149842, 1962.735689183164823 ) ) ;
#2117 = FACE_OUTER_BOUND ( 'NONE', #951, .T. ) ;
#2118 = EDGE_LOOP ( 'NONE', ( #3040, #8, #134, #806, #2130 ) ) ;
#2119 = CARTESIAN_POINT ( 'NONE',  ( 245.6978461785103605, 546.0789096187243103, 905.0111480823053398 ) ) ;
#2120 = CARTESIAN_POINT ( 'NONE',  ( -21.50000000000004619, 293.4880934027235639, 381.8661796712511887 ) ) ;
#2121 = DIRECTION ( 'NONE',  ( 0.4162009255683704056, 0.9092726706307804330, 0.000000000000000000 ) ) ;
#2122 = CARTESIAN_POINT ( 'NONE',  ( -730.8378878353680648, 2545.582091031731579, 277.9007248159850292 ) ) ;
#2123 = CARTESIAN_POINT ( 'NONE',  ( -654.2557769394830984, 1061.810496546007926, 1929.360034814536675 ) ) ;
#2124 = CARTESIAN_POINT ( 'NONE',  ( -91.50000000000129319, 699.3832974255310546, 545.5014632338036336 ) ) ;
#2125 = CARTESIAN_POINT ( 'NONE',  ( 65.12830462057475245, 711.7064633483239504, 524.0716300459183685 ) ) ;
#2126 = CARTESIAN_POINT ( 'NONE',  ( 91.49999999999997158, 675.2903488800872083, 479.7323870116119338 ) ) ;
#2127 =( BOUNDED_CURVE ( )  B_SPLINE_CURVE ( 3, ( #2824, #1941, #3352, #2551 ),
 .UNSPECIFIED., .F., .F. ) 
 B_SPLINE_CURVE_WITH_KNOTS ( ( 4, 4 ),
 ( 7.476136277341414319E-17, 1.570796326794905440 ),
 .UNSPECIFIED. ) 
 CURVE ( )  GEOMETRIC_REPRESENTATION_ITEM ( )  RATIONAL_B_SPLINE_CURVE ( ( 1.000000000000000000, 0.8047378541243628280, 0.8047378541243628280, 1.000000000000000000 ) ) 
 REPRESENTATION_ITEM ( '' )  );
#2128 = ORIENTED_EDGE ( 'NONE', *, *, #2684, .F. ) ;
#2129 = CARTESIAN_POINT ( 'NONE',  ( 653.2135536985642830, 2626.533813383690813, 1718.084706906293832 ) ) ;
#2130 = ORIENTED_EDGE ( 'NONE', *, *, #2346, .T. ) ;
#2131 = CARTESIAN_POINT ( 'NONE',  ( 91.49999999999997158, 355.6860556023107165, 349.7505341177319451 ) ) ;
#2132 = DIRECTION ( 'NONE',  ( -1.000000000000000000, 2.478974872911206864E-11, -2.576245215136136512E-09 ) ) ;
#2133 = DIRECTION ( 'NONE',  ( 1.000000000000000000, -0.000000000000000000, -0.000000000000000000 ) ) ;
#2134 = EDGE_CURVE ( 'NONE', #759, #1305, #3202, .T. ) ;
#2135 = EDGE_CURVE ( 'NONE', #143, #61, #2377, .T. ) ;
#2136 = ORIENTED_EDGE ( 'NONE', *, *, #1585, .F. ) ;
#2137 = CARTESIAN_POINT ( 'NONE',  ( 730.9397821326072062, 2024.132753914973819, 435.7451029046059148 ) ) ;
#2138 = CARTESIAN_POINT ( 'NONE',  ( -91.49999999999997158, 355.6993072419976443, 349.7762294684745825 ) ) ;
#2139 = CARTESIAN_POINT ( 'NONE',  ( -730.9397819028390586, 2155.069829016011226, 526.1922789287178830 ) ) ;
#2140 = CARTESIAN_POINT ( 'NONE',  ( 6541.793986424126160, 2461.764837649877336, 368.0374561218271197 ) ) ;
#2141 = DIRECTION ( 'NONE',  ( 1.000000000000000000, -2.478974872911206864E-11, 2.576245215136136512E-09 ) ) ;
#2142 = CARTESIAN_POINT ( 'NONE',  ( -91.49999999999997158, 673.0695202220439342, 480.6355416872761452 ) ) ;
#2143 = DIRECTION ( 'NONE',  ( 0.000000000000000000, 0.000000000000000000, -1.000000000000000000 ) ) ;
#2144 = CARTESIAN_POINT ( 'NONE',  ( 86.49844661931281564, 734.9097942618603838, 483.5578412136190423 ) ) ;
#2145 = CARTESIAN_POINT ( 'NONE',  ( 91.49999999999997158, 673.5813344841575372, 480.4273999343839705 ) ) ;
#2146 = ORIENTED_EDGE ( 'NONE', *, *, #822, .T. ) ;
#2147 = CARTESIAN_POINT ( 'NONE',  ( 730.9397825514498663, 2544.213791924699308, 278.1707722838909831 ) ) ;
#2148 = CARTESIAN_POINT ( 'NONE',  ( 602.7565570169781495, 2686.653856081335562, 1592.626269963779578 ) ) ;
#2149 = VERTEX_POINT ( 'NONE', #293 ) ;
#2150 = CARTESIAN_POINT ( 'NONE',  ( 91.49999999999884892, 293.5565411635516284, 381.9988043603954111 ) ) ;
#2151 = DIRECTION ( 'NONE',  ( -1.000000000000000000, -2.478975079363486853E-11, 2.576245206620398546E-09 ) ) ;
#2152 = ORIENTED_EDGE ( 'NONE', *, *, #650, .T. ) ;
#2153 = CARTESIAN_POINT ( 'NONE',  ( -730.9397821207639936, 2498.678233061867104, 444.9084449202633778 ) ) ;
#2154 = ORIENTED_EDGE ( 'NONE', *, *, #3196, .F. ) ;
#2155 = EDGE_CURVE ( 'NONE', #1644, #1012, #2797, .T. ) ;
#2156 = CIRCLE ( 'NONE', #415, 19.99999999999972999 ) ;
#2157 = CARTESIAN_POINT ( 'NONE',  ( 17.93978257670415033, 1194.500109537067829, 255.3804741068514943 ) ) ;
#2158 = ADVANCED_FACE ( 'NONE', ( #1387 ), #2593, .F. ) ;
#2159 = CARTESIAN_POINT ( 'NONE',  ( -21.50000000000004619, 293.8996372790343798, 382.6613447653455182 ) ) ;
#2160 = CARTESIAN_POINT ( 'NONE',  ( -48.10105849952451251, 703.6777743522245601, 538.0899885221327850 ) ) ;
#2161 = CARTESIAN_POINT ( 'NONE',  ( -21.50000000000003908, 362.4559721962667140, 472.3662582145445867 ) ) ;
#2162 = ORIENTED_EDGE ( 'NONE', *, *, #1145, .F. ) ;
#2163 = CARTESIAN_POINT ( 'NONE',  ( -655.1169388991307869, 1066.022567089077484, 1932.952527374696729 ) ) ;
#2164 = CARTESIAN_POINT ( 'NONE',  ( -21.49999999993235988, 602.9870659546165825, 566.2868826442106638 ) ) ;
#2165 = CARTESIAN_POINT ( 'NONE',  ( -730.8381121046634235, 1959.766651608099437, 272.2756792785593802 ) ) ;
#2166 = CARTESIAN_POINT ( 'NONE',  ( 21.50000000000004619, 702.2300497789381097, 544.3437692325335320 ) ) ;
#2167 = ORIENTED_EDGE ( 'NONE', *, *, #3446, .T. ) ;
#2168 = CARTESIAN_POINT ( 'NONE',  ( 91.49999999999997158, 656.2419118488624008, 486.6669410025926936 ) ) ;
#2169 = ORIENTED_EDGE ( 'NONE', *, *, #398, .T. ) ;
#2170 = CARTESIAN_POINT ( 'NONE',  ( 91.49999999999890576, 293.4994976330085592, 381.8882863226361337 ) ) ;
#2171 = CARTESIAN_POINT ( 'NONE',  ( 664.4846691822135654, 1940.073114847331681, 270.1334828639635930 ) ) ;
#2172 = CIRCLE ( 'NONE', #2768, 550.0000000000002274 ) ;
#2173 = CARTESIAN_POINT ( 'NONE',  ( -730.9397822683416734, 2349.841369848302747, 386.1922789287177693 ) ) ;
#2174 = AXIS2_PLACEMENT_3D ( 'NONE', #1031, #1870, #181 ) ;
#2175 = ORIENTED_EDGE ( 'NONE', *, *, #3582, .F. ) ;
#2176 = VECTOR ( 'NONE', #2965, 1000.000000000000000 ) ;
#2177 = CARTESIAN_POINT ( 'NONE',  ( 687.9397817997892162, 2155.069829017076700, 566.1922788179390409 ) ) ;
#2178 = CARTESIAN_POINT ( 'NONE',  ( -21.50000000000004619, 299.2695326808446907, 392.5904629332781042 ) ) ;
#2179 = CARTESIAN_POINT ( 'NONE',  ( -21.50000000000004619, 699.4481171915190316, 545.4751108427341251 ) ) ;
#2180 = CARTESIAN_POINT ( 'NONE',  ( -687.9397838743958573, 1724.405785004865038, -243.2348208226356974 ) ) ;
#2181 = EDGE_LOOP ( 'NONE', ( #2641, #1127, #1668, #1806, #1904, #1654, #1497, #2769 ) ) ;
#2182 = CARTESIAN_POINT ( 'NONE',  ( -661.8018069643071613, 1105.374077671118357, 1955.179591727398929 ) ) ;
#2183 = CARTESIAN_POINT ( 'NONE',  ( -91.49999999999991473, 664.9751514449243359, 483.7490512436318681 ) ) ;
#2184 = DIRECTION ( 'NONE',  ( 0.000000000000000000, -0.3095705754959747202, 0.9508764687313968622 ) ) ;
#2185 = CARTESIAN_POINT ( 'NONE',  ( -73.25288135690799152, 321.7814401067660128, 385.8253339726148852 ) ) ;
#2186 = EDGE_LOOP ( 'NONE', ( #2097, #2708, #3, #1552 ) ) ;
#2187 = EDGE_CURVE ( 'NONE', #1888, #728, #581, .T. ) ;
#2188 = CARTESIAN_POINT ( 'NONE',  ( 91.49999999999998579, 488.0071742791808447, 472.9836089181150101 ) ) ;
#2189 = DIRECTION ( 'NONE',  ( 1.000000000000000000, 2.478974872911206864E-11, -2.576245215136136512E-09 ) ) ;
#2190 = CARTESIAN_POINT ( 'NONE',  ( 91.49999999999992895, 362.0614369873927672, 471.9664335453543345 ) ) ;
#2191 = CARTESIAN_POINT ( 'NONE',  ( 21.50000000000004619, 299.4263743832546538, 392.8555878511207879 ) ) ;
#2192 = ORIENTED_EDGE ( 'NONE', *, *, #277, .T. ) ;
#2193 = CARTESIAN_POINT ( 'NONE',  ( 667.9397795943606297, 2160.554630303653084, 1422.308285560227887 ) ) ;
#2194 = ORIENTED_EDGE ( 'NONE', *, *, #1564, .T. ) ;
#2195 = DIRECTION ( 'NONE',  ( -2.478017790963361030E-11, -1.000000000000000000, -6.383952870012501099E-20 ) ) ;
#2196 = CARTESIAN_POINT ( 'NONE',  ( -21.50000000000004619, 348.8501584274783340, 459.2010992582801805 ) ) ;
#2197 = FACE_OUTER_BOUND ( 'NONE', #2322, .T. ) ;
#2198 = FACE_OUTER_BOUND ( 'NONE', #3531, .T. ) ;
#2199 = ORIENTED_EDGE ( 'NONE', *, *, #2320, .T. ) ;
#2200 = CARTESIAN_POINT ( 'NONE',  ( -91.49999999999997158, 610.1695995529406673, 495.7112442405489219 ) ) ;
#2201 = CARTESIAN_POINT ( 'NONE',  ( 687.9397824826110082, 2575.297024588106524, 305.1905246203133970 ) ) ;
#2202 = CARTESIAN_POINT ( 'NONE',  ( 664.4846691822135654, 2725.568572079157548, 277.6918329158722258 ) ) ;
#2203 = ADVANCED_FACE ( 'NONE', ( #3360 ), #68, .F. ) ;
#2204 = CARTESIAN_POINT ( 'NONE',  ( 91.49999999999995737, 674.4015983042307880, 480.0938193885422152 ) ) ;
#2205 = EDGE_CURVE ( 'NONE', #1221, #3028, #2218, .T. ) ;
#2206 = CARTESIAN_POINT ( 'NONE',  ( -664.4849235620333729, 2471.269124718753119, 1876.158182615659598 ) ) ;
#2207 = CARTESIAN_POINT ( 'NONE',  ( 21.50000000000004619, 451.8719588297984160, 533.4252241662723009 ) ) ;
#2208 = FACE_OUTER_BOUND ( 'NONE', #2944, .T. ) ;
#2209 = CARTESIAN_POINT ( 'NONE',  ( -91.49999999999997158, 385.5079291738315987, 394.8485536635260473 ) ) ;
#2210 = ORIENTED_EDGE ( 'NONE', *, *, #2319, .F. ) ;
#2211 = CARTESIAN_POINT ( 'NONE',  ( -730.9397822683416734, 2349.841369848302747, 386.1922789287177693 ) ) ;
#2212 = CARTESIAN_POINT ( 'NONE',  ( -666.0127080678209950, 2585.893251855616654, 1773.259119888610485 ) ) ;
#2213 = CARTESIAN_POINT ( 'NONE',  ( -91.49999999999997158, 413.5572612394520320, 424.2181229327021583 ) ) ;
#2214 = FACE_OUTER_BOUND ( 'NONE', #251, .T. ) ;
#2215 = AXIS2_PLACEMENT_3D ( 'NONE', #1626, #777, #1896 ) ;
#2216 = CARTESIAN_POINT ( 'NONE',  ( -21.50000000000004619, 313.8127052553797398, 416.1299501228463669 ) ) ;
#2217 = VERTEX_POINT ( 'NONE', #909 ) ;
#2218 = LINE ( 'NONE', #2260, #1770 ) ;
#2219 = FACE_OUTER_BOUND ( 'NONE', #826, .T. ) ;
#2220 = AXIS2_PLACEMENT_3D ( 'NONE', #2425, #546, #2486 ) ;
#2221 = CARTESIAN_POINT ( 'NONE',  ( -78.11306605080835652, 329.0446994249749650, 386.8537600707682600 ) ) ;
#2222 = EDGE_LOOP ( 'NONE', ( #2336, #1897, #3245, #3378 ) ) ;
#2223 = CARTESIAN_POINT ( 'NONE',  ( 91.49999999999997158, 470.7379780523450563, 464.6147125462878762 ) ) ;
#2224 = CARTESIAN_POINT ( 'NONE',  ( -667.9397822635133934, 2155.069829017572374, 386.1922787664143470 ) ) ;
#2225 = CARTESIAN_POINT ( 'NONE',  ( 91.49999999997437783, 370.0130119106535176, 479.1812442459934687 ) ) ;
#2226 = EDGE_CURVE ( 'NONE', #908, #1841, #2354, .T. ) ;
#2227 = ADVANCED_FACE ( 'NONE', ( #1986 ), #3489, .F. ) ;
#2228 = CARTESIAN_POINT ( 'NONE',  ( 21.50000000000004974, 457.1419943205771688, 535.8757297271077960 ) ) ;
#2229 = ORIENTED_EDGE ( 'NONE', *, *, #2107, .F. ) ;
#2230 = CARTESIAN_POINT ( 'NONE',  ( -91.49999999999997158, 567.8102613461746841, 494.9499609960600424 ) ) ;
#2231 = VERTEX_POINT ( 'NONE', #3090 ) ;
#2232 = EDGE_CURVE ( 'NONE', #1376, #2231, #959, .T. ) ;
#2233 = AXIS2_PLACEMENT_3D ( 'NONE', #1089, #2755, #448 ) ;
#2234 = CARTESIAN_POINT ( 'NONE',  ( -619.1731198599452455, 2673.354284272100358, 1628.657875925450526 ) ) ;
#2235 = CARTESIAN_POINT ( 'NONE',  ( -91.50000000010214762, 375.7697300447906059, 484.2131195328534545 ) ) ;
#2236 = CARTESIAN_POINT ( 'NONE',  ( 687.5728130487855196, 2568.136063129253671, 268.8430396834975795 ) ) ;
#2237 = VECTOR ( 'NONE', #1909, 1000.000000000000114 ) ;
#2238 = ORIENTED_EDGE ( 'NONE', *, *, #2970, .T. ) ;
#2239 = AXIS2_PLACEMENT_3D ( 'NONE', #625, #2618, #2041 ) ;
#2240 = DIRECTION ( 'NONE',  ( 1.000000000000000000, 2.478974872911206864E-11, -2.576245215136136512E-09 ) ) ;
#2241 = FACE_OUTER_BOUND ( 'NONE', #868, .T. ) ;
#2242 = CARTESIAN_POINT ( 'NONE',  ( -56.78789681186868421, 305.0732723969827589, 383.4595757128227547 ) ) ;
#2243 = VECTOR ( 'NONE', #588, 1000.000000000000000 ) ;
#2244 = DIRECTION ( 'NONE',  ( -1.000000000000000000, -0.000000000000000000, -0.000000000000000000 ) ) ;
#2245 = CARTESIAN_POINT ( 'NONE',  ( 91.49999999999991473, 673.4089958462473078, 480.5001145271249925 ) ) ;
#2246 = DIRECTION ( 'NONE',  ( 2.478017790963374925E-11, -1.000000000000000000, -6.383980381536606793E-20 ) ) ;
#2247 = CARTESIAN_POINT ( 'NONE',  ( 21.50000000000004619, 380.4562180585170950, 488.0997710945713379 ) ) ;
#2248 = LINE ( 'NONE', #59, #955 ) ;
#2249 = CYLINDRICAL_SURFACE ( 'NONE', #1193, 19.99999999999990763 ) ;
#2250 =( BOUNDED_SURFACE ( )  B_SPLINE_SURFACE ( 3, 2, ( 
 ( #2060, #2929, #2013 ),
 ( #1743, #2635, #2871 ),
 ( #1242, #369, #2323 ),
 ( #2857, #3444, #2362 ),
 ( #3134, #932, #3168 ),
 ( #1224, #2340, #3462 ),
 ( #973, #2078, #3204 ),
 ( #1063, #1006, #2691 ),
 ( #2131, #1043, #3556 ),
 ( #1844, #2396, #2094 ),
 ( #1862, #2170, #2379 ),
 ( #1885, #193, #443 ),
 ( #3241, #2150, #3277 ),
 ( #213, #731, #769 ),
 ( #1263, #1596, #715 ),
 ( #3515, #1298, #500 ),
 ( #2947, #1575, #1280 ),
 ( #1340, #2712, #3223 ),
 ( #2112, #3295, #2416 ),
 ( #1024, #1826, #1323 ),
 ( #3536, #2455, #789 ),
 ( #1908, #1555, #230 ),
 ( #3574, #2433, #2963 ),
 ( #2983, #458, #2673 ),
 ( #174, #3257, #3006 ),
 ( #748, #157, #1633 ),
 ( #2730, #517, #476 ),
 ( #3025, #1619, #3497 ),
 ( #990, #2190, #3311 ),
 ( #2747, #1993, #36 ),
 ( #3367, #3116, #2532 ),
 ( #1160, #2805, #3043 ),
 ( #1357, #2225, #1377 ),
 ( #3613, #3388, #1689 ),
 ( #859, #1652, #2247 ),
 ( #250, #3098, #1142 ),
 ( #3595, #58, #2765 ),
 ( #878, #301, #3347 ),
 ( #284, #1413, #1958 ),
 ( #1977, #1394, #2207 ),
 ( #2267, #3329, #2512 ),
 ( #2493, #1084, #840 ),
 ( #266, #590, #1104 ),
 ( #321, #608, #3078 ),
 ( #1708, #2822, #2472 ),
 ( #535, #804, #17 ),
 ( #820, #3059, #1922 ),
 ( #1938, #556, #1671 ),
 ( #572, #1435, #2787 ),
 ( #1120, #2549, #133 ),
 ( #2010, #2334, #338 ),
 ( #2356, #3163, #1725 ),
 ( #2630, #1790, #2022 ),
 ( #677, #366, #3441 ),
 ( #2839, #102, #352 ),
 ( #2037, #2597, #3427 ),
 ( #1740, #1238, #116 ),
 ( #3457, #913, #1220 ),
 ( #3476, #969, #2304 ),
 ( #1206, #3145, #929 ),
 ( #948, #1479, #2073 ),
 ( #1450, #2054, #623 ),
 ( #3182, #2318, #3130 ),
 ( #3199, #635, #2564 ),
 ( #2904, #654, #2854 ),
 ( #401, #1512, #73 ),
 ( #1772, #3407, #87 ),
 ( #2888, #1173, #2287 ),
 ( #895, #1754, #1463 ),
 ( #2579, #384, #1495 ),
 ( #1190, #2867, #2613 ),
 ( #2686, #1591, #471 ),
 ( #2391, #1001, #153 ),
 ( #3216, #692, #3569 ),
 ( #1293, #1317, #1058 ),
 ( #1840, #226, #2725 ),
 ( #986, #2429, #2921 ),
 ( #2942, #1570, #1551 ),
 ( #3253, #2105, #3551 ),
 ( #207, #418, #1805 ),
 ( #2706, #495, #1532 ),
 ( #1020, #188, #3510 ),
 ( #709, #1336, #1039 ),
 ( #2145, #3237, #3273 ),
 ( #2959, #765, #1822 ),
 ( #2409, #727, #3529 ),
 ( #1880, #454, #2450 ),
 ( #2126, #2089, #744 ),
 ( #2999, #1613, #2166 ),
 ( #170, #2650, #1259 ),
 ( #1858, #2373, #3493 ),
 ( #439, #2669, #1276 ),
 ( #2978, #1354, #1648 ),
 ( #1115, #1630, #2546 ) ),
 .UNSPECIFIED., .F., .F., .F. ) 
 B_SPLINE_SURFACE_WITH_KNOTS ( ( 4, 2, 2, 2, 2, 2, 2, 2, 2, 2, 2, 2, 2, 2, 2, 2, 2, 2, 2, 2, 2, 2, 2, 2, 2, 2, 2, 2, 2, 2, 2, 2, 2, 2, 2, 2, 2, 2, 2, 2, 2, 2, 2, 2, 2, 2, 4 ),
 ( 3, 3 ),
 ( 0.3487998981964173240, 0.3506502144581322700, 0.3515753725889897430, 0.3516042837805790633, 0.3516331949721683281, 0.3516910173553469132, 0.3518066621217040835, 0.3520379516544184795, 0.3525005307198472160, 0.3562011632432771080, 0.3636024282901368920, 0.3784049583838564601, 0.4080100185712956518, 0.4376150787587348434, 0.4450163438055946274, 0.4487169763290245195, 0.4524176088524544115, 0.4672201389461739796, 0.4968251991336131712, 0.5264302593210523629, 0.5412327894147719309, 0.5449334219382018230, 0.5486340544616317150, 0.5560353195084914990, 0.5856403796959306352, 0.6152454398833697713, 0.6226467049302295553, 0.6300479699770893394, 0.6448505000708090185, 0.6744555602582482656, 0.7040606204456874018, 0.7077612529691172938, 0.7114618854925471858, 0.7188631505394069698, 0.7262644155862667539, 0.7299650481096966459, 0.7300228704928752865, 0.7300373260886698912, 0.7300517816844644958, 0.7300806928760538161, 0.7301963376424109864, 0.7304276271751253269, 0.7308902062405541189, 0.7318153643714115919, 0.7336656806331265379, 0.7632707408205656741, 0.8224808611954440574 ),
 ( 0.000000000000000000, 1.000000000000000000 ),
 .UNSPECIFIED. ) 
 GEOMETRIC_REPRESENTATION_ITEM ( )  RATIONAL_B_SPLINE_SURFACE ( (
 ( 1.000000000000000000, 0.7071067811865473507, 1.000000000000000000),
 ( 1.000000000000000000, 0.7071067811865473507, 1.000000000000000000),
 ( 1.000000000000000000, 0.7071067811865473507, 1.000000000000000000),
 ( 1.000000000000000000, 0.7071067811865473507, 1.000000000000000000),
 ( 1.000000000000000000, 0.7071067811865476838, 1.000000000000000000),
 ( 1.000000000000000000, 0.7071067811865476838, 1.000000000000000000),
 ( 1.000000000000000000, 0.7071067811865475727, 1.000000000000000000),
 ( 1.000000000000000000, 0.7071067811865475727, 1.000000000000000000),
 ( 1.000000000000000000, 0.7071067811865475727, 1.000000000000000000),
 ( 1.000000000000000000, 0.7071067811865475727, 1.000000000000000000),
 ( 1.000000000000000000, 0.7071067811865475727, 1.000000000000000000),
 ( 1.000000000000000000, 0.7071067811865475727, 1.000000000000000000),
 ( 1.000000000000000000, 0.7071067811865477948, 1.000000000000000000),
 ( 1.000000000000000000, 0.7071067811865477948, 1.000000000000000000),
 ( 1.000000000000000000, 0.7071067811865477948, 1.000000000000000000),
 ( 1.000000000000000000, 0.7071067811865477948, 1.000000000000000000),
 ( 1.000000000000000000, 0.7071067811865475727, 1.000000000000000000),
 ( 1.000000000000000000, 0.7071067811865475727, 1.000000000000000000),
 ( 1.000000000000000000, 0.7071067811865475727, 1.000000000000000000),
 ( 1.000000000000000000, 0.7071067811865475727, 1.000000000000000000),
 ( 1.000000000000000000, 0.7071067811865477948, 1.000000000000000000),
 ( 1.000000000000000000, 0.7071067811865477948, 1.000000000000000000),
 ( 1.000000000000000000, 0.7071067811865474617, 1.000000000000000000),
 ( 1.000000000000000000, 0.7071067811865474617, 1.000000000000000000),
 ( 1.000000000000000000, 0.7071067811865476838, 1.000000000000000000),
 ( 1.000000000000000000, 0.7071067811865476838, 1.000000000000000000),
 ( 1.000000000000000000, 0.7071067811865475727, 1.000000000000000000),
 ( 1.000000000000000000, 0.7071067811865475727, 1.000000000000000000),
 ( 1.000000000000000000, 0.7071067811865476838, 1.000000000000000000),
 ( 1.000000000000000000, 0.7071067811865476838, 1.000000000000000000),
 ( 1.000000000000000000, 0.7071067811865473507, 1.000000000000000000),
 ( 1.000000000000000000, 0.7071067811865473507, 1.000000000000000000),
 ( 1.000000000000000000, 0.7071067811865476838, 1.000000000000000000),
 ( 1.000000000000000000, 0.7071067811865476838, 1.000000000000000000),
 ( 1.000000000000000000, 0.7071067811865473507, 1.000000000000000000),
 ( 1.000000000000000000, 0.7071067811865473507, 1.000000000000000000),
 ( 1.000000000000000000, 0.7071067811865476838, 1.000000000000000000),
 ( 1.000000000000000000, 0.7071067811865476838, 1.000000000000000000),
 ( 1.000000000000000000, 0.7071067811865473507, 1.000000000000000000),
 ( 1.000000000000000000, 0.7071067811865473507, 1.000000000000000000),
 ( 1.000000000000000000, 0.7071067811865477948, 1.000000000000000000),
 ( 1.000000000000000000, 0.7071067811865477948, 1.000000000000000000),
 ( 1.000000000000000000, 0.7071067811865475727, 1.000000000000000000),
 ( 1.000000000000000000, 0.7071067811865475727, 1.000000000000000000),
 ( 1.000000000000000000, 0.7071067811865475727, 1.000000000000000000),
 ( 1.000000000000000000, 0.7071067811865475727, 1.000000000000000000),
 ( 1.000000000000000000, 0.7071067811865472397, 1.000000000000000000),
 ( 1.000000000000000000, 0.7071067811865472397, 1.000000000000000000),
 ( 1.000000000000000000, 0.7071067811865472397, 1.000000000000000000),
 ( 1.000000000000000000, 0.7071067811865472397, 1.000000000000000000),
 ( 1.000000000000000000, 0.7071067811865477948, 1.000000000000000000),
 ( 1.000000000000000000, 0.7071067811865477948, 1.000000000000000000),
 ( 1.000000000000000000, 0.7071067811865472397, 1.000000000000000000),
 ( 1.000000000000000000, 0.7071067811865472397, 1.000000000000000000),
 ( 1.000000000000000000, 0.7071067811865475727, 1.000000000000000000),
 ( 1.000000000000000000, 0.7071067811865475727, 1.000000000000000000),
 ( 1.000000000000000000, 0.7071067811865472397, 1.000000000000000000),
 ( 1.000000000000000000, 0.7071067811865472397, 1.000000000000000000),
 ( 1.000000000000000000, 0.7071067811865475727, 1.000000000000000000),
 ( 1.000000000000000000, 0.7071067811865475727, 1.000000000000000000),
 ( 1.000000000000000000, 0.7071067811865472397, 1.000000000000000000),
 ( 1.000000000000000000, 0.7071067811865472397, 1.000000000000000000),
 ( 1.000000000000000000, 0.7071067811865475727, 1.000000000000000000),
 ( 1.000000000000000000, 0.7071067811865475727, 1.000000000000000000),
 ( 1.000000000000000000, 0.7071067811865477948, 1.000000000000000000),
 ( 1.000000000000000000, 0.7071067811865477948, 1.000000000000000000),
 ( 1.000000000000000000, 0.7071067811865476838, 1.000000000000000000),
 ( 1.000000000000000000, 0.7071067811865476838, 1.000000000000000000),
 ( 1.000000000000000000, 0.7071067811865475727, 1.000000000000000000),
 ( 1.000000000000000000, 0.7071067811865475727, 1.000000000000000000),
 ( 1.000000000000000000, 0.7071067811865475727, 1.000000000000000000),
 ( 1.000000000000000000, 0.7071067811865475727, 1.000000000000000000),
 ( 1.000000000000000000, 0.7071067811865475727, 1.000000000000000000),
 ( 1.000000000000000000, 0.7071067811865475727, 1.000000000000000000),
 ( 1.000000000000000000, 0.7071067811865472397, 1.000000000000000000),
 ( 1.000000000000000000, 0.7071067811865472397, 1.000000000000000000),
 ( 1.000000000000000000, 0.7071067811865475727, 1.000000000000000000),
 ( 1.000000000000000000, 0.7071067811865475727, 1.000000000000000000),
 ( 1.000000000000000000, 0.7071067811865475727, 1.000000000000000000),
 ( 1.000000000000000000, 0.7071067811865475727, 1.000000000000000000),
 ( 1.000000000000000000, 0.7071067811865475727, 1.000000000000000000),
 ( 1.000000000000000000, 0.7071067811865475727, 1.000000000000000000),
 ( 1.000000000000000000, 0.7071067811865475727, 1.000000000000000000),
 ( 1.000000000000000000, 0.7071067811865475727, 1.000000000000000000),
 ( 1.000000000000000000, 0.7071067811865472397, 1.000000000000000000),
 ( 1.000000000000000000, 0.7071067811865472397, 1.000000000000000000),
 ( 1.000000000000000000, 0.7071067811865475727, 1.000000000000000000),
 ( 1.000000000000000000, 0.7071067811865475727, 1.000000000000000000),
 ( 1.000000000000000000, 0.7071067811865477948, 1.000000000000000000),
 ( 1.000000000000000000, 0.7071067811865477948, 1.000000000000000000),
 ( 1.000000000000000000, 0.7071067811865476838, 1.000000000000000000),
 ( 1.000000000000000000, 0.7071067811865476838, 1.000000000000000000),
 ( 1.000000000000000000, 0.7071067811865475727, 1.000000000000000000),
 ( 1.000000000000000000, 0.7071067811865475727, 1.000000000000000000) ) ) 
 REPRESENTATION_ITEM ( '' )  SURFACE ( )  );
#2251 = ORIENTED_EDGE ( 'NONE', *, *, #2992, .T. ) ;
#2252 = CARTESIAN_POINT ( 'NONE',  ( -664.9152211396029770, 2591.759489291255704, 1766.147121686581158 ) ) ;
#2253 = EDGE_CURVE ( 'NONE', #2842, #1536, #2814, .T. ) ;
#2254 = CARTESIAN_POINT ( 'NONE',  ( -21.50000000000004619, 464.4643060972630337, 539.0971601019302852 ) ) ;
#2255 = CARTESIAN_POINT ( 'NONE',  ( 667.9397825010577208, 2556.692416686906199, 297.8510038198462553 ) ) ;
#2256 = LINE ( 'NONE', #1734, #3218 ) ;
#2257 = EDGE_CURVE ( 'NONE', #3344, #177, #431, .T. ) ;
#2258 = DIRECTION ( 'NONE',  ( -1.000000000000000000, 2.478974872911206864E-11, -2.576245215136136926E-09 ) ) ;
#2259 = VERTEX_POINT ( 'NONE', #3127 ) ;
#2260 = CARTESIAN_POINT ( 'NONE',  ( 91.49999999999997158, 293.4619564039324473, 381.8154955722138766 ) ) ;
#2261 = CARTESIAN_POINT ( 'NONE',  ( -719.4223215027211609, 1942.103310505048967, 270.1735211670393824 ) ) ;
#2262 = FACE_OUTER_BOUND ( 'NONE', #3240, .T. ) ;
#2263 = CARTESIAN_POINT ( 'NONE',  ( 674.6610339901073985, 2570.373826769788593, 276.1984907325655172 ) ) ;
#2264 = CARTESIAN_POINT ( 'NONE',  ( 715.7822426530805160, 2564.629100195561932, 276.1450434106091052 ) ) ;
#2265 = CARTESIAN_POINT ( 'NONE',  ( 710.9397822635133934, 2155.069829016506901, 386.1922788771928481 ) ) ;
#2266 = DIRECTION ( 'NONE',  ( 2.405598848069275759E-09, -0.3669760374471598419, 0.9302303950847772285 ) ) ;
#2267 = CARTESIAN_POINT ( 'NONE',  ( 91.49999999999997158, 486.5400606571891444, 472.3561495153000465 ) ) ;
#2268 = CARTESIAN_POINT ( 'NONE',  ( 21.50000000000004263, 358.8707625297391814, 468.9323101087027794 ) ) ;
#2269 = VERTEX_POINT ( 'NONE', #313 ) ;
#2270 = CYLINDRICAL_SURFACE ( 'NONE', #1482, 19.99999999999994316 ) ;
#2271 = EDGE_LOOP ( 'NONE', ( #1572, #2891, #2154, #842 ) ) ;
#2272 = CARTESIAN_POINT ( 'NONE',  ( -638.6043461883962209, 2651.356638792244212, 1675.746582917017577 ) ) ;
#2273 = CARTESIAN_POINT ( 'NONE',  ( -91.49999999997437783, 370.0130119106535176, 479.1812442459934687 ) ) ;
#2274 = DIRECTION ( 'NONE',  ( 0.000000000000000000, -0.9352648221502628534, 0.3539487426849222684 ) ) ;
#2275 = DIRECTION ( 'NONE',  ( -1.000000000000000000, -2.478974872911206864E-11, 2.576245215136136512E-09 ) ) ;
#2276 =( BOUNDED_CURVE ( )  B_SPLINE_CURVE ( 3, ( #647, #1214, #432, #1524 ),
 .UNSPECIFIED., .F., .F. ) 
 B_SPLINE_CURVE_WITH_KNOTS ( ( 4, 4 ),
 ( 3.661716853166911090, 4.492331385808482125 ),
 .UNSPECIFIED. ) 
 CURVE ( )  GEOMETRIC_REPRESENTATION_ITEM ( )  RATIONAL_B_SPLINE_CURVE ( ( 1.000000000000000000, 0.9433282604072280586, 0.9433282604072280586, 1.000000000000000000 ) ) 
 REPRESENTATION_ITEM ( '' )  );
#2277 = ORIENTED_EDGE ( 'NONE', *, *, #2280, .T. ) ;
#2278 = ADVANCED_FACE ( 'NONE', ( #347 ), #1953, .T. ) ;
#2279 = SHAPE_DEFINITION_REPRESENTATION ( #167, #2577 ) ;
#2280 = EDGE_CURVE ( 'NONE', #1888, #3466, #1427, .T. ) ;
#2281 = CARTESIAN_POINT ( 'NONE',  ( -664.4846691822135654, 2725.568572079157548, 277.6918329158722258 ) ) ;
#2282 = CARTESIAN_POINT ( 'NONE',  ( -722.1212430948943393, 1943.751269996242399, 270.2356444523742312 ) ) ;
#2283 = CARTESIAN_POINT ( 'NONE',  ( 667.7057530140898507, 2584.053704832794665, 276.3301239483142240 ) ) ;
#2284 = CARTESIAN_POINT ( 'NONE',  ( 91.49999999999997158, 293.4619564039324473, 381.8154955722138766 ) ) ;
#2285 = AXIS2_PLACEMENT_3D ( 'NONE', #3483, #1503, #958 ) ;
#2286 = DIRECTION ( 'NONE',  ( -2.576244773067061364E-09, 0.000000000000000000, 1.000000000000000000 ) ) ;
#2287 = CARTESIAN_POINT ( 'NONE',  ( 21.49999999994882671, 688.6399373795444490, 549.6327150244195536 ) ) ;
#2288 = CARTESIAN_POINT ( 'NONE',  ( 667.9397824826110082, 2575.297024588602198, 305.1905245687887032 ) ) ;
#2289 = ORIENTED_EDGE ( 'NONE', *, *, #2485, .F. ) ;
#2290 = CARTESIAN_POINT ( 'NONE',  ( -91.49999999999997158, 690.2975720465359473, 473.6293289797332591 ) ) ;
#2291 = CARTESIAN_POINT ( 'NONE',  ( -608.3956868970558389, 2682.543370969248826, 1604.716754169185606 ) ) ;
#2292 = CARTESIAN_POINT ( 'NONE',  ( -91.50000000006816947, 457.4133787045753365, 536.0205997144765888 ) ) ;
#2293 = CARTESIAN_POINT ( 'NONE',  ( 723.2150975635569239, 1944.614591218862643, 270.2794886346969179 ) ) ;
#2294 = PLANE ( 'NONE',  #706 ) ;
#2295 = EDGE_LOOP ( 'NONE', ( #2652, #1675, #1793, #514 ) ) ;
#2296 = DIRECTION ( 'NONE',  ( 2.478017790963347460E-11, 1.000000000000000000, 6.383980381536535774E-20 ) ) ;
#2297 = VECTOR ( 'NONE', #3014, 1000.000000000000000 ) ;
#2298 = DIRECTION ( 'NONE',  ( 2.405597506489808114E-09, -0.3669760374471597308, 0.9302303950847772285 ) ) ;
#2299 = AXIS2_PLACEMENT_3D ( 'NONE', #1425, #1459, #3401 ) ;
#2300 = CARTESIAN_POINT ( 'NONE',  ( 682.5533728547555938, 2565.937051712824086, 276.1557983367014799 ) ) ;
#2301 = VECTOR ( 'NONE', #480, 1000.000000000000000 ) ;
#2302 = EDGE_CURVE ( 'NONE', #2809, #3435, #2964, .T. ) ;
#2303 = CARTESIAN_POINT ( 'NONE',  ( -667.9397795943606297, 2467.268739183226899, 1878.845748879733947 ) ) ;
#2304 = CARTESIAN_POINT ( 'NONE',  ( 21.50000000000004619, 615.7471687656029644, 565.5593848718092431 ) ) ;
#2305 = EDGE_CURVE ( 'NONE', #3390, #479, #2623, .T. ) ;
#2306 = CARTESIAN_POINT ( 'NONE',  ( 666.2319484355612076, 1147.412288517905836, 1962.584888353433143 ) ) ;
#2307 = ORIENTED_EDGE ( 'NONE', *, *, #3262, .F. ) ;
#2308 = CARTESIAN_POINT ( 'NONE',  ( -91.49999999999997158, 755.8684637335436491, 446.9633060433967557 ) ) ;
#2309 = CARTESIAN_POINT ( 'NONE',  ( 730.9397822683416734, 2349.841369848302747, 386.1922789287177693 ) ) ;
#2310 = CARTESIAN_POINT ( 'NONE',  ( -21.50000000000004619, 564.7717027380518857, 564.9641594340592974 ) ) ;
#2311 = CARTESIAN_POINT ( 'NONE',  ( -664.4846735620332083, 2709.211252435537972, 1977.613136416147881 ) ) ;
#2312 = CARTESIAN_POINT ( 'NONE',  ( -730.9397818513141374, 2155.069829016011226, 546.1922789287177693 ) ) ;
#2313 = ORIENTED_EDGE ( 'NONE', *, *, #712, .T. ) ;
#2314 = CARTESIAN_POINT ( 'NONE',  ( 653.8287263173031079, 1059.780827751226525, 1927.498622785365797 ) ) ;
#2315 = CARTESIAN_POINT ( 'NONE',  ( 91.21452326219792894, 374.8330377185193925, 393.3370646079066546 ) ) ;
#2316 = CARTESIAN_POINT ( 'NONE',  ( -91.49999999999997158, 685.5444352554488887, 475.5623094751838948 ) ) ;
#2317 = DIRECTION ( 'NONE',  ( -2.576245215136136512E-09, -2.802293682234063886E-27, 1.000000000000000000 ) ) ;
#2318 = CARTESIAN_POINT ( 'NONE',  ( 91.49999999999997158, 669.8304735840658850, 555.6316623114590811 ) ) ;
#2319 = EDGE_CURVE ( 'NONE', #1578, #3165, #614, .T. ) ;
#2320 = EDGE_CURVE ( 'NONE', #360, #850, #2276, .T. ) ;
#2321 = CYLINDRICAL_SURFACE ( 'NONE', #1481, 99.99999999999992895 ) ;
#2322 = EDGE_LOOP ( 'NONE', ( #3140, #354, #1386, #772 ) ) ;
#2323 = CARTESIAN_POINT ( 'NONE',  ( 21.50000000000004619, 292.7402621807594301, 380.4157521793850378 ) ) ;
#2324 = CYLINDRICAL_SURFACE ( 'NONE', #3522, 160.0000000000000284 ) ;
#2325 = DIRECTION ( 'NONE',  ( 0.000000000000000000, 0.9352648221502638526, -0.3539487426849198815 ) ) ;
#2326 = FACE_OUTER_BOUND ( 'NONE', #2361, .T. ) ;
#2327 = ORIENTED_EDGE ( 'NONE', *, *, #343, .F. ) ;
#2328 = DIRECTION ( 'NONE',  ( 0.000000000000000000, -0.9999537079413387541, -0.009621952731540726889 ) ) ;
#2329 = CARTESIAN_POINT ( 'NONE',  ( 30.99590857368597696, 294.2315458650821256, 381.9244639914917343 ) ) ;
#2330 = CARTESIAN_POINT ( 'NONE',  ( 667.9397820952056009, 1986.722161030525285, 449.9030524496990324 ) ) ;
#2331 = LINE ( 'NONE', #945, #1116 ) ;
#2332 = CARTESIAN_POINT ( 'NONE',  ( -91.49999999999997158, 673.7237523504827550, 480.3694821908173367 ) ) ;
#2333 = LINE ( 'NONE', #2903, #127 ) ;
#2334 = CARTESIAN_POINT ( 'NONE',  ( 91.49999999999991473, 539.6587102384930859, 561.8806194728755372 ) ) ;
#2335 = VECTOR ( 'NONE', #2352, 1000.000000000000000 ) ;
#2336 = ORIENTED_EDGE ( 'NONE', *, *, #2658, .T. ) ;
#2337 = B_SPLINE_CURVE_WITH_KNOTS ( 'NONE', 3,
 ( #2369, #2625, #1271, #128, #1234, #926, #450, #1527, #2916, #413, #3158, #1566, #2881, #3505, #3386, #2100, #2032, #3229, #2645, #1836, #3193, #649, #2351, #3471, #688, #1288, #2160, #1310, #3563, #3544, #3318, #1625, #2991, #795, #1584, #2179 ),
 .UNSPECIFIED., .F., .F.,
 ( 4, 2, 2, 2, 2, 2, 2, 2, 2, 2, 2, 2, 2, 2, 2, 2, 2, 4 ),
 ( 0.000000000000000000, 0.01807576279314170031, 0.03615152558628340063, 0.05422728837942510094, 0.05874622907771057112, 0.06326516977599604130, 0.07230305117256680125, 0.08134093256913758896, 0.09037881396570839054, 0.09941669536227916437, 0.1084545767588499660, 0.1129735174571353945, 0.1152329878062781782, 0.1174924581554209480, 0.1265303395519924434, 0.1310492802502782328, 0.1355682209485640499, 0.1446061023451355732 ),
 .UNSPECIFIED. ) ;
#2338 = CARTESIAN_POINT ( 'NONE',  ( 503.0223840912985338, 692.5126448071811183, 557.5846766924968279 ) ) ;
#2339 = ORIENTED_EDGE ( 'NONE', *, *, #1186, .F. ) ;
#2340 = CARTESIAN_POINT ( 'NONE',  ( 91.50000000000019895, 293.4512908860734228, 381.7948095424869734 ) ) ;
#2341 = ADVANCED_FACE ( 'NONE', ( #1201 ), #2605, .F. ) ;
#2342 = AXIS2_PLACEMENT_3D ( 'NONE', #528, #2141, #1932 ) ;
#2343 = CARTESIAN_POINT ( 'NONE',  ( -523.3406826471369868, 2714.336661104898667, 1435.254412052063344 ) ) ;
#2344 = FACE_OUTER_BOUND ( 'NONE', #2554, .T. ) ;
#2345 = CARTESIAN_POINT ( 'NONE',  ( -667.9397784293228142, 2471.269124718753119, 1876.158182615659598 ) ) ;
#2346 = EDGE_CURVE ( 'NONE', #3435, #884, #2796, .T. ) ;
#2347 = ORIENTED_EDGE ( 'NONE', *, *, #3089, .T. ) ;
#2348 = CARTESIAN_POINT ( 'NONE',  ( 233.4212735159560168, 545.0529583824320525, 973.8504332356156965 ) ) ;
#2349 = CARTESIAN_POINT ( 'NONE',  ( 729.8764381713634748, 2550.318869285992605, 277.1233399512692017 ) ) ;
#2350 = CARTESIAN_POINT ( 'NONE',  ( 78.13195527440825572, 329.0802299922388556, 386.8587909475489255 ) ) ;
#2351 = CARTESIAN_POINT ( 'NONE',  ( -52.45352730145700804, 705.2522141086794818, 535.3409642523042749 ) ) ;
#2352 = DIRECTION ( 'NONE',  ( 1.000000000000000000, 2.478975079363491054E-11, -2.576245206620398960E-09 ) ) ;
#2353 = CARTESIAN_POINT ( 'NONE',  ( -21.50000000000004619, 721.0292081342518031, 536.6986270819666061 ) ) ;
#2354 = CIRCLE ( 'NONE', #776, 99.99999999999997158 ) ;
#2355 = CARTESIAN_POINT ( 'NONE',  ( -712.3539947783176558, 2565.253772436321015, 276.1492236282210797 ) ) ;
#2356 = CARTESIAN_POINT ( 'NONE',  ( 91.49999999999997158, 563.7945123971951489, 494.4666031348959336 ) ) ;
#2357 = CIRCLE ( 'NONE', #2055, 159.9999999999998579 ) ;
#2358 = CIRCLE ( 'NONE', #1603, 159.9999999999999147 ) ;
#2359 = EDGE_LOOP ( 'NONE', ( #3539, #3126, #1884, #564, #730, #1438, #1714, #2210 ) ) ;
#2360 = CARTESIAN_POINT ( 'NONE',  ( 21.50000000000004974, 602.3943651199265332, 566.2019659469139015 ) ) ;
#2361 = EDGE_LOOP ( 'NONE', ( #2739, #201, #392, #2985 ) ) ;
#2362 = CARTESIAN_POINT ( 'NONE',  ( 21.50000000000004619, 293.1642296075388572, 381.2380472530521160 ) ) ;
#2363 = DIRECTION ( 'NONE',  ( 2.576245215275660788E-09, -5.628313689823017339E-09, 1.000000000000000000 ) ) ;
#2364 = LINE ( 'NONE', #2874, #1244 ) ;
#2365 = DIRECTION ( 'NONE',  ( -1.000000000000000000, -2.478974597180487146E-11, 2.576245206666796348E-09 ) ) ;
#2366 = CARTESIAN_POINT ( 'NONE',  ( 665.8248965488172644, 1141.808108938651458, 1962.530962706093078 ) ) ;
#2367 = EDGE_CURVE ( 'NONE', #2862, #2395, #1048, .T. ) ;
#2368 = CARTESIAN_POINT ( 'NONE',  ( -91.49999999999997158, 354.3920714260843852, 347.2408211619978147 ) ) ;
#2369 = CARTESIAN_POINT ( 'NONE',  ( -91.49999999999997158, 755.8684637335436491, 446.9633060433967557 ) ) ;
#2370 = CARTESIAN_POINT ( 'NONE',  ( -21.50000000000004619, 448.0392316443400205, 531.6589613745354654 ) ) ;
#2371 = CARTESIAN_POINT ( 'NONE',  ( -91.49999999999997158, 675.8600203454583379, 479.5007160373100419 ) ) ;
#2372 = CARTESIAN_POINT ( 'NONE',  ( 71.16073868547267978, 716.0949574155769142, 516.4091731945727588 ) ) ;
#2373 = CARTESIAN_POINT ( 'NONE',  ( 91.49999999945370632, 721.0292081343136488, 536.6986270821184917 ) ) ;
#2374 = CIRCLE ( 'NONE', #3139, 19.99999999999994316 ) ;
#2375 = VERTEX_POINT ( 'NONE', #2137 ) ;
#2376 = PRODUCT ( 'Three Wheeler Body Block', 'Three Wheeler Body Block', '', ( #1153 ) ) ;
#2377 = LINE ( 'NONE', #3495, #953 ) ;
#2378 = ORIENTED_EDGE ( 'NONE', *, *, #118, .T. ) ;
#2379 = CARTESIAN_POINT ( 'NONE',  ( 21.50000000000004619, 293.4994976330087866, 381.8882863226365316 ) ) ;
#2380 = CARTESIAN_POINT ( 'NONE',  ( 421.1742828048907654, 614.8544540277467831, 1199.957847353583247 ) ) ;
#2381 = DIRECTION ( 'NONE',  ( -0.4162009255683704056, 0.9092726706307804330, 0.000000000000000000 ) ) ;
#2382 = LINE ( 'NONE', #3189, #2924 ) ;
#2383 = ORIENTED_EDGE ( 'NONE', *, *, #493, .T. ) ;
#2384 = CARTESIAN_POINT ( 'NONE',  ( 288.1336931397085550, 553.0226918466694315, 1038.747093420397277 ) ) ;
#2385 = CARTESIAN_POINT ( 'NONE',  ( -21.50000000000004619, 293.3055520831306353, 381.5121456109384326 ) ) ;
#2386 = DIRECTION ( 'NONE',  ( -1.000000000000000000, 2.478974872911206864E-11, -2.576245215136136512E-09 ) ) ;
#2387 = ADVANCED_FACE ( 'NONE', ( #2439 ), #482, .T. ) ;
#2388 = CARTESIAN_POINT ( 'NONE',  ( 569.4561399940959063, 837.6502332622716267, 304.1696117516114555 ) ) ;
#2389 = CARTESIAN_POINT ( 'NONE',  ( -91.50000000000049738, 699.6665281849732310, 545.3862886167243005 ) ) ;
#2390 = CARTESIAN_POINT ( 'NONE',  ( 42.14507225229126419, 701.9060970102069632, 541.1833961876499188 ) ) ;
#2391 = CARTESIAN_POINT ( 'NONE',  ( 91.49999999999997158, 673.0472668359836916, 480.6445898424119036 ) ) ;
#2392 = ORIENTED_EDGE ( 'NONE', *, *, #802, .F. ) ;
#2393 = CARTESIAN_POINT ( 'NONE',  ( 654.9161770733410322, 2622.799502934031352, 1723.787053941489376 ) ) ;
#2394 = VECTOR ( 'NONE', #1369, 1000.000000000000000 ) ;
#2395 = VERTEX_POINT ( 'NONE', #3012 ) ;
#2396 = CARTESIAN_POINT ( 'NONE',  ( 91.50000000000022737, 293.4880934027230523, 381.8661796712524392 ) ) ;
#2397 = CARTESIAN_POINT ( 'NONE',  ( 730.9397823178875342, 2461.764837793926745, 368.0374411516416444 ) ) ;
#2398 = AXIS2_PLACEMENT_3D ( 'NONE', #2201, #2505, #11 ) ;
#2399 = ORIENTED_EDGE ( 'NONE', *, *, #2992, .F. ) ;
#2400 = CARTESIAN_POINT ( 'NONE',  ( 210.4772484759675422, 894.3303201145995445, 52.89755397201469833 ) ) ;
#2401 = CIRCLE ( 'NONE', #477, 179.9999999999997726 ) ;
#2402 = CARTESIAN_POINT ( 'NONE',  ( 356.9742645444214872, 576.3330372545865430, 772.1888995161874618 ) ) ;
#2403 = CARTESIAN_POINT ( 'NONE',  ( -21.50000000000004619, 293.1642296075388572, 381.2380472530521160 ) ) ;
#2404 = CARTESIAN_POINT ( 'NONE',  ( -91.49999999999997158, 755.8684637335436491, 446.9633060433967557 ) ) ;
#2405 = CARTESIAN_POINT ( 'NONE',  ( -21.50000000000004619, 694.7818375915919660, 547.3727687155744661 ) ) ;
#2406 = CARTESIAN_POINT ( 'NONE',  ( -660.1113547978292218, 1093.790991294017886, 1950.572290615345764 ) ) ;
#2407 = CARTESIAN_POINT ( 'NONE',  ( -21.50000000005126566, 688.6399373795444490, 549.6327150244195536 ) ) ;
#2408 = CARTESIAN_POINT ( 'NONE',  ( 57.02669014059600983, 707.2086436837861356, 531.9249730324875145 ) ) ;
#2409 = CARTESIAN_POINT ( 'NONE',  ( 91.49999999999997158, 674.1510059494785310, 480.1957289601096477 ) ) ;
#2410 = ORIENTED_EDGE ( 'NONE', *, *, #2205, .F. ) ;
#2411 = VECTOR ( 'NONE', #2042, 1000.000000000000000 ) ;
#2412 = CARTESIAN_POINT ( 'NONE',  ( 526.5755652759805798, 2714.137175516632851, 1441.450264535767474 ) ) ;
#2413 = AXIS2_PLACEMENT_3D ( 'NONE', #6, #2777, #3125 ) ;
#2414 = EDGE_CURVE ( 'NONE', #792, #1344, #3235, .T. ) ;
#2415 = ORIENTED_EDGE ( 'NONE', *, *, #755, .F. ) ;
#2416 = CARTESIAN_POINT ( 'NONE',  ( 21.50000000000004619, 295.4699937208280289, 385.6531669689784394 ) ) ;
#2417 = DIRECTION ( 'NONE',  ( 1.000000000000000000, -0.000000000000000000, -0.000000000000000000 ) ) ;
#2418 = ORIENTED_EDGE ( 'NONE', *, *, #897, .T. ) ;
#2419 = DIRECTION ( 'NONE',  ( 1.000000000000000000, -0.000000000000000000, -0.000000000000000000 ) ) ;
#2420 = ORIENTED_EDGE ( 'NONE', *, *, #2107, .T. ) ;
#2421 = CARTESIAN_POINT ( 'NONE',  ( 297.9709044921006011, 555.3268235261002701, 842.9438138186245624 ) ) ;
#2422 = CARTESIAN_POINT ( 'NONE',  ( -91.49999999999997158, 366.4451080393613438, 368.6145236916688077 ) ) ;
#2423 = FACE_OUTER_BOUND ( 'NONE', #3058, .T. ) ;
#2424 = CARTESIAN_POINT ( 'NONE',  ( -667.6159858477305988, 2585.427320728697396, 276.1699197395778924 ) ) ;
#2425 = CARTESIAN_POINT ( 'NONE',  ( 710.9397818074418183, 2072.073793508839572, 562.4232414131205360 ) ) ;
#2426 = CARTESIAN_POINT ( 'NONE',  ( -91.49999999999997158, 654.4384825015717979, 487.2097330266502127 ) ) ;
#2427 = PLANE ( 'NONE',  #361 ) ;
#2428 = FACE_OUTER_BOUND ( 'NONE', #3064, .T. ) ;
#2429 = CARTESIAN_POINT ( 'NONE',  ( 91.50000000000015632, 699.4573519438005178, 545.4713553025882220 ) ) ;
#2430 = ORIENTED_EDGE ( 'NONE', *, *, #3023, .T. ) ;
#2431 = CARTESIAN_POINT ( 'NONE',  ( 667.9397786464697901, 2567.432461624899133, 1794.158330967884694 ) ) ;
#2432 = ORIENTED_EDGE ( 'NONE', *, *, #1765, .T. ) ;
#2433 = CARTESIAN_POINT ( 'NONE',  ( 91.50000000006754419, 307.2846713697852579, 406.0554840215816625 ) ) ;
#2434 = EDGE_CURVE ( 'NONE', #3555, #3494, #609, .T. ) ;
#2435 = EDGE_CURVE ( 'NONE', #931, #2896, #1243, .T. ) ;
#2436 = LINE ( 'NONE', #1282, #1598 ) ;
#2437 = CARTESIAN_POINT ( 'NONE',  ( -664.4846735620333220, 962.7138307790711451, 260.7289461083701667 ) ) ;
#2438 = ORIENTED_EDGE ( 'NONE', *, *, #1324, .T. ) ;
#2439 = FACE_OUTER_BOUND ( 'NONE', #2359, .T. ) ;
#2440 = CARTESIAN_POINT ( 'NONE',  ( -91.49999999999997158, 358.9899015811139407, 355.9615533736254633 ) ) ;
#2441 = B_SPLINE_CURVE_WITH_KNOTS ( 'NONE', 3,
 ( #3068, #3050, #3102, #2774, #542, #289, #3336, #1997, #1382, #2792, #1148, #1128, #3393, #3123, #864, #1945, #77, #46, #561, #1108, #3356, #828, #885, #615, #344, #2845, #1981, #1927, #597, #1676 ),
 .UNSPECIFIED., .F., .F.,
 ( 4, 2, 2, 2, 2, 2, 2, 2, 2, 1, 2, 2, 1, 1, 1, 2, 4 ),
 ( 0.000000000000000000, 0.04048333094686517447, 0.08096666189373034894, 0.1214499928405955165, 0.1619333237874606979, 0.2024166547343258793, 0.2428999856811910329, 0.2530208184179074671, 0.2631416511546239012, 0.2833833166280566029, 0.3036249821014893047, 0.3137458148382054612, 0.3188062312065635950, 0.3213364393907424676, 0.3226015434828319317, 0.3232340955288767748, 0.3238666475749216733 ),
 .UNSPECIFIED. ) ;
#2442 = DIRECTION ( 'NONE',  ( -2.576245215136136926E-09, -2.802293643786063321E-27, 1.000000000000000000 ) ) ;
#2443 = CARTESIAN_POINT ( 'NONE',  ( -667.9397825010577208, 2556.692416686906199, 297.8510038198462553 ) ) ;
#2444 = VERTEX_POINT ( 'NONE', #1582 ) ;
#2445 = B_SPLINE_CURVE_WITH_KNOTS ( 'NONE', 3,
 ( #294, #29, #2315, #1800, #378, #3486, #2915, #687, #3228, #1835, #1785, #996, #2350, #2954, #703, #1817, #943, #2624, #3176, #671, #2606, #2935, #111, #2880, #394, #2084, #3504, #1490, #412, #1526, #1233, #2099, #1287, #3451, #2329, #180, #2644, #2049 ),
 .UNSPECIFIED., .F., .F.,
 ( 4, 2, 2, 2, 2, 2, 2, 2, 2, 2, 2, 2, 2, 2, 2, 2, 2, 2, 4 ),
 ( 0.000000000000000000, 0.01602496226174725605, 0.03204992452349451210, 0.04006240565436814532, 0.04406864621980495500, 0.04807488678524177161, 0.06409984904698910746, 0.06810608961242596571, 0.07010920989514436708, 0.07211233017786278232, 0.08012481130873638779, 0.08813729243961000714, 0.09214353300504680988, 0.09614977357048362649, 0.1041622547013571765, 0.1121747358322307125, 0.1161809763976674598, 0.1201872169631041931, 0.1281996980939777153 ),
 .UNSPECIFIED. ) ;
#2446 = CARTESIAN_POINT ( 'NONE',  ( -666.2319484355612076, 1147.412288517905836, 1962.584888353433143 ) ) ;
#2447 = CARTESIAN_POINT ( 'NONE',  ( -21.49999999999994671, 699.4533755964558850, 545.4729723824652865 ) ) ;
#2448 = CARTESIAN_POINT ( 'NONE',  ( -710.9397819129835625, 2564.291577163201509, 526.1922788771929618 ) ) ;
#2449 = CARTESIAN_POINT ( 'NONE',  ( -726.0829975552151154, 2557.733584540448192, 276.3584255399240419 ) ) ;
#2450 = CARTESIAN_POINT ( 'NONE',  ( 21.50000000000004619, 700.8058711156252230, 544.9229466681956637 ) ) ;
#2451 = ORIENTED_EDGE ( 'NONE', *, *, #118, .F. ) ;
#2452 = CARTESIAN_POINT ( 'NONE',  ( 518.4799763526226570, 2714.518690493907343, 1425.947135700902663 ) ) ;
#2453 = AXIS2_PLACEMENT_3D ( 'NONE', #2785, #533, #3076 ) ;
#2454 = ORIENTED_EDGE ( 'NONE', *, *, #15, .F. ) ;
#2455 = CARTESIAN_POINT ( 'NONE',  ( 91.50000000003392131, 299.2695326807194078, 392.5904629333505795 ) ) ;
#2456 = DIRECTION ( 'NONE',  ( 2.576364493570426605E-09, 0.009621952731540725154, -0.9999537079413386431 ) ) ;
#2457 = CARTESIAN_POINT ( 'NONE',  ( -667.9397825571794556, 406.8778879869777825, 255.3804713484259423 ) ) ;
#2458 = VECTOR ( 'NONE', #132, 1000.000000000000114 ) ;
#2459 = ORIENTED_EDGE ( 'NONE', *, *, #1004, .T. ) ;
#2460 = VECTOR ( 'NONE', #2912, 1000.000000000000000 ) ;
#2461 = CARTESIAN_POINT ( 'NONE',  ( 397.5722882156030664, 598.3863035381449436, 722.7066720535132163 ) ) ;
#2462 = CARTESIAN_POINT ( 'NONE',  ( -21.50000000000004619, 295.4699937208280289, 385.6531669689784394 ) ) ;
#2463 = CARTESIAN_POINT ( 'NONE',  ( 687.9397821023168262, 2517.282840964628576, 452.2479655584280067 ) ) ;
#2464 = EDGE_CURVE ( 'NONE', #2093, #3183, #3164, .T. ) ;
#2465 = CARTESIAN_POINT ( 'NONE',  ( -667.9397781773599263, 2155.262556301303903, 1972.282824927964384 ) ) ;
#2466 = CARTESIAN_POINT ( 'NONE',  ( 638.9534105332446643, 998.3999005599645216, 1835.229300777980598 ) ) ;
#2467 = CARTESIAN_POINT ( 'NONE',  ( -91.49999999999997158, 650.8821004597901947, 488.2437601052634477 ) ) ;
#2468 = CARTESIAN_POINT ( 'NONE',  ( -667.9397821023169399, 2517.282840965123796, 452.2479655069031423 ) ) ;
#2469 = CARTESIAN_POINT ( 'NONE',  ( -85.93237191497338756, 347.4016030884869224, 389.4529676691414011 ) ) ;
#2470 = CARTESIAN_POINT ( 'NONE',  ( 91.49999999999997158, 493.9015656769778957, 475.5583148920164263 ) ) ;
#2471 = ORIENTED_EDGE ( 'NONE', *, *, #1294, .F. ) ;
#2472 = CARTESIAN_POINT ( 'NONE',  ( 21.50000000000004619, 470.1479796241059717, 541.4878373725870233 ) ) ;
#2473 = TOROIDAL_SURFACE ( 'NONE', #2651, 179.9999999999999147, 19.99999999999991473 ) ;
#2474 = DIRECTION ( 'NONE',  ( -2.405598848069276172E-09, 0.3669760374471598419, -0.9302303950847772285 ) ) ;
#2475 = AXIS2_PLACEMENT_3D ( 'NONE', #3239, #1616, #498 ) ;
#2476 = ORIENTED_EDGE ( 'NONE', *, *, #1251, .T. ) ;
#2477 = CARTESIAN_POINT ( 'NONE',  ( -730.9397823178875342, 2461.764837793926745, 368.0374411516416444 ) ) ;
#2478 = AXIS2_PLACEMENT_3D ( 'NONE', #3271, #2761, #2143 ) ;
#2479 = EDGE_LOOP ( 'NONE', ( #472, #2982, #680, #2791 ) ) ;
#2480 = CARTESIAN_POINT ( 'NONE',  ( 413.3572641700275199, 609.1291643806541742, 703.1750115754812214 ) ) ;
#2481 = CARTESIAN_POINT ( 'NONE',  ( -91.49999999999997158, 355.7346593399461199, 349.8447429829557791 ) ) ;
#2482 = CARTESIAN_POINT ( 'NONE',  ( 710.9397822635133934, 2155.069829016506901, 386.1922788771928481 ) ) ;
#2483 = CARTESIAN_POINT ( 'NONE',  ( -6541.793986405782562, 1939.110919395535575, 370.1288722232382611 ) ) ;
#2484 = VERTEX_POINT ( 'NONE', #1029 ) ;
#2485 = EDGE_CURVE ( 'NONE', #1950, #1783, #1604, .T. ) ;
#2486 = DIRECTION ( 'NONE',  ( 0.000000000000000000, -0.9352648221502628534, 0.3539487426849222684 ) ) ;
#2487 = ADVANCED_FACE ( 'NONE', ( #2717 ), #1640, .F. ) ;
#2488 = CARTESIAN_POINT ( 'NONE',  ( -21.50000000000004619, 668.2470156920022646, 556.0718467941811696 ) ) ;
#2489 = CARTESIAN_POINT ( 'NONE',  ( 624.5814930678891415, 961.0780988147085964, 260.7210764583977607 ) ) ;
#2490 = CARTESIAN_POINT ( 'NONE',  ( -90.00020760766736316, 364.2698669709432693, 391.8413944135597831 ) ) ;
#2491 = CARTESIAN_POINT ( 'NONE',  ( 91.49999999999997158, 420.0511979460457042, 429.9254556015914659 ) ) ;
#2492 = CARTESIAN_POINT ( 'NONE',  ( 730.9397825571795693, 1940.073114812738822, 270.1334864589190943 ) ) ;
#2493 = CARTESIAN_POINT ( 'NONE',  ( 91.49999999999997158, 492.1757887824874160, 474.8152101378627776 ) ) ;
#2494 = B_SPLINE_CURVE_WITH_KNOTS ( 'NONE', 3,
 ( #1842, #2431, #2945, #1261, #3513, #3220, #1041, #3003, #1824, #2393, #1003, #2129, #441, #2927, #2671, #746, #696, #1860, #421, #1807, #1278, #2728, #2109, #2148, #2961, #228, #2980, #474, #456, #1573, #2688, #1534, #191, #1296, #2412, #1594, #3534, #1883, #1338, #2452, #3571, #1022, #3255 ),
 .UNSPECIFIED., .F., .F.,
 ( 4, 2, 2, 2, 2, 2, 2, 2, 2, 2, 2, 2, 2, 2, 2, 2, 2, 2, 1, 1, 1, 2, 4 ),
 ( 2.220446049250313081E-16, 0.02784064765165322058, 0.05568129530330621912, 0.08352194295495921073, 0.09744226678078571346, 0.1044024286936993673, 0.1113625906066130072, 0.1392032382582704397, 0.1670438859099278306, 0.1948845335615852770, 0.2227251812132426956, 0.2505658288649001419, 0.2644861526907292815, 0.2784064765165583655, 0.3340877718198743684, 0.3897690671231904269, 0.4176097147748487615, 0.4315300386006779010, 0.4384902005135921654, 0.4419702814700492977, 0.4437103219482775862, 0.4445803421873920080, 0.4454503624265064299 ),
 .UNSPECIFIED. ) ;
#2495 = CARTESIAN_POINT ( 'NONE',  ( 21.50000000000004619, 357.0741222403522102, 467.1933933723619816 ) ) ;
#2496 = ORIENTED_EDGE ( 'NONE', *, *, #2226, .F. ) ;
#2497 = CARTESIAN_POINT ( 'NONE',  ( -91.49999999999995737, 505.8361314673499578, 480.3106050111745731 ) ) ;
#2498 = ORIENTED_EDGE ( 'NONE', *, *, #981, .F. ) ;
#2499 = CARTESIAN_POINT ( 'NONE',  ( -641.5259579136250068, 2647.200595333549245, 1683.499465767355105 ) ) ;
#2500 = CARTESIAN_POINT ( 'NONE',  ( -21.50000000000004619, 470.1479796241059717, 541.4878373725870233 ) ) ;
#2501 = CARTESIAN_POINT ( 'NONE',  ( 716.5145411378720155, 1940.870229606264274, 270.1438341153340730 ) ) ;
#2502 = FACE_OUTER_BOUND ( 'NONE', #2295, .T. ) ;
#2503 = ORIENTED_EDGE ( 'NONE', *, *, #2968, .F. ) ;
#2504 = CARTESIAN_POINT ( 'NONE',  ( -21.50000000000004619, 545.9971970955440383, 607.8797182775902002 ) ) ;
#2505 = DIRECTION ( 'NONE',  ( -2.405594924581787492E-09, -0.3669760374471597864, 0.9302303950847773395 ) ) ;
#2506 = EDGE_CURVE ( 'NONE', #2801, #1402, #2698, .T. ) ;
#2507 = CARTESIAN_POINT ( 'NONE',  ( -80.59345765561619146, 333.7539822615754019, 387.5205611803753527 ) ) ;
#2508 = ADVANCED_FACE ( 'NONE', ( #253 ), #3316, .T. ) ;
#2509 = ORIENTED_EDGE ( 'NONE', *, *, #1564, .F. ) ;
#2510 = CARTESIAN_POINT ( 'NONE',  ( 91.49999999999991473, 650.0458758774228727, 488.4846234139928924 ) ) ;
#2511 = ORIENTED_EDGE ( 'NONE', *, *, #2435, .T. ) ;
#2512 = CARTESIAN_POINT ( 'NONE',  ( 21.50000000000004619, 457.4133787047240958, 536.0205997147216976 ) ) ;
#2513 = EDGE_CURVE ( 'NONE', #3081, #3097, #1013, .T. ) ;
#2514 = DIRECTION ( 'NONE',  ( -1.000000000000000000, 2.478974872911206864E-11, -2.576245215136136512E-09 ) ) ;
#2515 = EDGE_LOOP ( 'NONE', ( #2694, #1712, #585, #3369, #241, #2169 ) ) ;
#2516 = CYLINDRICAL_SURFACE ( 'NONE', #3530, 159.9999999999999147 ) ;
#2517 =( BOUNDED_CURVE ( )  B_SPLINE_CURVE ( 3, ( #1756, #339, #2338, #950 ),
 .UNSPECIFIED., .F., .F. ) 
 B_SPLINE_CURVE_WITH_KNOTS ( ( 4, 4 ),
 ( 3.759900580649373047, 4.283125821959535173 ),
 .UNSPECIFIED. ) 
 CURVE ( )  GEOMETRIC_REPRESENTATION_ITEM ( )  RATIONAL_B_SPLINE_CURVE ( ( 1.000000000000000000, 0.9773160988906504087, 0.9773160988906504087, 1.000000000000000000 ) ) 
 REPRESENTATION_ITEM ( '' )  );
#2518 = ORIENTED_EDGE ( 'NONE', *, *, #1319, .F. ) ;
#2519 = CARTESIAN_POINT ( 'NONE',  ( -654.3582158219965095, 2624.052403836850772, 1721.890981981941422 ) ) ;
#2520 = CARTESIAN_POINT ( 'NONE',  ( -91.50000000000002842, 491.7076688130115372, 549.7307623171668638 ) ) ;
#2521 = CARTESIAN_POINT ( 'NONE',  ( 721.5511476960354003, 1943.348302360543130, 270.2179769869878214 ) ) ;
#2522 = CYLINDRICAL_SURFACE ( 'NONE', #18, 159.9999999999999147 ) ;
#2523 = ORIENTED_EDGE ( 'NONE', *, *, #2155, .T. ) ;
#2524 = CARTESIAN_POINT ( 'NONE',  ( -21.50000000000004619, 365.9886214534008104, 522.4827157705000218 ) ) ;
#2525 = CARTESIAN_POINT ( 'NONE',  ( -218.5148174846988240, 544.4094385785970189, 956.2093835478756318 ) ) ;
#2526 = AXIS2_PLACEMENT_3D ( 'NONE', #334, #2561, #3361 ) ;
#2527 = CARTESIAN_POINT ( 'NONE',  ( -687.9397821207639936, 2498.678233062933032, 444.9084448094848199 ) ) ;
#2528 = CARTESIAN_POINT ( 'NONE',  ( 687.9397821023168262, 2517.282840964628576, 452.2479655584281204 ) ) ;
#2529 = CIRCLE ( 'NONE', #1711, 19.99999999999990763 ) ;
#2530 = CARTESIAN_POINT ( 'NONE',  ( 91.49999999999997158, 679.3690900987010082, 478.0736661357890966 ) ) ;
#2531 = CARTESIAN_POINT ( 'NONE',  ( -672.8545705047694128, 2572.240091486210531, 276.2164452029094264 ) ) ;
#2532 = CARTESIAN_POINT ( 'NONE',  ( 21.50000000000004619, 366.5844021498743928, 476.1184352029298452 ) ) ;
#2533 = EDGE_CURVE ( 'NONE', #332, #1117, #2441, .T. ) ;
#2534 = CARTESIAN_POINT ( 'NONE',  ( 21.50000000000004974, 484.9489676992239424, 547.3169378380736134 ) ) ;
#2535 = DIRECTION ( 'NONE',  ( 0.000000000000000000, 0.9302303950847772285, 0.3669760374471597308 ) ) ;
#2536 = ORIENTED_EDGE ( 'NONE', *, *, #2773, .T. ) ;
#2537 = VECTOR ( 'NONE', #3031, 1000.000000000000000 ) ;
#2538 = CARTESIAN_POINT ( 'NONE',  ( -6541.793986424126160, 2461.764837649877336, 368.0374561218271197 ) ) ;
#2539 = CARTESIAN_POINT ( 'NONE',  ( -91.50000000000002842, 527.4260947378185165, 559.4957092757950932 ) ) ;
#2540 = CARTESIAN_POINT ( 'NONE',  ( 667.9397825076339359, 2578.676221865386651, 295.5100228722974975 ) ) ;
#2541 = VECTOR ( 'NONE', #2719, 999.9999999999998863 ) ;
#2542 = VECTOR ( 'NONE', #2474, 1000.000000000000000 ) ;
#2543 = ORIENTED_EDGE ( 'NONE', *, *, #2464, .T. ) ;
#2544 = CARTESIAN_POINT ( 'NONE',  ( 421.1742828048907654, 614.8544540277467831, 1199.957847353583247 ) ) ;
#2545 = CARTESIAN_POINT ( 'NONE',  ( -711.6498862678415662, 1940.073114813217899, 270.1334864092237353 ) ) ;
#2546 = CARTESIAN_POINT ( 'NONE',  ( 21.50000000000004619, 784.8324122502134514, 510.7514779645007366 ) ) ;
#2547 = CARTESIAN_POINT ( 'NONE',  ( 91.49999999999997158, 517.8984683837430794, 484.5489627910416743 ) ) ;
#2548 = CARTESIAN_POINT ( 'NONE',  ( 710.9397818513141374, 2155.069829016506901, 546.1922788771928481 ) ) ;
#2549 = CARTESIAN_POINT ( 'NONE',  ( 91.50000000000002842, 527.4260947378185165, 559.4957092757953205 ) ) ;
#2550 = CARTESIAN_POINT ( 'NONE',  ( 21.50000000000004974, 303.1770785866913229, 399.3465753950110866 ) ) ;
#2551 = CARTESIAN_POINT ( 'NONE',  ( 667.9397825571795693, 1918.610640028357238, 269.9269658184654190 ) ) ;
#2552 = EDGE_CURVE ( 'NONE', #589, #3119, #2918, .T. ) ;
#2553 = ADVANCED_FACE ( 'NONE', ( #93 ), #2619, .F. ) ;
#2554 = EDGE_LOOP ( 'NONE', ( #1458, #1295, #1554, #3185, #808 ) ) ;
#2555 = CARTESIAN_POINT ( 'NONE',  ( -667.9397786464697901, 2567.432461624899133, 1794.158330967884694 ) ) ;
#2556 = CARTESIAN_POINT ( 'NONE',  ( -21.50000000000004619, 404.6146359447701002, 506.3400179699671071 ) ) ;
#2557 = CARTESIAN_POINT ( 'NONE',  ( 730.4201112741479847, 1957.059046330998854, 271.7430429712873661 ) ) ;
#2558 = DIRECTION ( 'NONE',  ( 1.000000000000000000, 0.000000000000000000, -2.576245215136136926E-09 ) ) ;
#2559 = ORIENTED_EDGE ( 'NONE', *, *, #3194, .F. ) ;
#2560 = CARTESIAN_POINT ( 'NONE',  ( -625.2083565839062658, 962.7138307790711451, 260.7289461083701667 ) ) ;
#2561 = DIRECTION ( 'NONE',  ( -1.000000000000000000, -2.478974872911206864E-11, 2.576245215136136512E-09 ) ) ;
#2562 = CYLINDRICAL_SURFACE ( 'NONE', #1827, 169.9999999999998863 ) ;
#2563 = CARTESIAN_POINT ( 'NONE',  ( 24.59345848797614309, 699.4481171915189179, 545.4751108427341251 ) ) ;
#2564 = CARTESIAN_POINT ( 'NONE',  ( 21.50000000000004619, 672.9950626034618608, 554.7216724149772062 ) ) ;
#2565 = DIRECTION ( 'NONE',  ( -1.000000000000000000, 2.478974872911206864E-11, -2.576245215136136512E-09 ) ) ;
#2566 = ORIENTED_EDGE ( 'NONE', *, *, #1634, .T. ) ;
#2567 = DIRECTION ( 'NONE',  ( 1.000000000000000000, -2.478974872911206864E-11, 2.576245215136136512E-09 ) ) ;
#2568 = CARTESIAN_POINT ( 'NONE',  ( -652.6264526030084880, 2627.763076053156055, 1716.173278794099133 ) ) ;
#2569 = CARTESIAN_POINT ( 'NONE',  ( -91.49999999999997158, 415.3883075652625507, 425.8609590924029931 ) ) ;
#2570 = CARTESIAN_POINT ( 'NONE',  ( -687.9397818513140237, 2155.069829017076700, 546.1922788179391546 ) ) ;
#2571 =( NAMED_UNIT ( * ) SI_UNIT ( $, .STERADIAN. ) SOLID_ANGLE_UNIT ( ) );
#2572 = EDGE_LOOP ( 'NONE', ( #1833, #3499, #2454, #75 ) ) ;
#2573 = CARTESIAN_POINT ( 'NONE',  ( 354.3521774597249987, 575.1305735336383123, 1118.040979714511423 ) ) ;
#2574 = ADVANCED_FACE ( 'NONE', ( #2910 ), #2324, .T. ) ;
#2575 = CARTESIAN_POINT ( 'NONE',  ( -221.9569220868374089, 544.5111000035420830, 960.2824749380179128 ) ) ;
#2576 = CARTESIAN_POINT ( 'NONE',  ( 669.9641263542736169, 2576.590044330559067, 276.2583056409584401 ) ) ;
#2577 = ADVANCED_BREP_SHAPE_REPRESENTATION ( 'Three Wheeler Body Block', ( #893, #646 ), #3161 ) ;
#2578 = DIRECTION ( 'NONE',  ( -2.576245466956450927E-09, 0.000000000000000000, 1.000000000000000000 ) ) ;
#2579 = CARTESIAN_POINT ( 'NONE',  ( 91.49999999999997158, 670.7286663593343974, 481.5749329712150484 ) ) ;
#2580 = LINE ( 'NONE', #3201, #149 ) ;
#2581 = VERTEX_POINT ( 'NONE', #1227 ) ;
#2582 = CARTESIAN_POINT ( 'NONE',  ( -91.49999999999991473, 618.7831240877993650, 494.7952794571583013 ) ) ;
#2583 = B_SPLINE_CURVE_WITH_KNOTS ( 'NONE', 3,
 ( #3363, #2283, #349, #55, #1157, #854, #3384, #2576, #336, #1973, #85, #1447, #316, #2263, #874, #3113, #71, #3403, #1738, #2852, #2300, #3423, #911, #3143, #634, #408 ),
 .UNSPECIFIED., .F., .F.,
 ( 4, 2, 2, 2, 2, 2, 2, 2, 2, 2, 2, 2, 4 ),
 ( 0.000000000000000000, 0.003893629842981379159, 0.005840444764471421253, 0.007787259685961463347, 0.01168088952894275404, 0.01362770445043339981, 0.01557451937192404386, 0.01946814921490533368, 0.02141496413639573312, 0.02336177905788612910, 0.02725540890086639717, 0.02920222382235683131, 0.03114903874384726545 ),
 .UNSPECIFIED. ) ;
#2584 = CARTESIAN_POINT ( 'NONE',  ( -687.9397806797998101, 2300.276728175925200, 1002.326612217512547 ) ) ;
#2585 = CARTESIAN_POINT ( 'NONE',  ( -91.49999999999997158, 566.2336238243957496, 494.7524517763736753 ) ) ;
#2586 = CARTESIAN_POINT ( 'NONE',  ( -514.4846691822135654, 2725.568572049931390, 277.6918359531862279 ) ) ;
#2587 = SURFACE_STYLE_FILL_AREA ( #1151 ) ;
#2588 = ORIENTED_EDGE ( 'NONE', *, *, #2886, .F. ) ;
#2589 = VECTOR ( 'NONE', #978, 1000.000000000000000 ) ;
#2590 = CARTESIAN_POINT ( 'NONE',  ( 665.3500764284402749, 1136.276002361011479, 1962.116899352572318 ) ) ;
#2591 = VECTOR ( 'NONE', #2133, 1000.000000000000000 ) ;
#2592 = LINE ( 'NONE', #567, #1523 ) ;
#2593 = TOROIDAL_SURFACE ( 'NONE', #3172, 179.9999999999999147, 19.99999999999991473 ) ;
#2594 = VECTOR ( 'NONE', #280, 999.9999999999998863 ) ;
#2595 = EDGE_CURVE ( 'NONE', #667, #1164, #1265, .T. ) ;
#2596 = CARTESIAN_POINT ( 'NONE',  ( 687.9397822635132798, 2155.069829017076700, 386.1922788179392114 ) ) ;
#2597 = CARTESIAN_POINT ( 'NONE',  ( 91.49999999986344790, 577.5027470481866203, 565.9089061466867179 ) ) ;
#2598 = CARTESIAN_POINT ( 'NONE',  ( 21.50000000000004263, 542.6307460611710667, 562.2863138650690189 ) ) ;
#2599 = ORIENTED_EDGE ( 'NONE', *, *, #182, .T. ) ;
#2600 = CARTESIAN_POINT ( 'NONE',  ( -91.49999999999994316, 679.3690900987010082, 478.0736661357890966 ) ) ;
#2601 = DIRECTION ( 'NONE',  ( -2.576245215275660788E-09, -5.628313689823017339E-09, 1.000000000000000000 ) ) ;
#2602 = DIRECTION ( 'NONE',  ( -2.478974872911206864E-11, -1.000000000000000000, 2.959845214933778542E-25 ) ) ;
#2603 = CARTESIAN_POINT ( 'NONE',  ( -730.9397824417208085, 2309.624602796903673, 318.5061490722860071 ) ) ;
#2604 = ORIENTED_EDGE ( 'NONE', *, *, #3267, .T. ) ;
#2605 = PLANE ( 'NONE',  #144 ) ;
#2606 = CARTESIAN_POINT ( 'NONE',  ( 66.91845226206626762, 313.9982997516556225, 384.7232964002099038 ) ) ;
#2607 = CARTESIAN_POINT ( 'NONE',  ( 667.9397786288271845, 2560.904291512348664, 1800.943747283386074 ) ) ;
#2608 = CARTESIAN_POINT ( 'NONE',  ( -730.3902719505459800, 2548.296613782217719, 277.4297203062001813 ) ) ;
#2609 = CARTESIAN_POINT ( 'NONE',  ( -91.49999999945370632, 721.0292081343136488, 536.6986270826646432 ) ) ;
#2610 = EDGE_CURVE ( 'NONE', #589, #697, #370, .T. ) ;
#2611 = EDGE_CURVE ( 'NONE', #1499, #923, #900, .T. ) ;
#2612 = CARTESIAN_POINT ( 'NONE',  ( 687.9397825384786529, 1921.367818370799569, 277.2124612018388916 ) ) ;
#2613 = CARTESIAN_POINT ( 'NONE',  ( 21.50000000007685586, 697.8405239678148746, 546.1282568198295166 ) ) ;
#2614 = VERTEX_POINT ( 'NONE', #627 ) ;
#2615 = CYLINDRICAL_SURFACE ( 'NONE', #2713, 159.9999999999999147 ) ;
#2616 = EDGE_CURVE ( 'NONE', #618, #20, #2638, .T. ) ;
#2617 = ORIENTED_EDGE ( 'NONE', *, *, #3330, .F. ) ;
#2618 = DIRECTION ( 'NONE',  ( 0.000000000000000000, -0.5576620161446994572, -0.8300681151263606949 ) ) ;
#2619 = PLANE ( 'NONE',  #3591 ) ;
#2620 = CARTESIAN_POINT ( 'NONE',  ( -710.9397825571794556, 1940.073114813234724, 270.1334864073942299 ) ) ;
#2621 = CYLINDRICAL_SURFACE ( 'NONE', #2753, 19.99999999999972999 ) ;
#2622 = ORIENTED_EDGE ( 'NONE', *, *, #398, .F. ) ;
#2623 = LINE ( 'NONE', #99, #2589 ) ;
#2624 = CARTESIAN_POINT ( 'NONE',  ( 71.27333455746249058, 319.1454703793448289, 385.4520993209445692 ) ) ;
#2625 = CARTESIAN_POINT ( 'NONE',  ( -91.49999999999997158, 752.8293896372063045, 452.2696306673709046 ) ) ;
#2626 = CARTESIAN_POINT ( 'NONE',  ( -21.50000000000004619, 564.9867747272288625, 564.9775932580189419 ) ) ;
#2627 =( BOUNDED_CURVE ( )  B_SPLINE_CURVE ( 3, ( #2288, #2023, #2890, #901 ),
 .UNSPECIFIED., .F., .F. ) 
 B_SPLINE_CURVE_WITH_KNOTS ( ( 4, 4 ),
 ( 4.712388980384691450, 4.777714927131414768 ),
 .UNSPECIFIED. ) 
 CURVE ( )  GEOMETRIC_REPRESENTATION_ITEM ( )  RATIONAL_B_SPLINE_CURVE ( ( 1.000000000000000000, 0.9996444083393246638, 0.9996444083393246638, 1.000000000000000000 ) ) 
 REPRESENTATION_ITEM ( '' )  );
#2628 = CARTESIAN_POINT ( 'NONE',  ( -21.50000000000004619, 699.4573519438001767, 545.4713553025881083 ) ) ;
#2629 = LINE ( 'NONE', #3475, #2458 ) ;
#2630 = CARTESIAN_POINT ( 'NONE',  ( 91.49999999999997158, 566.2336238243957496, 494.7524517763736753 ) ) ;
#2631 = ORIENTED_EDGE ( 'NONE', *, *, #2253, .F. ) ;
#2632 = PRESENTATION_LAYER_ASSIGNMENT (  '', '', ( #3108 ) ) ;
#2633 = CARTESIAN_POINT ( 'NONE',  ( 21.50000000000004619, 694.7823761987765465, 547.3725496776573891 ) ) ;
#2634 = EDGE_LOOP ( 'NONE', ( #265, #2392, #2415, #3461 ) ) ;
#2635 = CARTESIAN_POINT ( 'NONE',  ( 91.49999999997430677, 292.4576172295746233, 379.8675554636811285 ) ) ;
#2636 = ADVANCED_FACE ( 'NONE', ( #919 ), #936, .T. ) ;
#2637 = VECTOR ( 'NONE', #3328, 1000.000000000000000 ) ;
#2638 = LINE ( 'NONE', #3447, #552 ) ;
#2639 = LINE ( 'NONE', #1248, #1191 ) ;
#2640 = CARTESIAN_POINT ( 'NONE',  ( -730.9397818561425311, 2349.841369848302747, 546.1922789287177693 ) ) ;
#2641 = ORIENTED_EDGE ( 'NONE', *, *, #1477, .T. ) ;
#2642 = ADVANCED_FACE ( 'NONE', ( #3206 ), #2027, .F. ) ;
#2643 = CARTESIAN_POINT ( 'NONE',  ( 310.5530012127323403, 558.8136787120409963, 1065.460408630771326 ) ) ;
#2644 = CARTESIAN_POINT ( 'NONE',  ( 24.23360828156628344, 293.4619564039324473, 381.8154955722139903 ) ) ;
#2645 = CARTESIAN_POINT ( 'NONE',  ( -63.28518711431760124, 710.5592823630875046, 526.0746462663695411 ) ) ;
#2646 = LINE ( 'NONE', #1768, #879 ) ;
#2647 = CARTESIAN_POINT ( 'NONE',  ( -91.49999999999997158, 673.3677076846596492, 480.5142765497250252 ) ) ;
#2648 = AXIS2_PLACEMENT_3D ( 'NONE', #1468, #3415, #1246 ) ;
#2649 = CARTESIAN_POINT ( 'NONE',  ( 91.49999999999997158, 755.8684637335436491, 446.9633060433967557 ) ) ;
#2650 = CARTESIAN_POINT ( 'NONE',  ( 91.49999999972682474, 711.9144646889255910, 540.4053626703996542 ) ) ;
#2651 = AXIS2_PLACEMENT_3D ( 'NONE', #1642, #525, #2442 ) ;
#2652 = ORIENTED_EDGE ( 'NONE', *, *, #45, .F. ) ;
#2653 = CARTESIAN_POINT ( 'NONE',  ( -664.4846691822135654, 1940.073114847331681, 270.1334828639635930 ) ) ;
#2654 = VERTEX_POINT ( 'NONE', #956 ) ;
#2655 = CARTESIAN_POINT ( 'NONE',  ( -91.49999999999997158, 580.6529955641824472, 495.9514698013794600 ) ) ;
#2656 = CARTESIAN_POINT ( 'NONE',  ( 725.1867268525534200, 2558.802666487671104, 276.2939127645681765 ) ) ;
#2657 = LINE ( 'NONE', #1795, #37 ) ;
#2658 = EDGE_CURVE ( 'NONE', #792, #1891, #1368, .T. ) ;
#2659 = CARTESIAN_POINT ( 'NONE',  ( 667.9397824826108945, 2575.297024588602198, 305.1905245687896127 ) ) ;
#2660 = DIRECTION ( 'NONE',  ( 2.400697222555624769E-09, 0.3539487426849171614, 0.9352648221502647408 ) ) ;
#2661 = EDGE_CURVE ( 'NONE', #402, #2018, #3150, .T. ) ;
#2662 = ORIENTED_EDGE ( 'NONE', *, *, #2775, .T. ) ;
#2663 = CARTESIAN_POINT ( 'NONE',  ( 214.8863742065378517, 544.3563574659376627, 941.4821179311336437 ) ) ;
#2664 = FACE_OUTER_BOUND ( 'NONE', #3067, .T. ) ;
#2665 = DIRECTION ( 'NONE',  ( 2.576244773067052265E-09, 0.000000000000000000, -1.000000000000000000 ) ) ;
#2666 = CARTESIAN_POINT ( 'NONE',  ( -21.50000000000004974, 673.3323377827799732, 554.6290462356811304 ) ) ;
#2667 = CARTESIAN_POINT ( 'NONE',  ( -91.49999999999948841, 699.4796047354147959, 545.4623056551558875 ) ) ;
#2668 = CARTESIAN_POINT ( 'NONE',  ( -721.5136308425466041, 2562.056004764152476, 276.1657902130127127 ) ) ;
#2669 = CARTESIAN_POINT ( 'NONE',  ( 91.50000000109233156, 748.3734384700433111, 525.5784203168294653 ) ) ;
#2670 = ORIENTED_EDGE ( 'NONE', *, *, #755, .T. ) ;
#2671 = CARTESIAN_POINT ( 'NONE',  ( 647.0393909138146000, 2638.436440464100997, 1698.932630320595990 ) ) ;
#2672 = ORIENTED_EDGE ( 'NONE', *, *, #1496, .F. ) ;
#2673 = CARTESIAN_POINT ( 'NONE',  ( 21.50000000000004619, 317.5370356378689962, 421.5914358980145948 ) ) ;
#2674 = CARTESIAN_POINT ( 'NONE',  ( 723.1807704344154217, 2560.749757682305699, 276.2063871183337938 ) ) ;
#2675 = DIRECTION ( 'NONE',  ( 0.000000000000000000, -0.4969879167862735203, 0.8677574606815201541 ) ) ;
#2676 = ORIENTED_EDGE ( 'NONE', *, *, #1251, .F. ) ;
#2677 = DIRECTION ( 'NONE',  ( -2.576245466956452995E-09, 0.000000000000000000, -1.000000000000000000 ) ) ;
#2678 = DIRECTION ( 'NONE',  ( 2.576245466956456304E-09, 0.000000000000000000, -1.000000000000000000 ) ) ;
#2679 = CARTESIAN_POINT ( 'NONE',  ( 727.2969675482022467, 2556.012463359706999, 276.4861957573685913 ) ) ;
#2680 = CARTESIAN_POINT ( 'NONE',  ( -91.49999999999997158, 355.6683900337432078, 349.7162719566024407 ) ) ;
#2681 = CARTESIAN_POINT ( 'NONE',  ( 558.4290230997124809, 813.5593304988498176, 346.2331306047317980 ) ) ;
#2682 = CARTESIAN_POINT ( 'NONE',  ( -730.9397825514498663, 2544.213791924699308, 278.1707722838909831 ) ) ;
#2683 = CARTESIAN_POINT ( 'NONE',  ( -91.50000000000015632, 699.4573519438005178, 545.4713553025879946 ) ) ;
#2684 = EDGE_CURVE ( 'NONE', #850, #3222, #2657, .T. ) ;
#2685 = CARTESIAN_POINT ( 'NONE',  ( 421.1742828048907654, 614.8544540277467831, 1199.957847353583247 ) ) ;
#2686 = CARTESIAN_POINT ( 'NONE',  ( 91.49999999999997158, 673.0294631516395611, 480.6518259176402239 ) ) ;
#2687 = ORIENTED_EDGE ( 'NONE', *, *, #1098, .F. ) ;
#2688 = CARTESIAN_POINT ( 'NONE',  ( 552.2178802860614724, 2710.181689942492994, 1490.779920841151579 ) ) ;
#2689 = CIRCLE ( 'NONE', #1464, 159.9999999999999716 ) ;
#2690 = ORIENTED_EDGE ( 'NONE', *, *, #81, .T. ) ;
#2691 = CARTESIAN_POINT ( 'NONE',  ( 21.50000000000004619, 293.4645398681602160, 381.8205062635390163 ) ) ;
#2692 = CARTESIAN_POINT ( 'NONE',  ( -664.4846735620333220, 1037.373626880576467, 1899.782004998339289 ) ) ;
#2693 = VECTOR ( 'NONE', #434, 1000.000000000000000 ) ;
#2694 = ORIENTED_EDGE ( 'NONE', *, *, #3196, .T. ) ;
#2695 = LINE ( 'NONE', #2477, #3525 ) ;
#2696 = ORIENTED_EDGE ( 'NONE', *, *, #3424, .F. ) ;
#2697 =( GEOMETRIC_REPRESENTATION_CONTEXT ( 3 ) GLOBAL_UNCERTAINTY_ASSIGNED_CONTEXT ( ( #3026 ) ) GLOBAL_UNIT_ASSIGNED_CONTEXT ( ( #600, #2831, #2571 ) ) REPRESENTATION_CONTEXT ( 'NONE', 'WORKASPACE' ) );
#2698 = LINE ( 'NONE', #217, #3467 ) ;
#2699 = CARTESIAN_POINT ( 'NONE',  ( -91.49999999999997158, 399.3529781209301746, 410.6683272747524143 ) ) ;
#2700 = LINE ( 'NONE', #2139, #489 ) ;
#2701 = CARTESIAN_POINT ( 'NONE',  ( -21.50000000000004619, 397.0846035879117721, 500.9709895505435497 ) ) ;
#2702 =( LENGTH_UNIT ( ) NAMED_UNIT ( * ) SI_UNIT ( .MILLI., .METRE. ) );
#2703 = CARTESIAN_POINT ( 'NONE',  ( -21.50000000000004619, 699.4366961474166828, 545.4797552786297956 ) ) ;
#2704 = DIRECTION ( 'NONE',  ( -2.576244773067061364E-09, 0.000000000000000000, 1.000000000000000000 ) ) ;
#2705 = CARTESIAN_POINT ( 'NONE',  ( -664.4846735620333220, 1037.373626880576467, 1899.782004998339289 ) ) ;
#2706 = CARTESIAN_POINT ( 'NONE',  ( 91.49999999999997158, 673.1896853517498585, 480.5866737291834170 ) ) ;
#2707 = EDGE_CURVE ( 'NONE', #209, #2059, #833, .T. ) ;
#2708 = ORIENTED_EDGE ( 'NONE', *, *, #298, .F. ) ;
#2709 = CARTESIAN_POINT ( 'NONE',  ( 667.9397796013837478, 2164.555015839169755, 1419.620719296159677 ) ) ;
#2710 = AXIS2_PLACEMENT_3D ( 'NONE', #2043, #3170, #1199 ) ;
#2711 = VERTEX_POINT ( 'NONE', #904 ) ;
#2712 = CARTESIAN_POINT ( 'NONE',  ( 91.49999999996573763, 294.7259271834259380, 384.2494971438739526 ) ) ;
#2713 = AXIS2_PLACEMENT_3D ( 'NONE', #1646, #1315, #2704 ) ;
#2714 = DIRECTION ( 'NONE',  ( 2.576245466956451755E-09, 0.000000000000000000, -1.000000000000000000 ) ) ;
#2715 = DIRECTION ( 'NONE',  ( 1.000000000000000000, 2.478974872911206541E-11, -2.576245215136136512E-09 ) ) ;
#2716 = ORIENTED_EDGE ( 'NONE', *, *, #66, .F. ) ;
#2717 = FACE_OUTER_BOUND ( 'NONE', #3226, .T. ) ;
#2718 = CARTESIAN_POINT ( 'NONE',  ( -91.50000000000210321, 293.5337177835731950, 381.9546012037414471 ) ) ;
#2719 = DIRECTION ( 'NONE',  ( 2.576364493570427019E-09, 0.009621952731540726889, -0.9999537079413387541 ) ) ;
#2720 = DIRECTION ( 'NONE',  ( 2.576245466956451755E-09, 0.000000000000000000, 1.000000000000000000 ) ) ;
#2721 = CARTESIAN_POINT ( 'NONE',  ( 625.6836854359733024, 960.4903502974053708, 1772.439205597073851 ) ) ;
#2722 = CARTESIAN_POINT ( 'NONE',  ( -91.50000000026940938, 641.2469153189047120, 562.3671507184051279 ) ) ;
#2723 = FACE_OUTER_BOUND ( 'NONE', #3518, .T. ) ;
#2724 = CARTESIAN_POINT ( 'NONE',  ( -723.7099631911033839, 2560.286783890484458, 276.2236313586301435 ) ) ;
#2725 = CARTESIAN_POINT ( 'NONE',  ( 21.50000000000014921, 699.4533755964558850, 545.4729723824652865 ) ) ;
#2726 = DIRECTION ( 'NONE',  ( 2.576245466956450100E-09, 0.000000000000000000, 1.000000000000000000 ) ) ;
#2727 = ORIENTED_EDGE ( 'NONE', *, *, #640, .T. ) ;
#2728 = CARTESIAN_POINT ( 'NONE',  ( 612.0599077715769454, 2679.611181823922834, 1612.727876829560273 ) ) ;
#2729 = ORIENTED_EDGE ( 'NONE', *, *, #2187, .F. ) ;
#2730 = CARTESIAN_POINT ( 'NONE',  ( 91.49999999999997158, 399.3529781209301746, 410.6683272747524143 ) ) ;
#2731 = ADVANCED_FACE ( 'NONE', ( #3135 ), #1746, .F. ) ;
#2732 = DIRECTION ( 'NONE',  ( 0.000000000000000000, -0.9901239768046125045, -0.1401945453882531556 ) ) ;
#2733 = CARTESIAN_POINT ( 'NONE',  ( -667.9397825606920378, 1194.500109485972189, 261.5958600675671732 ) ) ;
#2734 = ORIENTED_EDGE ( 'NONE', *, *, #445, .T. ) ;
#2735 = CARTESIAN_POINT ( 'NONE',  ( 306.5396015379949972, 557.6533791423065622, 832.7279065727102534 ) ) ;
#2736 = CARTESIAN_POINT ( 'NONE',  ( -91.49999999999997158, 355.7523446403034768, 349.8789949700158104 ) ) ;
#2737 = DIRECTION ( 'NONE',  ( 2.405598848069275759E-09, 0.3669760374471598419, -0.9302303950847773395 ) ) ;
#2738 = DIRECTION ( 'NONE',  ( 0.000000000000000000, -0.9352648221502647408, 0.3539487426849174390 ) ) ;
#2739 = ORIENTED_EDGE ( 'NONE', *, *, #711, .F. ) ;
#2740 = CARTESIAN_POINT ( 'NONE',  ( 730.9397821207639936, 2498.678233061867104, 444.9084449202633778 ) ) ;
#2741 = CARTESIAN_POINT ( 'NONE',  ( -21.50000000000004619, 691.7239420378481327, 548.5043691253288216 ) ) ;
#2742 = CYLINDRICAL_SURFACE ( 'NONE', #3111, 19.99999999999990763 ) ;
#2743 = CARTESIAN_POINT ( 'NONE',  ( -47.58169181431141226, 299.5392683167244741, 382.6759999138480453 ) ) ;
#2744 = ORIENTED_EDGE ( 'NONE', *, *, #2280, .F. ) ;
#2745 = DIRECTION ( 'NONE',  ( 2.576245277713887167E-09, -8.881784197001244435E-15, 1.000000000000000000 ) ) ;
#2746 = LINE ( 'NONE', #1921, #2868 ) ;
#2747 = CARTESIAN_POINT ( 'NONE',  ( 91.49999999999997158, 412.6455195403850098, 423.3893396549827344 ) ) ;
#2748 = CARTESIAN_POINT ( 'NONE',  ( 667.9397822683416734, 2349.841369849864350, 386.1922787664143470 ) ) ;
#2749 = ORIENTED_EDGE ( 'NONE', *, *, #1727, .F. ) ;
#2750 = CARTESIAN_POINT ( 'NONE',  ( 6541.793986132896862, 2194.127406835963939, 478.5061640424713687 ) ) ;
#2751 = EDGE_CURVE ( 'NONE', #576, #1260, #2436, .T. ) ;
#2752 = VERTEX_POINT ( 'NONE', #749 ) ;
#2753 = AXIS2_PLACEMENT_3D ( 'NONE', #391, #2660, #124 ) ;
#2754 = AXIS2_PLACEMENT_3D ( 'NONE', #3036, #1017, #3605 ) ;
#2755 = DIRECTION ( 'NONE',  ( -9.350437346817520828E-10, 0.9352648221502647408, -0.3539487426849171614 ) ) ;
#2756 = CARTESIAN_POINT ( 'NONE',  ( -91.49999999999997158, 355.6816390158300010, 349.7419686776545973 ) ) ;
#2757 = LINE ( 'NONE', #1091, #2110 ) ;
#2758 = CYLINDRICAL_SURFACE ( 'NONE', #3105, 99.99999999999992895 ) ;
#2759 =( NAMED_UNIT ( * ) SI_UNIT ( $, .STERADIAN. ) SOLID_ANGLE_UNIT ( ) );
#2760 = CARTESIAN_POINT ( 'NONE',  ( -91.49999999999997158, 699.4366961474166828, 545.4797552786296819 ) ) ;
#2761 = DIRECTION ( 'NONE',  ( 1.000000000000000000, -0.000000000000000000, -0.000000000000000000 ) ) ;
#2762 = CARTESIAN_POINT ( 'NONE',  ( -49.96592611755492186, 300.7766300934867445, 382.8512015813541893 ) ) ;
#2763 = CARTESIAN_POINT ( 'NONE',  ( 91.50000000000000000, 526.0390726945764754, 486.9841490637165862 ) ) ;
#2764 = CARTESIAN_POINT ( 'NONE',  ( -682.5913140120778735, 2565.960906879036429, 276.1560243633361438 ) ) ;
#2765 = CARTESIAN_POINT ( 'NONE',  ( 21.50000000000004619, 404.6146359447701002, 506.3400179699671071 ) ) ;
#2766 = CIRCLE ( 'NONE', #2710, 159.9999999999999147 ) ;
#2767 = LINE ( 'NONE', #3389, #2542 ) ;
#2768 = AXIS2_PLACEMENT_3D ( 'NONE', #2709, #210, #3554 ) ;
#2769 = ORIENTED_EDGE ( 'NONE', *, *, #2684, .T. ) ;
#2770 = FACE_OUTER_BOUND ( 'NONE', #2271, .T. ) ;
#2771 = CIRCLE ( 'NONE', #3418, 100.0000000000003126 ) ;
#2772 = ORIENTED_EDGE ( 'NONE', *, *, #3175, .T. ) ;
#2773 = EDGE_CURVE ( 'NONE', #3165, #2967, #1269, .T. ) ;
#2774 = CARTESIAN_POINT ( 'NONE',  ( -381.5054027386581765, 588.8196228747015084, 742.3953731662226119 ) ) ;
#2775 = EDGE_CURVE ( 'NONE', #923, #792, #214, .T. ) ;
#2776 = CARTESIAN_POINT ( 'NONE',  ( -91.49999999999890576, 293.4994976330085592, 381.8882863226361337 ) ) ;
#2777 = DIRECTION ( 'NONE',  ( 2.478017790963361030E-11, -1.000000000000000000, -6.383980381536570682E-20 ) ) ;
#2778 = DIRECTION ( 'NONE',  ( -2.576245215136136512E-09, 2.802293682234063886E-27, -1.000000000000000000 ) ) ;
#2779 = CARTESIAN_POINT ( 'NONE',  ( -653.8287263173031079, 1059.780827751226525, 1927.498622785365797 ) ) ;
#2780 = CARTESIAN_POINT ( 'NONE',  ( -91.50000000006824052, 567.9571558327216962, 565.2382504107976047 ) ) ;
#2781 = ADVANCED_FACE ( 'NONE', ( #3224 ), #3297, .T. ) ;
#2782 = CARTESIAN_POINT ( 'NONE',  ( -725.4462606109798344, 1946.843391609772425, 270.4278899060747108 ) ) ;
#2783 = CARTESIAN_POINT ( 'NONE',  ( 667.9397781773599263, 2559.218196211307259, 1976.169846939068748 ) ) ;
#2784 = ORIENTED_EDGE ( 'NONE', *, *, #1319, .T. ) ;
#2785 = CARTESIAN_POINT ( 'NONE',  ( -664.4846735620333220, 1034.330320114599772, 946.6990908007551297 ) ) ;
#2786 = CARTESIAN_POINT ( 'NONE',  ( 687.7344870048553958, 2565.253772436930376, 276.1492235647950793 ) ) ;
#2787 = CARTESIAN_POINT ( 'NONE',  ( 21.50000000000004619, 503.4506573004055099, 553.4210381533181362 ) ) ;
#2788 = CARTESIAN_POINT ( 'NONE',  ( 21.50000000000004619, 405.2356578660850914, 506.6831389283933618 ) ) ;
#2789 = ORIENTED_EDGE ( 'NONE', *, *, #1274, .F. ) ;
#2790 = CARTESIAN_POINT ( 'NONE',  ( -91.49999999999994316, 488.0071742791804468, 472.9836089181147258 ) ) ;
#2791 = ORIENTED_EDGE ( 'NONE', *, *, #211, .T. ) ;
#2792 = CARTESIAN_POINT ( 'NONE',  ( -306.5390567838180118, 557.6532225909597855, 832.7285567075928157 ) ) ;
#2793 = CARTESIAN_POINT ( 'NONE',  ( -91.49999999999997158, 460.5319147774545741, 458.9276226954540903 ) ) ;
#2794 = CARTESIAN_POINT ( 'NONE',  ( 724.7346874973146669, 1946.059516702048995, 270.3702274255750240 ) ) ;
#2795 = ORIENTED_EDGE ( 'NONE', *, *, #1122, .T. ) ;
#2796 = B_SPLINE_CURVE_WITH_KNOTS ( 'NONE', 3,
 ( #1784, #1544, #3449, #2663, #2897, #1363, #3581, #753, #2119, #3561, #1307, #237, #1345, #1068, #1893, #2421, #2735, #3600, #2953, #3281, #2402, #3246, #523, #2461, #793, #2480 ),
 .UNSPECIFIED., .F., .F.,
 ( 4, 2, 1, 2, 1, 2, 2, 2, 2, 2, 2, 2, 2, 4 ),
 ( -0.0001400000004858991504, 0.004978474535875715423, 0.01009694907223732986, 0.02033389814496061251, 0.04080779629040717782, 0.06128169443585375353, 0.07151864350857689567, 0.08175559258130005169, 0.1227033888721925231, 0.1636511851630849945, 0.2045989814539774798, 0.2455467777448699374, 0.2864945740357623949, 0.3274423703266548524 ),
 .UNSPECIFIED. ) ;
#2797 = LINE ( 'NONE', #3072, #898 ) ;
#2798 = CARTESIAN_POINT ( 'NONE',  ( -379.9312623305419834, 587.9370259510723145, 1149.082415514147442 ) ) ;
#2799 = CARTESIAN_POINT ( 'NONE',  ( -664.4849235620333729, 2164.555015839169755, 1419.620719296159677 ) ) ;
#2800 = CARTESIAN_POINT ( 'NONE',  ( 710.9397825571796830, 2565.253772436354666, 276.1492236245776439 ) ) ;
#2801 = VERTEX_POINT ( 'NONE', #176 ) ;
#2802 = EDGE_CURVE ( 'NONE', #759, #923, #501, .T. ) ;
#2803 = CARTESIAN_POINT ( 'NONE',  ( 91.49999999999998579, 739.9724899912390583, 453.4277964522057118 ) ) ;
#2804 = LINE ( 'NONE', #2492, #3339 ) ;
#2805 = CARTESIAN_POINT ( 'NONE',  ( 91.50000000000001421, 368.8667448480014173, 478.1661797414552098 ) ) ;
#2806 = CARTESIAN_POINT ( 'NONE',  ( 21.50000000000004619, 421.9212417442768697, 517.3744981164941237 ) ) ;
#2807 = ORIENTED_EDGE ( 'NONE', *, *, #1170, .F. ) ;
#2808 = CARTESIAN_POINT ( 'NONE',  ( -91.49999999999997158, 408.8703671334463365, 419.9202329908031857 ) ) ;
#2809 = VERTEX_POINT ( 'NONE', #2380 ) ;
#2810 = CARTESIAN_POINT ( 'NONE',  ( -560.6294044220708201, 2707.802623730843152, 1507.131552651079801 ) ) ;
#2811 = CARTESIAN_POINT ( 'NONE',  ( -91.49999999999995737, 424.9986763361976045, 519.2845392053533260 ) ) ;
#2812 = CARTESIAN_POINT ( 'NONE',  ( 726.5751878267421944, 1948.199279786899751, 270.5367597106196058 ) ) ;
#2813 = ORIENTED_EDGE ( 'NONE', *, *, #103, .T. ) ;
#2814 = LINE ( 'NONE', #2281, #199 ) ;
#2815 = CARTESIAN_POINT ( 'NONE',  ( -256.3034932394084535, 547.2204461631005188, 1000.950277031961832 ) ) ;
#2816 = DIRECTION ( 'NONE',  ( 0.000000000000000000, 0.000000000000000000, -1.000000000000000000 ) ) ;
#2817 = EDGE_LOOP ( 'NONE', ( #3392, #2913, #2588, #1962 ) ) ;
#2818 = EDGE_CURVE ( 'NONE', #44, #481, #1325, .T. ) ;
#2819 = CARTESIAN_POINT ( 'NONE',  ( 91.49999999999998579, 567.8102613461749115, 494.9499609960601560 ) ) ;
#2820 = EDGE_CURVE ( 'NONE', #3494, #340, #444, .T. ) ;
#2821 = CARTESIAN_POINT ( 'NONE',  ( -686.4180421340631710, 2565.253772434298298, 276.1492235681615171 ) ) ;
#2822 = CARTESIAN_POINT ( 'NONE',  ( 91.49999999998290434, 470.1479796240699898, 541.4878373727601684 ) ) ;
#2823 = CARTESIAN_POINT ( 'NONE',  ( -730.9397823178875342, 2461.764837793926745, 368.0374411516416444 ) ) ;
#2824 = CARTESIAN_POINT ( 'NONE',  ( 687.9397825571794556, 1940.073114813805205, 270.1334863481405932 ) ) ;
#2825 = EDGE_LOOP ( 'NONE', ( #462, #2167, #1735, #3552, #2870, #1742 ) ) ;
#2826 = AXIS2_PLACEMENT_3D ( 'NONE', #3421, #2296, #619 ) ;
#2827 = DIRECTION ( 'NONE',  ( 1.000000000000000000, 2.478974872911207188E-11, -2.576245215136136926E-09 ) ) ;
#2828 = CARTESIAN_POINT ( 'NONE',  ( -91.49999999999997158, 486.5400606571891444, 472.3561495153000465 ) ) ;
#2829 = CARTESIAN_POINT ( 'NONE',  ( 720.3567809692309538, 1942.609607102272776, 270.1899330117439604 ) ) ;
#2830 = CIRCLE ( 'NONE', #323, 159.9999999999998579 ) ;
#2831 =( NAMED_UNIT ( * ) PLANE_ANGLE_UNIT ( ) SI_UNIT ( $, .RADIAN. ) );
#2832 = AXIS2_PLACEMENT_3D ( 'NONE', #732, #2456, #194 ) ;
#2833 = ORIENTED_EDGE ( 'NONE', *, *, #1098, .T. ) ;
#2834 = DIRECTION ( 'NONE',  ( -1.000000000000000000, -0.000000000000000000, -0.000000000000000000 ) ) ;
#2835 = CARTESIAN_POINT ( 'NONE',  ( -404.9189840551874227, 603.1459562003013843, 1179.746783791588314 ) ) ;
#2836 = CARTESIAN_POINT ( 'NONE',  ( 730.9397819028390586, 2155.069829016011226, 526.1922789287176556 ) ) ;
#2837 = CARTESIAN_POINT ( 'NONE',  ( -667.9397786288271845, 2560.904291512348664, 1800.943747283386074 ) ) ;
#2838 = CARTESIAN_POINT ( 'NONE',  ( 21.50000000000004619, 699.4481171915190316, 545.4751108427341251 ) ) ;
#2839 = CARTESIAN_POINT ( 'NONE',  ( 91.49999999999997158, 573.5915385205448729, 495.4615571384968575 ) ) ;
#2840 = UNCERTAINTY_MEASURE_WITH_UNIT (LENGTH_MEASURE( 1.000000000000000082E-05 ), #2702, 'distance_accuracy_value', 'NONE');
#2841 = CARTESIAN_POINT ( 'NONE',  ( 624.5814930678891415, 961.0780988147085964, 260.7210764583977607 ) ) ;
#2842 = VERTEX_POINT ( 'NONE', #1557 ) ;
#2843 = DIRECTION ( 'NONE',  ( 2.405598848069275759E-09, 0.3669760374471598419, -0.9302303950847772285 ) ) ;
#2844 = EDGE_CURVE ( 'NONE', #1152, #2259, #2358, .T. ) ;
#2845 = CARTESIAN_POINT ( 'NONE',  ( -211.4407745601612589, 544.3314564755170295, 945.5590311691967145 ) ) ;
#2846 = CARTESIAN_POINT ( 'NONE',  ( -91.49999999999997158, 493.3081865613822288, 475.3004203313700486 ) ) ;
#2847 = CARTESIAN_POINT ( 'NONE',  ( 723.7388491069808651, 1945.074954340647992, 270.3056628160996411 ) ) ;
#2848 = CARTESIAN_POINT ( 'NONE',  ( -608.9670184623917066, 923.9695078644945170, 264.8206470506059986 ) ) ;
#2849 = ORIENTED_EDGE ( 'NONE', *, *, #3408, .F. ) ;
#2850 = CARTESIAN_POINT ( 'NONE',  ( -21.50000000000004619, 293.4619564039324473, 381.8154955722138766 ) ) ;
#2851 = CARTESIAN_POINT ( 'NONE',  ( -288.1343153878401040, 553.0228337009597226, 1038.747833719522305 ) ) ;
#2852 = CARTESIAN_POINT ( 'NONE',  ( 681.3178221143808742, 2566.336011880006936, 276.1596372871016456 ) ) ;
#2853 = CARTESIAN_POINT ( 'NONE',  ( 6541.793986547960230, 2309.624602652854264, 318.5061640424713687 ) ) ;
#2854 = CARTESIAN_POINT ( 'NONE',  ( 21.50000000000004619, 674.5762517164405381, 554.2518155197101350 ) ) ;
#2855 = CARTESIAN_POINT ( 'NONE',  ( 21.50000000000005329, 680.5497155993859906, 552.3910964597278053 ) ) ;
#2856 = VERTEX_POINT ( 'NONE', #1620 ) ;
#2857 = CARTESIAN_POINT ( 'NONE',  ( 91.49999999999997158, 355.3813287552046063, 349.1595096671697434 ) ) ;
#2858 = CARTESIAN_POINT ( 'NONE',  ( -526.5755652759805798, 2714.137175516632851, 1441.450264535767474 ) ) ;
#2859 = CARTESIAN_POINT ( 'NONE',  ( -21.50000000000004619, 435.5260815447250025, 525.2504856727134666 ) ) ;
#2860 = FACE_OUTER_BOUND ( 'NONE', #1926, .T. ) ;
#2861 = ADVANCED_FACE ( 'NONE', ( #3557 ), #2984, .F. ) ;
#2862 = VERTEX_POINT ( 'NONE', #1044 ) ;
#2863 = CARTESIAN_POINT ( 'NONE',  ( 655.1169388991307869, 1066.022567089077484, 1932.952527374696729 ) ) ;
#2864 = AXIS2_PLACEMENT_3D ( 'NONE', #3272, #1879, #1511 ) ;
#2865 = CARTESIAN_POINT ( 'NONE',  ( 210.4772484759675990, 544.3303201145993171, 946.6990908007551297 ) ) ;
#2866 = DIRECTION ( 'NONE',  ( 0.000000000000000000, -0.9352648221502650738, 0.3539487426849161622 ) ) ;
#2867 = CARTESIAN_POINT ( 'NONE',  ( 91.50000000013652368, 697.8405239678223779, 546.1282568200845162 ) ) ;
#2868 = VECTOR ( 'NONE', #3042, 1000.000000000000000 ) ;
#2869 = CARTESIAN_POINT ( 'NONE',  ( -730.9397821139064035, 2005.427457471968864, 442.8240777583041563 ) ) ;
#2870 = ORIENTED_EDGE ( 'NONE', *, *, #256, .T. ) ;
#2871 = CARTESIAN_POINT ( 'NONE',  ( 21.50000000000004619, 292.4576172295984975, 379.8675554636560605 ) ) ;
#2872 = CARTESIAN_POINT ( 'NONE',  ( -518.0740266370014524, 2714.527081753980838, 1425.169844906833987 ) ) ;
#2873 = CARTESIAN_POINT ( 'NONE',  ( -91.49999999999991473, 539.6587102384930859, 561.8806194728755372 ) ) ;
#2874 = CARTESIAN_POINT ( 'NONE',  ( 730.9397819028390586, 2155.069829016011226, 526.1922789287178830 ) ) ;
#2875 = CARTESIAN_POINT ( 'NONE',  ( -687.9397821139062899, 2005.427457473034565, 442.8240776475256553 ) ) ;
#2876 = VECTOR ( 'NONE', #155, 1000.000000000000000 ) ;
#2877 = ADVANCED_FACE ( 'NONE', ( #1008 ), #3027, .F. ) ;
#2878 = EDGE_CURVE ( 'NONE', #3088, #1499, #1299, .T. ) ;
#2879 = CARTESIAN_POINT ( 'NONE',  ( 650.1439302776997238, 1043.403569848562711, 1909.079526869226129 ) ) ;
#2880 = CARTESIAN_POINT ( 'NONE',  ( 57.93341027945631794, 305.9674495812440114, 383.5861848716562008 ) ) ;
#2881 = CARTESIAN_POINT ( 'NONE',  ( -77.67018779828923414, 722.1552588549390066, 505.8276849725021975 ) ) ;
#2882 = AXIS2_PLACEMENT_3D ( 'NONE', #1105, #2514, #1710 ) ;
#2883 = CARTESIAN_POINT ( 'NONE',  ( 558.4290230997124809, 813.5593304988498176, 346.2331306047317980 ) ) ;
#2884 = VECTOR ( 'NONE', #215, 1000.000000000000000 ) ;
#2885 = CARTESIAN_POINT ( 'NONE',  ( 730.9397823178875342, 2461.764837793926745, 368.0374411516416444 ) ) ;
#2886 = EDGE_CURVE ( 'NONE', #481, #2711, #1831, .T. ) ;
#2887 = FACE_OUTER_BOUND ( 'NONE', #1337, .T. ) ;
#2888 = CARTESIAN_POINT ( 'NONE',  ( 91.50000000000002842, 664.9751514449243359, 483.7490512436318681 ) ) ;
#2889 = ORIENTED_EDGE ( 'NONE', *, *, #933, .F. ) ;
#2890 = CARTESIAN_POINT ( 'NONE',  ( 667.8330955473710446, 2582.014512656614897, 285.9467074120121879 ) ) ;
#2891 = ORIENTED_EDGE ( 'NONE', *, *, #2844, .T. ) ;
#2892 = CARTESIAN_POINT ( 'NONE',  ( -91.49999999999997158, 739.9724899912387173, 453.4277964522055413 ) ) ;
#2893 = DIRECTION ( 'NONE',  ( -6.310834877104089310E-10, -0.9718474524912291690, 0.2356109697919606671 ) ) ;
#2894 = CARTESIAN_POINT ( 'NONE',  ( -667.9397781773599263, 1052.807084684558276, 52.89755397201469833 ) ) ;
#2895 = CARTESIAN_POINT ( 'NONE',  ( -6541.793986483177832, 2469.203930145516551, 345.1875518908240679 ) ) ;
#2896 = VERTEX_POINT ( 'NONE', #1636 ) ;
#2897 = CARTESIAN_POINT ( 'NONE',  ( 218.1924453930756158, 544.4032173523294205, 937.5702469021330216 ) ) ;
#2898 = CARTESIAN_POINT ( 'NONE',  ( -91.49999999999575095, 293.1642296075347076, 381.2380472530629163 ) ) ;
#2899 = CARTESIAN_POINT ( 'NONE',  ( -91.49999999999997158, 466.1084411552857887, 539.7972385699023334 ) ) ;
#2900 = CARTESIAN_POINT ( 'NONE',  ( 608.9670184623917066, 923.9695078644945170, 264.8206470506059986 ) ) ;
#2901 = CARTESIAN_POINT ( 'NONE',  ( -91.49999999999997158, 675.2903488800872083, 479.7323870116119338 ) ) ;
#2902 = EDGE_CURVE ( 'NONE', #2484, #3609, #1432, .T. ) ;
#2903 = CARTESIAN_POINT ( 'NONE',  ( 730.9397821207639936, 2498.678233061867104, 444.9084449202633778 ) ) ;
#2904 = CARTESIAN_POINT ( 'NONE',  ( 91.49999999999997158, 654.4384825015717979, 487.2097330266502127 ) ) ;
#2905 = EDGE_CURVE ( 'NONE', #1390, #917, #505, .T. ) ;
#2906 = ORIENTED_EDGE ( 'NONE', *, *, #802, .T. ) ;
#2907 = CARTESIAN_POINT ( 'NONE',  ( 21.49999999999998579, 682.9386442885434008, 551.6028030303559717 ) ) ;
#2908 = ORIENTED_EDGE ( 'NONE', *, *, #3408, .T. ) ;
#2909 = CARTESIAN_POINT ( 'NONE',  ( -91.49999999999994316, 716.1285293777813195, 463.1245320654188617 ) ) ;
#2910 = FACE_OUTER_BOUND ( 'NONE', #440, .T. ) ;
#2911 = CARTESIAN_POINT ( 'NONE',  ( -664.4846692723338037, 2565.253772437507450, 276.1492235048979182 ) ) ;
#2912 = DIRECTION ( 'NONE',  ( -2.478974872911206864E-11, 1.000000000000000000, -2.959845214933778542E-25 ) ) ;
#2913 = ORIENTED_EDGE ( 'NONE', *, *, #1439, .T. ) ;
#2914 = CARTESIAN_POINT ( 'NONE',  ( 274.5436532066528912, 550.2127610834497773, 1022.594173318943149 ) ) ;
#2915 = CARTESIAN_POINT ( 'NONE',  ( 86.40068375404020173, 348.8176425443187441, 389.6534688310291017 ) ) ;
#2916 = CARTESIAN_POINT ( 'NONE',  ( -82.22846000360556218, 727.7954543033162054, 495.9797158072155412 ) ) ;
#2917 = CARTESIAN_POINT ( 'NONE',  ( -667.9397818046174962, 2349.841369849864350, 566.1922787664143470 ) ) ;
#2918 = B_SPLINE_CURVE_WITH_KNOTS ( 'NONE', 3,
 ( #1454, #2555, #846, #2212, #2252, #1399, #329, #1440, #62, #1715, #2519, #1165, #2568, #1657, #3372, #2499, #2272, #23, #1964, #1731, #2234, #1179, #2291, #4, #3085, #809, #271, #577, #1694, #2810, #307, #1419, #639, #663, #2858, #2343, #1780, #3169, #2079, #699, #1760, #2872, #122 ),
 .UNSPECIFIED., .F., .F.,
 ( 4, 2, 2, 2, 2, 2, 2, 2, 2, 2, 2, 2, 2, 2, 2, 2, 2, 2, 1, 1, 1, 2, 4 ),
 ( 2.220446049250313081E-16, 0.02784064765165322058, 0.05568129530330621912, 0.08352194295495921073, 0.09744226678078571346, 0.1044024286936993673, 0.1113625906066130072, 0.1392032382582704397, 0.1670438859099278306, 0.1948845335615852770, 0.2227251812132426956, 0.2505658288649001419, 0.2644861526907292815, 0.2784064765165583655, 0.3340877718198743684, 0.3897690671231904269, 0.4176097147748487615, 0.4315300386006779010, 0.4384902005135921654, 0.4419702814700492977, 0.4437103219482775862, 0.4445803421873920080, 0.4454503624265064299 ),
 .UNSPECIFIED. ) ;
#2919 = CARTESIAN_POINT ( 'NONE',  ( -91.50000000109233156, 748.3734384700433111, 525.5784203157372758 ) ) ;
#2920 = CARTESIAN_POINT ( 'NONE',  ( -558.4290230997124809, 813.5593304988498176, 346.2331306047317980 ) ) ;
#2921 = CARTESIAN_POINT ( 'NONE',  ( 21.50000000000004619, 699.4573519438001767, 545.4713553025881083 ) ) ;
#2922 = ORIENTED_EDGE ( 'NONE', *, *, #1320, .F. ) ;
#2923 = EDGE_CURVE ( 'NONE', #1798, #1578, #1863, .T. ) ;
#2924 = VECTOR ( 'NONE', #2081, 1000.000000000000000 ) ;
#2925 = EDGE_CURVE ( 'NONE', #2967, #3390, #1143, .T. ) ;
#2926 = DIRECTION ( 'NONE',  ( 1.000000000000000000, 2.478017790963360707E-11, 0.000000000000000000 ) ) ;
#2927 = CARTESIAN_POINT ( 'NONE',  ( 649.6314085772346516, 2633.828434304721213, 1706.612879804720933 ) ) ;
#2928 = ORIENTED_EDGE ( 'NONE', *, *, #669, .F. ) ;
#2929 = CARTESIAN_POINT ( 'NONE',  ( 91.50000000000000000, 292.1749722784144865, 379.3193587478822906 ) ) ;
#2930 = CARTESIAN_POINT ( 'NONE',  ( 718.4391847584070092, 2563.700142640490412, 276.1458867971765585 ) ) ;
#2931 = CARTESIAN_POINT ( 'NONE',  ( -17.93978257670415033, 1194.500109537067829, 255.3804741068514943 ) ) ;
#2932 = DIRECTION ( 'NONE',  ( 1.000000000000000000, 2.478974872911206864E-11, -2.576245215136136926E-09 ) ) ;
#2933 = DIRECTION ( 'NONE',  ( -1.000000000000000000, 2.478974872911206864E-11, -2.576245215136136512E-09 ) ) ;
#2934 = CARTESIAN_POINT ( 'NONE',  ( 212.4861169094538411, 544.3352608327703592, 949.0760177461289686 ) ) ;
#2935 = CARTESIAN_POINT ( 'NONE',  ( 63.11013694589934175, 310.2300193363067251, 384.1897345714880316 ) ) ;
#2936 = DIRECTION ( 'NONE',  ( 0.000000000000000000, 0.000000000000000000, 1.000000000000000000 ) ) ;
#2937 = CARTESIAN_POINT ( 'NONE',  ( -710.9397821139064035, 2005.427457472464539, 442.8240777067792919 ) ) ;
#2938 = CARTESIAN_POINT ( 'NONE',  ( -21.50000000000004619, 711.9144646888742045, 540.4053626702734618 ) ) ;
#2939 = AXIS2_PLACEMENT_3D ( 'NONE', #2173, #521, #196 ) ;
#2940 = AXIS2_PLACEMENT_3D ( 'NONE', #831, #3380, #28 ) ;
#2941 = CARTESIAN_POINT ( 'NONE',  ( 91.19764227788331823, 749.8118500135939257, 457.5383553845110782 ) ) ;
#2942 = CARTESIAN_POINT ( 'NONE',  ( 91.49999999999997158, 673.1006741852913819, 480.6228723189129255 ) ) ;
#2943 = AXIS2_PLACEMENT_3D ( 'NONE', #2400, #3577, #446 ) ;
#2944 = EDGE_LOOP ( 'NONE', ( #1322, #2459, #2418, #509 ) ) ;
#2945 = CARTESIAN_POINT ( 'NONE',  ( 667.5246194889459730, 2573.729674613437055, 1787.264740218574161 ) ) ;
#2946 = ORIENTED_EDGE ( 'NONE', *, *, #1439, .F. ) ;
#2947 = CARTESIAN_POINT ( 'NONE',  ( 91.49999999999997158, 356.0182405924033446, 350.3924569246760257 ) ) ;
#2948 = CARTESIAN_POINT ( 'NONE',  ( 730.9397821139064035, 2005.427457471968864, 442.8240777583041563 ) ) ;
#2949 = ORIENTED_EDGE ( 'NONE', *, *, #2135, .T. ) ;
#2950 = CYLINDRICAL_SURFACE ( 'NONE', #2943, 350.0000000000002274 ) ;
#2951 = EDGE_CURVE ( 'NONE', #1888, #3344, #1892, .T. ) ;
#2952 = ORIENTED_EDGE ( 'NONE', *, *, #2923, .F. ) ;
#2953 = CARTESIAN_POINT ( 'NONE',  ( 331.9726076719547336, 565.9709239719956031, 802.2978759949144205 ) ) ;
#2954 = CARTESIAN_POINT ( 'NONE',  ( 74.45642614014161609, 323.4875878162499134, 386.0669124093557230 ) ) ;
#2955 = CARTESIAN_POINT ( 'NONE',  ( 730.9397825571795693, 1940.073114812738822, 270.1334864589191511 ) ) ;
#2956 = CARTESIAN_POINT ( 'NONE',  ( -21.50000000000004263, 680.5475068049419178, 552.3918170289314276 ) ) ;
#2957 = CARTESIAN_POINT ( 'NONE',  ( -91.50000000000002842, 700.5210353829552332, 545.0387821553251797 ) ) ;
#2958 = CARTESIAN_POINT ( 'NONE',  ( 48.67436345542592591, 703.8611169066383582, 537.7698663137667836 ) ) ;
#2959 = CARTESIAN_POINT ( 'NONE',  ( 91.49999999999997158, 673.7237523504827550, 480.3694821908173367 ) ) ;
#2960 = EDGE_LOOP ( 'NONE', ( #270, #89, #1718, #455, #503, #3238, #2566, #735, #2670, #2378, #1639, #98 ) ) ;
#2961 = CARTESIAN_POINT ( 'NONE',  ( 600.8530113813563958, 2687.976016249654549, 1588.583807122111466 ) ) ;
#2962 = ORIENTED_EDGE ( 'NONE', *, *, #2878, .T. ) ;
#2963 = CARTESIAN_POINT ( 'NONE',  ( 21.50000000000004619, 307.2846713697044834, 406.0554840217700416 ) ) ;
#2964 = B_SPLINE_CURVE_WITH_KNOTS ( 'NONE', 3,
 ( #2544, #52, #602, #278, #1751, #1736, #2573, #83, #1183, #2643, #393, #2384, #1268, #2914, #3155, #3485, #1475, #2348, #1489, #126, #110, #410, #162, #2934, #3173, #2047, #1815, #1505, #962 ),
 .UNSPECIFIED., .F., .F.,
 ( 4, 2, 2, 2, 2, 2, 2, 2, 2, 2, 2, 1, 1, 1, 2, 4 ),
 ( 2.989366980140908258E-16, 0.04218216594103171152, 0.08436433188206313161, 0.1265464978230945448, 0.1687286637641259579, 0.2109108297051573988, 0.2320019126756729111, 0.2530929956461883679, 0.2952751615872199475, 0.3163662445577356541, 0.3269117860429933686, 0.3321845567856220871, 0.3348209421569364186, 0.3361391348425935566, 0.3367982311854220145, 0.3374573275282504725 ),
 .UNSPECIFIED. ) ;
#2965 = DIRECTION ( 'NONE',  ( -1.000000000000000000, 2.478974872911206864E-11, -2.576245215136136926E-09 ) ) ;
#2966 = LINE ( 'NONE', #2153, #1480 ) ;
#2967 = VERTEX_POINT ( 'NONE', #1924 ) ;
#2968 = EDGE_CURVE ( 'NONE', #61, #1424, #536, .T. ) ;
#2969 = DIRECTION ( 'NONE',  ( -1.000000000000000000, 2.478974872911206864E-11, -2.576245215136136512E-09 ) ) ;
#2970 = EDGE_CURVE ( 'NONE', #2614, #143, #2767, .T. ) ;
#2971 = CARTESIAN_POINT ( 'NONE',  ( -21.50000000000004619, 307.2846713697044834, 406.0554840217700416 ) ) ;
#2972 = CARTESIAN_POINT ( 'NONE',  ( 730.8381121046634235, 1959.766651608099437, 272.2756792785593802 ) ) ;
#2973 = CARTESIAN_POINT ( 'NONE',  ( -667.9397824826108945, 2575.297024588602198, 305.1905245687896127 ) ) ;
#2974 = ORIENTED_EDGE ( 'NONE', *, *, #640, .F. ) ;
#2975 = CARTESIAN_POINT ( 'NONE',  ( -662.6838777342178446, 1111.963753620980469, 1957.333723762546470 ) ) ;
#2976 = CARTESIAN_POINT ( 'NONE',  ( -91.49999999993148947, 682.4279404502921125, 551.7817781982930683 ) ) ;
#2977 = CARTESIAN_POINT ( 'NONE',  ( 84.94303451420547901, 731.9733055265157873, 488.6850483795004152 ) ) ;
#2978 = CARTESIAN_POINT ( 'NONE',  ( 91.49999999999997158, 740.2328959261342334, 453.3218959455799109 ) ) ;
#2979 = ORIENTED_EDGE ( 'NONE', *, *, #3117, .T. ) ;
#2980 = CARTESIAN_POINT ( 'NONE',  ( 595.0505020180911515, 2691.753005880781075, 1576.401551921865348 ) ) ;
#2981 = VECTOR ( 'NONE', #3093, 1000.000000000000000 ) ;
#2982 = ORIENTED_EDGE ( 'NONE', *, *, #1727, .T. ) ;
#2983 = CARTESIAN_POINT ( 'NONE',  ( 91.49999999999997158, 374.4912118786270980, 380.8072120097655215 ) ) ;
#2984 = PLANE ( 'NONE',  #3472 ) ;
#2985 = ORIENTED_EDGE ( 'NONE', *, *, #496, .T. ) ;
#2986 = LINE ( 'NONE', #1284, #554 ) ;
#2987 = ORIENTED_EDGE ( 'NONE', *, *, #2552, .F. ) ;
#2988 = CIRCLE ( 'NONE', #3458, 150.0000000000000568 ) ;
#2989 = CARTESIAN_POINT ( 'NONE',  ( 730.9397824417208085, 2309.624602796903673, 318.5061490722860071 ) ) ;
#2990 = CARTESIAN_POINT ( 'NONE',  ( -91.50000000000424905, 293.8996372790335272, 382.6613447653459730 ) ) ;
#2991 = CARTESIAN_POINT ( 'NONE',  ( -32.12598398348164608, 700.0886877643335993, 544.3566532809343244 ) ) ;
#2992 = EDGE_CURVE ( 'NONE', #987, #1729, #2248, .T. ) ;
#2993 = CARTESIAN_POINT ( 'NONE',  ( -21.50000000000004974, 298.0744217766412021, 390.7614836691055871 ) ) ;
#2994 = ORIENTED_EDGE ( 'NONE', *, *, #2707, .T. ) ;
#2995 = CARTESIAN_POINT ( 'NONE',  ( -652.5612736989422729, 1053.888208933107535, 1921.741755893232039 ) ) ;
#2996 = CARTESIAN_POINT ( 'NONE',  ( -21.50000000003388934, 583.8711159328557869, 566.1563623701896404 ) ) ;
#2997 = CARTESIAN_POINT ( 'NONE',  ( 614.4203895593252582, 936.1284688327918957, 262.4468056451642610 ) ) ;
#2998 = CARTESIAN_POINT ( 'NONE',  ( 730.9397823769388651, 2469.203930289565506, 345.1875369206385926 ) ) ;
#2999 = CARTESIAN_POINT ( 'NONE',  ( 91.49999999999997158, 675.8600203454583379, 479.5007160373100419 ) ) ;
#3000 = ORIENTED_EDGE ( 'NONE', *, *, #1324, .F. ) ;
#3001 = EDGE_CURVE ( 'NONE', #332, #884, #3368, .T. ) ;
#3002 = VECTOR ( 'NONE', #2151, 1000.000000000000000 ) ;
#3003 = CARTESIAN_POINT ( 'NONE',  ( 657.5727556126952322, 2616.424711617944013, 1733.204109818356756 ) ) ;
#3004 = VECTOR ( 'NONE', #1347, 1000.000000000000114 ) ;
#3005 = ORIENTED_EDGE ( 'NONE', *, *, #2616, .F. ) ;
#3006 = CARTESIAN_POINT ( 'NONE',  ( 21.50000000000004619, 324.8858840048719117, 431.4452405663557215 ) ) ;
#3007 = VECTOR ( 'NONE', #716, 1000.000000000000114 ) ;
#3008 = DIRECTION ( 'NONE',  ( 2.400697222555624769E-09, 0.3539487426849171614, 0.9352648221502647408 ) ) ;
#3009 = CARTESIAN_POINT ( 'NONE',  ( -730.9397820266584631, 2194.127406980013802, 478.5061490722859503 ) ) ;
#3010 = B_SPLINE_CURVE_WITH_KNOTS ( 'NONE', 3,
 ( #2838, #2563, #1172, #894, #2009, #3129, #622, #3528, #1839, #2390, #3215, #2958, #1531, #1038, #1019, #2408, #3252, #708, #2125, #743, #2104, #1857, #2372, #3236, #3509, #1821, #726, #3198, #2977, #169, #2144, #470, #438, #1804, #453, #2941, #691, #2649 ),
 .UNSPECIFIED., .F., .F.,
 ( 4, 2, 2, 2, 2, 2, 2, 2, 2, 2, 2, 2, 2, 2, 2, 2, 2, 2, 4 ),
 ( 1.040834085586084257E-17, 0.009101348270665820042, 0.01365202240599875175, 0.01592735947366525143, 0.01820269654133175458, 0.02730404481199816269, 0.03185471894733137022, 0.03640539308266459162, 0.04550674135333090953, 0.05460808962399724131, 0.05915876375933040721, 0.06370943789466357310, 0.07281078616532989101, 0.09101348270666284601, 0.1001148309773293166, 0.1046655051126625519, 0.1092161792479957594, 0.1274188757893292834, 0.1456215723306628074 ),
 .UNSPECIFIED. ) ;
#3011 = ORIENTED_EDGE ( 'NONE', *, *, #2115, .F. ) ;
#3012 = CARTESIAN_POINT ( 'NONE',  ( 91.49999999999997158, 793.1803579854598638, 381.8154955722138197 ) ) ;
#3013 = CARTESIAN_POINT ( 'NONE',  ( -91.50000000000022737, 293.4880934027230523, 381.8661796712524392 ) ) ;
#3014 = DIRECTION ( 'NONE',  ( 1.000000000000000000, -0.000000000000000000, -0.000000000000000000 ) ) ;
#3015 = CARTESIAN_POINT ( 'NONE',  ( -91.49999999999997158, 793.1803579854598638, 381.8154955722138197 ) ) ;
#3016 = ORIENTED_EDGE ( 'NONE', *, *, #2134, .F. ) ;
#3017 = CARTESIAN_POINT ( 'NONE',  ( -653.5368455706926625, 1036.933069320083860, 261.4431131365375336 ) ) ;
#3018 = CARTESIAN_POINT ( 'NONE',  ( -91.49999999999991473, 679.2999496787409726, 552.8024957205813052 ) ) ;
#3019 = CARTESIAN_POINT ( 'NONE',  ( -724.7346874973146669, 1946.059516702048995, 270.3702274255750240 ) ) ;
#3020 = CARTESIAN_POINT ( 'NONE',  ( -74.79061330736030300, 323.9969730269435217, 386.1390377489232151 ) ) ;
#3021 = EDGE_LOOP ( 'NONE', ( #3203, #3484, #1757, #1443 ) ) ;
#3022 = CARTESIAN_POINT ( 'NONE',  ( 91.49999999999995737, 593.4393072763548389, 496.3620483076953178 ) ) ;
#3023 = EDGE_CURVE ( 'NONE', #3183, #589, #1358, .T. ) ;
#3024 = CARTESIAN_POINT ( 'NONE',  ( -681.3449526966847998, 2566.370333366651721, 276.1599640312333577 ) ) ;
#3025 = CARTESIAN_POINT ( 'NONE',  ( 91.49999999999997158, 408.1464670182260761, 419.2021310646214829 ) ) ;
#3026 = UNCERTAINTY_MEASURE_WITH_UNIT (LENGTH_MEASURE( 1.000000000000000082E-05 ), #600, 'distance_accuracy_value', 'NONE');
#3027 = CYLINDRICAL_SURFACE ( 'NONE', #372, 19.99999999999990763 ) ;
#3028 = VERTEX_POINT ( 'NONE', #3596 ) ;
#3029 = DIRECTION ( 'NONE',  ( -1.000000000000000000, -2.478974872911206864E-11, 2.576245215136136512E-09 ) ) ;
#3030 = ORIENTED_EDGE ( 'NONE', *, *, #734, .T. ) ;
#3031 = DIRECTION ( 'NONE',  ( -2.405598848069276172E-09, 0.3669760374471598419, -0.9302303950847772285 ) ) ;
#3032 = CARTESIAN_POINT ( 'NONE',  ( -91.50000000006754419, 307.2846713697852579, 406.0554840215816625 ) ) ;
#3033 = DIRECTION ( 'NONE',  ( 2.405598848069275345E-09, -0.3669760374471597308, 0.9302303950847772285 ) ) ;
#3034 = CARTESIAN_POINT ( 'NONE',  ( -21.50000000000004619, 303.0789130272457896, 399.4044126834198210 ) ) ;
#3035 = ORIENTED_EDGE ( 'NONE', *, *, #693, .T. ) ;
#3036 = CARTESIAN_POINT ( 'NONE',  ( -687.9397824826110082, 2575.297024588106979, 305.1905246203131696 ) ) ;
#3037 = CARTESIAN_POINT ( 'NONE',  ( -21.50000000000004619, 699.4070309806018031, 545.4918170399608925 ) ) ;
#3038 = CARTESIAN_POINT ( 'NONE',  ( -687.9397825010581755, 2556.692416686411434, 297.8510038713699259 ) ) ;
#3039 = CARTESIAN_POINT ( 'NONE',  ( -40.05287559699835498, 296.4902914693764728, 382.2442863779405116 ) ) ;
#3040 = ORIENTED_EDGE ( 'NONE', *, *, #3154, .T. ) ;
#3041 = CARTESIAN_POINT ( 'NONE',  ( 91.49999999999995737, 434.9773150268652557, 441.9437417050776844 ) ) ;
#3042 = DIRECTION ( 'NONE',  ( -2.405598848069276172E-09, -0.3669760374471598419, 0.9302303950847772285 ) ) ;
#3043 = CARTESIAN_POINT ( 'NONE',  ( 21.50000000000004619, 368.8667448479687323, 478.1661797414917601 ) ) ;
#3044 = EDGE_CURVE ( 'NONE', #1916, #385, #938, .T. ) ;
#3045 = CARTESIAN_POINT ( 'NONE',  ( 21.50000000000004619, 305.7716059847342649, 403.6007849371852672 ) ) ;
#3046 = DIRECTION ( 'NONE',  ( 1.000000000000000000, 2.478974872911206864E-11, -2.576245215136136512E-09 ) ) ;
#3047 = B_SPLINE_CURVE_WITH_KNOTS ( 'NONE', 3,
 ( #3248, #739, #2972, #2557, #1442, #1678, #3358, #291, #848, #1967, #2812, #1401, #331, #2794, #1733, #2847, #2293, #1983, #2521, #866, #2829, #1717, #3087, #1947, #2501, #906, #3104, #3375, #599, #1110 ),
 .UNSPECIFIED., .F., .F.,
 ( 4, 2, 2, 2, 2, 2, 2, 2, 2, 2, 2, 2, 2, 2, 4 ),
 ( 0.000000000000000000, 0.004186413328604067507, 0.008372826657208135015, 0.01046603332151022081, 0.01255923998581230661, 0.01674565331441722066, 0.01779225664656834682, 0.01883885997871946952, 0.02093206664302171491, 0.02302527330732396030, 0.02407187663947540218, 0.02511847997162684407, 0.02930489330023260466, 0.03139809996453548496, 0.03349130662883836873 ),
 .UNSPECIFIED. ) ;
#3048 = VERTEX_POINT ( 'NONE', #1 ) ;
#3049 = CIRCLE ( 'NONE', #2754, 19.99999999999994316 ) ;
#3050 = CARTESIAN_POINT ( 'NONE',  ( -405.5157547880517086, 603.5510469204134552, 712.9145905052509988 ) ) ;
#3051 = CARTESIAN_POINT ( 'NONE',  ( -21.50000000000004619, 293.4994976330087866, 381.8882863226365316 ) ) ;
#3052 = DIRECTION ( 'NONE',  ( 2.576245215136136512E-09, 6.242562360890620134E-27, -1.000000000000000000 ) ) ;
#3053 = CARTESIAN_POINT ( 'NONE',  ( -648.6625949218035885, 1037.373626880576467, 1899.782004998339289 ) ) ;
#3054 = CARTESIAN_POINT ( 'NONE',  ( -21.50000000000124700, 699.3832974255311683, 545.5014632338065894 ) ) ;
#3055 = CARTESIAN_POINT ( 'NONE',  ( -409.2876984579077089, 487.7308130027034849, 915.1405776678171833 ) ) ;
#3056 = LINE ( 'NONE', #550, #1776 ) ;
#3057 = CARTESIAN_POINT ( 'NONE',  ( 91.49999999999997158, 405.7792915788684809, 416.9489122736329705 ) ) ;
#3058 = EDGE_LOOP ( 'NONE', ( #2813, #2543, #2430, #3313, #1277 ) ) ;
#3059 = CARTESIAN_POINT ( 'NONE',  ( 91.50000000000002842, 477.2988404430293485, 544.3396942582554630 ) ) ;
#3060 = CIRCLE ( 'NONE', #1887, 19.99999999999990763 ) ;
#3061 = VECTOR ( 'NONE', #1895, 1000.000000000000227 ) ;
#3062 = DIRECTION ( 'NONE',  ( 0.000000000000000000, 0.000000000000000000, -1.000000000000000000 ) ) ;
#3063 = AXIS2_PLACEMENT_3D ( 'NONE', #636, #2565, #74 ) ;
#3064 = EDGE_LOOP ( 'NONE', ( #2030, #2631, #2438, #1081, #2908, #2503, #3256, #460 ) ) ;
#3065 = CARTESIAN_POINT ( 'NONE',  ( -91.49999999999995737, 517.8984683837429657, 484.5489627910416743 ) ) ;
#3066 = AXIS2_PLACEMENT_3D ( 'NONE', #1988, #3112, #3383 ) ;
#3067 = EDGE_LOOP ( 'NONE', ( #1047, #3299, #1124, #1533 ) ) ;
#3068 = CARTESIAN_POINT ( 'NONE',  ( -413.3572641700274062, 609.1291643806541742, 703.1750115754812214 ) ) ;
#3069 = CARTESIAN_POINT ( 'NONE',  ( -21.50000000000004619, 465.8817086252420268, 539.7044944849704962 ) ) ;
#3070 = ADVANCED_FACE ( 'NONE', ( #2208 ), #1978, .F. ) ;
#3071 = ORIENTED_EDGE ( 'NONE', *, *, #424, .F. ) ;
#3072 = CARTESIAN_POINT ( 'NONE',  ( -730.9397820266584631, 2194.127406980013802, 478.5061490722859503 ) ) ;
#3073 = CARTESIAN_POINT ( 'NONE',  ( -274.5443412615472312, 550.2128894606505582, 1022.594990437778506 ) ) ;
#3074 = CARTESIAN_POINT ( 'NONE',  ( -91.49999999999997158, 380.1478402975545805, 394.0896030261771443 ) ) ;
#3075 = DIRECTION ( 'NONE',  ( 1.000000000000000000, -2.478974597180487146E-11, 2.576245206666796348E-09 ) ) ;
#3076 = DIRECTION ( 'NONE',  ( 0.000000000000000000, 0.000000000000000000, -1.000000000000000000 ) ) ;
#3077 = EDGE_LOOP ( 'NONE', ( #3558, #714, #2928, #1867 ) ) ;
#3078 = CARTESIAN_POINT ( 'NONE',  ( 21.50000000000004619, 468.7237264505570238, 540.8998996654956954 ) ) ;
#3079 = CARTESIAN_POINT ( 'NONE',  ( 667.9397781773598126, 390.5205683433586614, 1955.301774848701598 ) ) ;
#3080 = AXIS2_PLACEMENT_3D ( 'NONE', #2899, #3212, #2936 ) ;
#3081 = VERTEX_POINT ( 'NONE', #2823 ) ;
#3082 = CARTESIAN_POINT ( 'NONE',  ( -91.49999999999997158, 390.9651962058464960, 401.4815622967068407 ) ) ;
#3083 = B_SPLINE_CURVE_WITH_KNOTS ( 'NONE', 3,
 ( #805, #1085, #267, #325, #2191, #2550, #3045, #1162, #1690, #1436, #3350, #1378, #557, #2495, #2268, #1994, #3118, #304, #3333, #841, #2788, #2806, #285, #1395, #1123, #2228, #1959, #1416, #2534, #119, #3429, #2058, #2598, #88, #1207, #2075, #386, #930, #1451, #3184, #2360, #679, #3146, #3460, #1792, #1483, #403, #2855, #2907, #1515, #2633, #3478 ),
 .UNSPECIFIED., .F., .F.,
 ( 4, 2, 2, 2, 2, 2, 2, 2, 2, 2, 2, 2, 2, 2, 2, 2, 2, 2, 2, 2, 2, 2, 2, 2, 2, 4 ),
 ( 0.000000000000000000, 0.007547362738655465954, 0.01509472547731093191, 0.03018945095462177708, 0.06037890190924332517, 0.09056835286386488715, 0.1056630783411755953, 0.1132104410798308869, 0.1207578038184861924, 0.1509472547731076364, 0.1811367057277291082, 0.2113261566823505799, 0.2264208821596613019, 0.2415156076369720239, 0.2717050585915934402, 0.3018945095462148842, 0.3320839605008363282, 0.3396313232394915227, 0.3471786859781467172, 0.3622734114554567730, 0.3924628624100769403, 0.4226523133646970520, 0.4528417643193172193, 0.4603891270579721917, 0.4679364897966272197, 0.4830312152739371645 ),
 .UNSPECIFIED. ) ;
#3084 = ORIENTED_EDGE ( 'NONE', *, *, #2485, .T. ) ;
#3085 = CARTESIAN_POINT ( 'NONE',  ( -600.8530113813563958, 2687.976016249654549, 1588.583807122111466 ) ) ;
#3086 = CARTESIAN_POINT ( 'NONE',  ( -91.49999999999997158, 523.1913251263831626, 486.2108074520755849 ) ) ;
#3087 = CARTESIAN_POINT ( 'NONE',  ( 719.4223215027211609, 1942.103310505048967, 270.1735211670393824 ) ) ;
#3088 = VERTEX_POINT ( 'NONE', #1653 ) ;
#3089 = EDGE_CURVE ( 'NONE', #1221, #1182, #3083, .T. ) ;
#3090 = CARTESIAN_POINT ( 'NONE',  ( -624.5814930678892551, 961.0780988147084827, 260.7210764583977607 ) ) ;
#3091 = CARTESIAN_POINT ( 'NONE',  ( -310.5535155582287530, 558.8138332396554233, 1065.461022955021690 ) ) ;
#3092 = CARTESIAN_POINT ( 'NONE',  ( -91.21470120100207168, 374.8262327714055004, 393.3361010755719462 ) ) ;
#3093 = DIRECTION ( 'NONE',  ( -2.478974872911206864E-11, 1.000000000000000000, -2.959845214933778542E-25 ) ) ;
#3094 = VERTEX_POINT ( 'NONE', #135 ) ;
#3095 = CARTESIAN_POINT ( 'NONE',  ( 712.3539947783176558, 2565.253772436321015, 276.1492236282210797 ) ) ;
#3096 = CARTESIAN_POINT ( 'NONE',  ( 91.50000000000001421, 601.9182480620837623, 496.1633408722375407 ) ) ;
#3097 = VERTEX_POINT ( 'NONE', #1222 ) ;
#3098 = CARTESIAN_POINT ( 'NONE',  ( 91.49999999939056750, 394.7580943007303631, 499.3613908066182034 ) ) ;
#3099 = DIRECTION ( 'NONE',  ( 9.147571182618430596E-17, 0.9999537079413386431, 0.009621952731540723419 ) ) ;
#3100 = DIRECTION ( 'NONE',  ( -2.576245277713887167E-09, -8.881784197001244435E-15, 1.000000000000000000 ) ) ;
#3101 = ORIENTED_EDGE ( 'NONE', *, *, #827, .T. ) ;
#3102 = CARTESIAN_POINT ( 'NONE',  ( -397.5722102865985903, 598.3862528593327852, 722.7067681211452737 ) ) ;
#3103 = CARTESIAN_POINT ( 'NONE',  ( -21.50000000000004619, 380.4562180585170950, 488.0997710945713379 ) ) ;
#3104 = CARTESIAN_POINT ( 'NONE',  ( 713.7667575903914212, 1940.275058003875756, 270.1356009282015407 ) ) ;
#3105 = AXIS2_PLACEMENT_3D ( 'NONE', #2483, #1052, #257 ) ;
#3106 = CARTESIAN_POINT ( 'NONE',  ( 667.9397825571795693, 1194.500109478298100, 262.9592859728577423 ) ) ;
#3107 = ORIENTED_EDGE ( 'NONE', *, *, #1576, .F. ) ;
#3108 = STYLED_ITEM ( 'NONE', ( #1984 ), #893 ) ;
#3109 = CARTESIAN_POINT ( 'NONE',  ( 21.50000000000004619, 365.9886214534008104, 522.4827157705000218 ) ) ;
#3110 = CARTESIAN_POINT ( 'NONE',  ( -233.4221502780302728, 545.0530162421034674, 973.8514710997858401 ) ) ;
#3111 = AXIS2_PLACEMENT_3D ( 'NONE', #2448, #832, #2926 ) ;
#3112 = DIRECTION ( 'NONE',  ( 2.478974872911206864E-11, 1.000000000000000000, -2.959845214933778542E-25 ) ) ;
#3113 = CARTESIAN_POINT ( 'NONE',  ( 677.2402866058653217, 2568.411961349421745, 276.1796128889758393 ) ) ;
#3114 = CLOSED_SHELL ( 'NONE', ( #2508, #3287, #1808, #2341, #3511, #1457, #342, #2065, #961, #1617, #324, #2781, #1562, #1226, #1701, #1875, #2008, #3259, #2387, #2227, #2861, #2203, #3070, #1045, #1923, #3491, #2553, #3232, #1635, #184, #3332, #3149, #605, #3580, #2574, #163, #586, #1025, #1100, #3532, #1247, #2026, #3560, #1828, #1846, #1848, #1661, #1203, #1409, #2636, #1074, #468, #2642, #939, #786, #447, #2487, #3425, #675, #849, #3307, #1343, #2278, #190, #82, #1830, #1188, #1146, #1362, #539, #518, #2877, #2158, #2731, #540 ) ) ;
#3115 = CARTESIAN_POINT ( 'NONE',  ( -517.9397781773599263, 2709.211252406226322, 1977.613139462363051 ) ) ;
#3116 = CARTESIAN_POINT ( 'NONE',  ( 91.50000000000001421, 366.5844021498415373, 476.1184352029663387 ) ) ;
#3117 = EDGE_CURVE ( 'NONE', #2395, #576, #2039, .T. ) ;
#3118 = CARTESIAN_POINT ( 'NONE',  ( 21.50000000000004263, 364.3468743804845076, 474.0834409190334782 ) ) ;
#3119 = VERTEX_POINT ( 'NONE', #104 ) ;
#3120 = CARTESIAN_POINT ( 'NONE',  ( -91.49999999999998579, 413.6131704437459575, 424.2760805470514356 ) ) ;
#3121 = AXIS2_PLACEMENT_3D ( 'NONE', #1130, #1456, #1384 ) ;
#3122 = CIRCLE ( 'NONE', #2475, 19.99999999999990763 ) ;
#3123 = CARTESIAN_POINT ( 'NONE',  ( -261.0605099387246923, 547.9977647836757342, 886.8033340675053751 ) ) ;
#3124 = CARTESIAN_POINT ( 'NONE',  ( -91.50000000000002842, 477.2988404430293485, 544.3396942582553493 ) ) ;
#3125 = DIRECTION ( 'NONE',  ( 1.000000000000000000, 2.478017790963360707E-11, 0.000000000000000000 ) ) ;
#3126 = ORIENTED_EDGE ( 'NONE', *, *, #2595, .F. ) ;
#3127 = CARTESIAN_POINT ( 'NONE',  ( -664.4846694015092226, 2038.631814583064624, 356.2039040677947241 ) ) ;
#3128 = CARTESIAN_POINT ( 'NONE',  ( 667.9397825606920378, 1194.500109485972189, 261.5958600675671732 ) ) ;
#3129 = CARTESIAN_POINT ( 'NONE',  ( 35.72320419074402764, 700.6218383724582282, 543.4257545563559688 ) ) ;
#3130 = CARTESIAN_POINT ( 'NONE',  ( 21.50000000000004619, 669.8304735840970352, 555.6316623115671973 ) ) ;
#3131 = EDGE_CURVE ( 'NONE', #1424, #1283, #3296, .T. ) ;
#3132 = LINE ( 'NONE', #1741, #3526 ) ;
#3133 = ORIENTED_EDGE ( 'NONE', *, *, #2320, .F. ) ;
#3134 = CARTESIAN_POINT ( 'NONE',  ( 91.49999999999997158, 355.5226512308008751, 349.4336080250536725 ) ) ;
#3135 = FACE_OUTER_BOUND ( 'NONE', #1168, .T. ) ;
#3136 = CARTESIAN_POINT ( 'NONE',  ( -91.49999999999997158, 492.1757887824874160, 474.8152101378627776 ) ) ;
#3137 = CARTESIAN_POINT ( 'NONE',  ( 667.8317726167363162, 2582.055417372132979, 285.8295262827886631 ) ) ;
#3138 = DIRECTION ( 'NONE',  ( 1.457251280757982635E-09, -0.8300681151263605839, 0.5576620161446992352 ) ) ;
#3139 = AXIS2_PLACEMENT_3D ( 'NONE', #1956, #1669, #1687 ) ;
#3140 = ORIENTED_EDGE ( 'NONE', *, *, #1294, .T. ) ;
#3141 = DIRECTION ( 'NONE',  ( -2.478981535400282798E-11, 1.000000000000000000, 4.806276969638766221E-16 ) ) ;
#3142 = CARTESIAN_POINT ( 'NONE',  ( -719.7381130333088777, 1942.266940009958716, 270.1785249460460250 ) ) ;
#3143 = CARTESIAN_POINT ( 'NONE',  ( 686.4158356351283601, 2565.288755791980748, 276.1495601851692641 ) ) ;
#3144 = CARTESIAN_POINT ( 'NONE',  ( -730.9397821392112746, 2480.073625160171559, 437.5689241713201341 ) ) ;
#3145 = CARTESIAN_POINT ( 'NONE',  ( 91.50000000026940938, 641.2469153189047120, 562.3671507189438898 ) ) ;
#3146 = CARTESIAN_POINT ( 'NONE',  ( 21.50000000000004974, 631.9689820295219533, 563.6819320947524830 ) ) ;
#3147 = ORIENTED_EDGE ( 'NONE', *, *, #211, .F. ) ;
#3148 = EDGE_CURVE ( 'NONE', #3555, #281, #2580, .T. ) ;
#3149 = ADVANCED_FACE ( 'NONE', ( #3410 ), #2321, .T. ) ;
#3150 = LINE ( 'NONE', #2062, #2411 ) ;
#3151 = CARTESIAN_POINT ( 'NONE',  ( -91.49999999999997158, 551.6447323805217593, 492.8569320264215321 ) ) ;
#3152 = CARTESIAN_POINT ( 'NONE',  ( -622.1469017804698751, 954.7508265124946547, 260.7210764583977038 ) ) ;
#3153 = CARTESIAN_POINT ( 'NONE',  ( 413.3572641700275199, 609.1291643806541742, 703.1750115754812214 ) ) ;
#3154 = EDGE_CURVE ( 'NONE', #884, #1262, #2517, .T. ) ;
#3155 = CARTESIAN_POINT ( 'NONE',  ( 269.9854367529558772, 549.3953943176209123, 1017.182586197111277 ) ) ;
#3156 = CIRCLE ( 'NONE', #817, 139.9999999999999716 ) ;
#3157 = CARTESIAN_POINT ( 'NONE',  ( -91.49999999999997158, 293.4557072134358009, 381.8033751161709688 ) ) ;
#3158 = CARTESIAN_POINT ( 'NONE',  ( -80.62606797658138191, 725.6545586341762828, 499.7177909730061742 ) ) ;
#3159 = DIRECTION ( 'NONE',  ( -2.576241442397987902E-09, 0.000000000000000000, 1.000000000000000000 ) ) ;
#3160 = CARTESIAN_POINT ( 'NONE',  ( -21.50000000000004619, 699.5597147852265607, 545.4297269243994606 ) ) ;
#3161 =( GEOMETRIC_REPRESENTATION_CONTEXT ( 3 ) GLOBAL_UNCERTAINTY_ASSIGNED_CONTEXT ( ( #2840 ) ) GLOBAL_UNIT_ASSIGNED_CONTEXT ( ( #2702, #258, #2759 ) ) REPRESENTATION_CONTEXT ( 'NONE', 'WORKASPACE' ) );
#3162 = FACE_OUTER_BOUND ( 'NONE', #1073, .T. ) ;
#3163 = CARTESIAN_POINT ( 'NONE',  ( 91.49999999999991473, 555.2989446379314131, 563.9527255850670144 ) ) ;
#3164 =( BOUNDED_CURVE ( )  B_SPLINE_CURVE ( 3, ( #3300, #1912, #463, #3542 ),
 .UNSPECIFIED., .F., .F. ) 
 B_SPLINE_CURVE_WITH_KNOTS ( ( 4, 4 ),
 ( 1.505470380048171020, 1.570796326794894116 ),
 .UNSPECIFIED. ) 
 CURVE ( )  GEOMETRIC_REPRESENTATION_ITEM ( )  RATIONAL_B_SPLINE_CURVE ( ( 1.000000000000000000, 0.9996444083393246638, 0.9996444083393246638, 1.000000000000000000 ) ) 
 REPRESENTATION_ITEM ( '' )  );
#3165 = VERTEX_POINT ( 'NONE', #2306 ) ;
#3166 = DIRECTION ( 'NONE',  ( -1.000000000000000000, -0.000000000000000000, -0.000000000000000000 ) ) ;
#3167 = ORIENTED_EDGE ( 'NONE', *, *, #2820, .F. ) ;
#3168 = CARTESIAN_POINT ( 'NONE',  ( 21.50000000000004619, 293.3055520831306353, 381.5121456109384326 ) ) ;
#3169 = CARTESIAN_POINT ( 'NONE',  ( -519.8312379394034224, 2714.484483871941393, 1428.534427234586019 ) ) ;
#3170 = DIRECTION ( 'NONE',  ( 1.000000000000000000, -2.478974872911206218E-11, 2.576245215136136512E-09 ) ) ;
#3171 = CARTESIAN_POINT ( 'NONE',  ( 667.9397825571795693, 1115.058315328478557, 262.1948653980373365 ) ) ;
#3172 = AXIS2_PLACEMENT_3D ( 'NONE', #10, #2240, #1154 ) ;
#3173 = CARTESIAN_POINT ( 'NONE',  ( 211.4811649446486683, 544.3315537698299522, 947.8869410051509021 ) ) ;
#3174 = TOROIDAL_SURFACE ( 'NONE', #3121, 140.0000000000000853, 19.99999999999991473 ) ;
#3175 = EDGE_CURVE ( 'NONE', #1005, #931, #3178, .T. ) ;
#3176 = CARTESIAN_POINT ( 'NONE',  ( 70.85284828731464302, 318.6140085308572338, 385.3768480857605141 ) ) ;
#3177 = CARTESIAN_POINT ( 'NONE',  ( 91.49999999999997158, 385.5079291738315419, 394.8485536635260473 ) ) ;
#3178 = CIRCLE ( 'NONE', #3063, 179.9999999999997726 ) ;
#3179 = DIRECTION ( 'NONE',  ( 0.2218188733231436782, 0.4846068976598487121, -0.8461397887926959127 ) ) ;
#3180 = CARTESIAN_POINT ( 'NONE',  ( -664.4846735620333220, 609.1291643806542879, 703.1750115754806529 ) ) ;
#3181 = DIRECTION ( 'NONE',  ( -2.576364493570427019E-09, 0.009621952731540726889, -0.9999537079413387541 ) ) ;
#3182 = CARTESIAN_POINT ( 'NONE',  ( 91.49999999999997158, 650.8821004597901947, 488.2437601052634477 ) ) ;
#3183 = VERTEX_POINT ( 'NONE', #1175 ) ;
#3184 = CARTESIAN_POINT ( 'NONE',  ( 21.50000000000005329, 592.4713462470854211, 566.3725755556808963 ) ) ;
#3185 = ORIENTED_EDGE ( 'NONE', *, *, #1680, .T. ) ;
#3186 = CARTESIAN_POINT ( 'NONE',  ( -91.49999999999998579, 656.2419118488625145, 486.6669410025926936 ) ) ;
#3187 = DIRECTION ( 'NONE',  ( 2.576245215275660788E-09, -5.628313689823018994E-09, 1.000000000000000000 ) ) ;
#3188 = PLANE ( 'NONE',  #3469 ) ;
#3189 = CARTESIAN_POINT ( 'NONE',  ( -664.4846735620333220, 614.8544540277467831, 1199.957847353583247 ) ) ;
#3190 = ORIENTED_EDGE ( 'NONE', *, *, #3262, .T. ) ;
#3191 = CARTESIAN_POINT ( 'NONE',  ( 661.8018069643071613, 1105.374077671118357, 1955.179591727398929 ) ) ;
#3192 = CARTESIAN_POINT ( 'NONE',  ( -91.49999999999997158, 355.5226512308008751, 349.4336080250536725 ) ) ;
#3193 = CARTESIAN_POINT ( 'NONE',  ( -57.07811228488896660, 707.2335688020035604, 531.8814529456586797 ) ) ;
#3194 = EDGE_CURVE ( 'NONE', #3321, #1592, #2627, .T. ) ;
#3195 = CARTESIAN_POINT ( 'NONE',  ( -21.50000000000004619, 484.9250976597866725, 547.3084446445858475 ) ) ;
#3196 = EDGE_CURVE ( 'NONE', #2856, #2259, #3132, .T. ) ;
#3197 = CARTESIAN_POINT ( 'NONE',  ( -91.49999999999997158, 674.4358416821469291, 480.0798934729759821 ) ) ;
#3198 = CARTESIAN_POINT ( 'NONE',  ( 84.07272567518987216, 730.5244935724966808, 491.2147223207786055 ) ) ;
#3199 = CARTESIAN_POINT ( 'NONE',  ( 91.49999999999997158, 653.2536985366157296, 487.5617978426233776 ) ) ;
#3200 = EDGE_LOOP ( 'NONE', ( #2511, #216, #1791, #1302 ) ) ;
#3201 = CARTESIAN_POINT ( 'NONE',  ( 6541.793986135760861, 2309.624602652854264, 478.5061640424713687 ) ) ;
#3202 = LINE ( 'NONE', #2653, #2876 ) ;
#3203 = ORIENTED_EDGE ( 'NONE', *, *, #256, .F. ) ;
#3204 = CARTESIAN_POINT ( 'NONE',  ( 21.50000000000004619, 293.4557072134356872, 381.8033751161709688 ) ) ;
#3205 = CARTESIAN_POINT ( 'NONE',  ( 720.3281924058479717, 2562.793579853964275, 276.1539883711029120 ) ) ;
#3206 = FACE_OUTER_BOUND ( 'NONE', #283, .T. ) ;
#3207 = DIRECTION ( 'NONE',  ( 0.000000000000000000, 0.009621952731540726889, -0.9999537079413387541 ) ) ;
#3208 = DIRECTION ( 'NONE',  ( -2.400705460043009375E-09, -0.3539487426849198815, -0.9352648221502637416 ) ) ;
#3209 = CARTESIAN_POINT ( 'NONE',  ( -664.4846691822136791, 406.8778880200082426, 255.3804679157738349 ) ) ;
#3210 = CARTESIAN_POINT ( 'NONE',  ( 729.2182553657899007, 2552.303226204232942, 276.8568253962915833 ) ) ;
#3211 = CARTESIAN_POINT ( 'NONE',  ( -91.49999999997430677, 292.4576172295746233, 379.8675554636811285 ) ) ;
#3212 = DIRECTION ( 'NONE',  ( -1.000000000000000000, -0.000000000000000000, 0.000000000000000000 ) ) ;
#3213 = CARTESIAN_POINT ( 'NONE',  ( -21.50000000000004974, 405.2063159959271275, 506.6632086586623132 ) ) ;
#3214 = FACE_BOUND ( 'NONE', #1381, .T. ) ;
#3215 = CARTESIAN_POINT ( 'NONE',  ( 44.83040942860493061, 702.6275806016898287, 539.9236617995048846 ) ) ;
#3216 = CARTESIAN_POINT ( 'NONE',  ( 91.49999999999997158, 673.0695202220439342, 480.6355416872761452 ) ) ;
#3217 = ORIENTED_EDGE ( 'NONE', *, *, #1004, .F. ) ;
#3218 = VECTOR ( 'NONE', #65, 1000.000000000000000 ) ;
#3219 = PRODUCT_DEFINITION_FORMATION_WITH_SPECIFIED_SOURCE ( 'ANY', '', #2376, .NOT_KNOWN. ) ;
#3220 = CARTESIAN_POINT ( 'NONE',  ( 662.1415306952590072, 2603.081864427121218, 1751.702656110919634 ) ) ;
#3221 = EDGE_CURVE ( 'NONE', #442, #792, #1465, .T. ) ;
#3222 = VERTEX_POINT ( 'NONE', #656 ) ;
#3223 = CARTESIAN_POINT ( 'NONE',  ( 21.50000000000004619, 294.7259271834190031, 384.2494971438775337 ) ) ;
#3224 = FACE_OUTER_BOUND ( 'NONE', #3335, .T. ) ;
#3225 = DIRECTION ( 'NONE',  ( -2.457363036961587123E-09, 0.3095705754959675038, -0.9508764687313990827 ) ) ;
#3226 = EDGE_LOOP ( 'NONE', ( #2194, #2662, #1379, #2749 ) ) ;
#3227 = CARTESIAN_POINT ( 'NONE',  ( 655.5482293989948630, 1068.180372576605578, 1934.691070031369236 ) ) ;
#3228 = CARTESIAN_POINT ( 'NONE',  ( 84.68567690645544133, 343.7359750984138600, 388.9339406970956929 ) ) ;
#3229 = CARTESIAN_POINT ( 'NONE',  ( -65.19294813996484095, 711.7473720552915211, 524.0002020806123255 ) ) ;
#3230 = B_SPLINE_CURVE_WITH_KNOTS ( 'NONE', 3,
 ( #1902, #1972, #3343, #1919, #54, #1389, #3039, #3589, #1934, #2743, #2762, #834, #2242, #3308, #3290, #1156, #1955, #3362, #784, #2185, #531, #513, #3020, #2221, #2507, #12, #245, #2469, #261, #30, #1373, #853, #2490, #3092, #3074, #1135 ),
 .UNSPECIFIED., .F., .F.,
 ( 4, 2, 2, 2, 2, 2, 2, 2, 2, 2, 2, 2, 2, 2, 2, 2, 2, 4 ),
 ( 0.000000000000000000, 0.008057918489145384638, 0.01611583697829076928, 0.02014479622286345292, 0.02417375546743612963, 0.03223167395658149692, 0.04028959244572685727, 0.04834751093487221763, 0.05640542942401758492, 0.06043438866859027203, 0.06244886829087659824, 0.06446334791316292445, 0.08057918489145414476, 0.08863710338059986593, 0.09266606262517276815, 0.09669502186974569813, 0.1128108588480378344, 0.1289266958263299845 ),
 .UNSPECIFIED. ) ;
#3231 = CARTESIAN_POINT ( 'NONE',  ( -21.50000000000011013, 690.0707018266181194, 549.1420582939384758 ) ) ;
#3232 = ADVANCED_FACE ( 'NONE', ( #1498 ), #2615, .F. ) ;
#3233 = CARTESIAN_POINT ( 'NONE',  ( -91.49999999999997158, 673.1540808851635802, 480.6011531650774486 ) ) ;
#3234 = CIRCLE ( 'NONE', #2939, 140.0000000000000853 ) ;
#3235 = CIRCLE ( 'NONE', #1538, 159.9999999999998579 ) ;
#3236 = CARTESIAN_POINT ( 'NONE',  ( 73.49933620951057378, 718.0538171127027454, 512.9889389007474847 ) ) ;
#3237 = CARTESIAN_POINT ( 'NONE',  ( 91.49999999999570832, 699.9513639176342394, 545.2704531295996730 ) ) ;
#3238 = ORIENTED_EDGE ( 'NONE', *, *, #142, .T. ) ;
#3239 = CARTESIAN_POINT ( 'NONE',  ( 687.9397818046174962, 2349.841369849368675, 566.1922788179391546 ) ) ;
#3240 = EDGE_LOOP ( 'NONE', ( #2994, #2012, #2744, #1614 ) ) ;
#3241 = CARTESIAN_POINT ( 'NONE',  ( 91.49999999999997158, 355.7523446403034768, 349.8789949700158104 ) ) ;
#3242 = EDGE_CURVE ( 'NONE', #1729, #360, #1388, .T. ) ;
#3243 = DIRECTION ( 'NONE',  ( 0.000000000000000000, 0.9302303950847792269, 0.3669760374471549569 ) ) ;
#3244 = CARTESIAN_POINT ( 'NONE',  ( 730.9397822995431397, 1939.110919539584984, 370.1288572530529564 ) ) ;
#3245 = ORIENTED_EDGE ( 'NONE', *, *, #39, .F. ) ;
#3246 = CARTESIAN_POINT ( 'NONE',  ( 373.3822715682860007, 584.4180727370504655, 752.2915610365653265 ) ) ;
#3247 = CARTESIAN_POINT ( 'NONE',  ( -21.50000000000004619, 303.9962647212307161, 400.7505809087118678 ) ) ;
#3248 = CARTESIAN_POINT ( 'NONE',  ( 730.9397825505982382, 1962.505925004881419, 272.9039956214787708 ) ) ;
#3249 = LINE ( 'NONE', #673, #1930 ) ;
#3250 = CARTESIAN_POINT ( 'NONE',  ( -650.1439302776997238, 1043.403569848562711, 1909.079526869226129 ) ) ;
#3251 = CARTESIAN_POINT ( 'NONE',  ( -21.50000000000004619, 669.8304735840970352, 555.6316623115671973 ) ) ;
#3252 = CARTESIAN_POINT ( 'NONE',  ( 59.18002855995680278, 708.2782274596864909, 530.0574441248169251 ) ) ;
#3253 = CARTESIAN_POINT ( 'NONE',  ( 91.49999999999997158, 673.1095753019376389, 480.6192524599401850 ) ) ;
#3254 = VERTEX_POINT ( 'NONE', #1056 ) ;
#3255 = CARTESIAN_POINT ( 'NONE',  ( 517.9397796013836341, 2714.529555206906934, 1424.912793298507040 ) ) ;
#3256 = ORIENTED_EDGE ( 'NONE', *, *, #45, .T. ) ;
#3257 = CARTESIAN_POINT ( 'NONE',  ( 91.49999999999992895, 324.8858840047673766, 431.4452405664428056 ) ) ;
#3258 = CARTESIAN_POINT ( 'NONE',  ( 667.9397781773600400, 1178.786959489111496, 1962.886787930038736 ) ) ;
#3259 = ADVANCED_FACE ( 'NONE', ( #2723 ), #1918, .T. ) ;
#3260 = ORIENTED_EDGE ( 'NONE', *, *, #3424, .T. ) ;
#3261 = DIRECTION ( 'NONE',  ( 1.000000000000000000, 2.478974872911206864E-11, -2.576245215136136926E-09 ) ) ;
#3262 = EDGE_CURVE ( 'NONE', #3321, #863, #1138, .T. ) ;
#3263 = VERTEX_POINT ( 'NONE', #1097 ) ;
#3264 = DIRECTION ( 'NONE',  ( -2.576245215275660788E-09, -5.628313689823018994E-09, 1.000000000000000000 ) ) ;
#3265 = CARTESIAN_POINT ( 'NONE',  ( -91.50000000005100276, 359.8344486583800972, 469.8610066846839572 ) ) ;
#3266 = FACE_OUTER_BOUND ( 'NONE', #22, .T. ) ;
#3267 = EDGE_CURVE ( 'NONE', #1783, #61, #1035, .T. ) ;
#3268 = DIRECTION ( 'NONE',  ( -1.000000000000000000, 2.478974872911207188E-11, -2.576245215136136926E-09 ) ) ;
#3269 = CARTESIAN_POINT ( 'NONE',  ( -654.9008081583987178, 1064.955545395798254, 1932.064268521376334 ) ) ;
#3270 = CARTESIAN_POINT ( 'NONE',  ( -21.50000000000014921, 699.4435260578522957, 545.4769779406568659 ) ) ;
#3271 = CARTESIAN_POINT ( 'NONE',  ( -664.4849235620333729, 2160.554630303653084, 1422.308285560227887 ) ) ;
#3272 = CARTESIAN_POINT ( 'NONE',  ( -664.4846691822136791, 406.8778880200082426, 255.3804679157738349 ) ) ;
#3273 = CARTESIAN_POINT ( 'NONE',  ( 21.50000000000004619, 699.9513639176321931, 545.2704531295946708 ) ) ;
#3274 = VERTEX_POINT ( 'NONE', #2468 ) ;
#3275 = DIRECTION ( 'NONE',  ( 1.000000000000000000, 2.478017790963360707E-11, 0.000000000000000000 ) ) ;
#3276 = EDGE_LOOP ( 'NONE', ( #268, #419, #819, #1823, #3101, #645, #32, #2962, #1093 ) ) ;
#3277 = CARTESIAN_POINT ( 'NONE',  ( 21.50000000000004619, 293.5565411635527084, 381.9988043603958658 ) ) ;
#3278 = TOROIDAL_SURFACE ( 'NONE', #1228, 139.9999999999999716, 19.99999999999991473 ) ;
#3279 = CARTESIAN_POINT ( 'NONE',  ( -687.9397817564519073, 406.8778879864819942, 566.1922788179391546 ) ) ;
#3280 = CARTESIAN_POINT ( 'NONE',  ( -730.9397822995431397, 2564.291577162705835, 376.1445944702363704 ) ) ;
#3281 = CARTESIAN_POINT ( 'NONE',  ( 348.6895038889153398, 572.6497521671967661, 782.1898571017588893 ) ) ;
#3282 = CARTESIAN_POINT ( 'NONE',  ( -91.49999999999997158, 293.4645398681601591, 381.8205062635391869 ) ) ;
#3283 = CYLINDRICAL_SURFACE ( 'NONE', #2174, 150.0000000000000568 ) ;
#3284 = CARTESIAN_POINT ( 'NONE',  ( -668.3447215796787759, 2560.414093242403851, 288.4170999684522485 ) ) ;
#3285 = ORIENTED_EDGE ( 'NONE', *, *, #3330, .T. ) ;
#3286 = FACE_OUTER_BOUND ( 'NONE', #2077, .T. ) ;
#3287 = ADVANCED_FACE ( 'NONE', ( #2219 ), #1037, .T. ) ;
#3288 = CARTESIAN_POINT ( 'NONE',  ( -91.49999999999997158, 672.9950626034930110, 554.7216724151538756 ) ) ;
#3289 = CARTESIAN_POINT ( 'NONE',  ( -727.3504854563335584, 1949.353240858157505, 270.6472593006834586 ) ) ;
#3290 = CARTESIAN_POINT ( 'NONE',  ( -63.07831762723151314, 310.2006402870584338, 384.1855747061076727 ) ) ;
#3291 = AXIS2_PLACEMENT_3D ( 'NONE', #1811, #3481, #107 ) ;
#3292 = CARTESIAN_POINT ( 'NONE',  ( 91.49999999999997158, 639.6744483263058783, 491.1046717042734713 ) ) ;
#3293 = CIRCLE ( 'NONE', #780, 150.0000000000000568 ) ;
#3294 = CARTESIAN_POINT ( 'NONE',  ( -674.2103589859347039, 2570.840450721018897, 276.2029772986756484 ) ) ;
#3295 = CARTESIAN_POINT ( 'NONE',  ( 91.49999999996582289, 295.4699937208372376, 385.6531669689734940 ) ) ;
#3296 = CIRCLE ( 'NONE', #1723, 99.99999999999992895 ) ;
#3297 = CYLINDRICAL_SURFACE ( 'NONE', #2832, 150.0000000000000568 ) ;
#3298 = DIRECTION ( 'NONE',  ( -2.576245215136136926E-09, 6.386464318985810996E-20, 1.000000000000000000 ) ) ;
#3299 = ORIENTED_EDGE ( 'NONE', *, *, #1854, .F. ) ;
#3300 = CARTESIAN_POINT ( 'NONE',  ( -667.6198354132363875, 2585.366986637395257, 276.3427608685289556 ) ) ;
#3301 = CARTESIAN_POINT ( 'NONE',  ( -91.49999999999997158, 360.1889885774185132, 358.1042253053897184 ) ) ;
#3302 = DIRECTION ( 'NONE',  ( 2.478974872911206864E-11, -1.000000000000000000, 2.959845214933778542E-25 ) ) ;
#3303 = CARTESIAN_POINT ( 'NONE',  ( -687.5728129715250816, 2568.136064332604747, 268.8430366331800201 ) ) ;
#3304 = CARTESIAN_POINT ( 'NONE',  ( -665.3500764284402749, 1136.276002361011479, 1962.116899352572318 ) ) ;
#3305 = CARTESIAN_POINT ( 'NONE',  ( -91.49999999991463540, 697.8405239678223779, 546.1282568200161904 ) ) ;
#3306 = LINE ( 'NONE', #205, #1872 ) ;
#3307 = ADVANCED_FACE ( 'NONE', ( #3342 ), #2742, .T. ) ;
#3308 = CARTESIAN_POINT ( 'NONE',  ( -61.06161711175673901, 308.4168904052584139, 383.9330083511625844 ) ) ;
#3309 = CARTESIAN_POINT ( 'NONE',  ( 91.49999999999995737, 478.2950792594630798, 468.5181605187058267 ) ) ;
#3310 = CARTESIAN_POINT ( 'NONE',  ( -683.2205837015867473, 2565.793921567723373, 276.1544175625603543 ) ) ;
#3311 = CARTESIAN_POINT ( 'NONE',  ( 21.50000000000004619, 362.0614369874513727, 471.9664335453649073 ) ) ;
#3312 = CARTESIAN_POINT ( 'NONE',  ( 625.2083565839062658, 962.7138307790711451, 260.7289461083701667 ) ) ;
#3313 = ORIENTED_EDGE ( 'NONE', *, *, #2552, .T. ) ;
#3314 = DIRECTION ( 'NONE',  ( 2.478974872911206864E-11, 1.000000000000000000, -2.959845214933779001E-25 ) ) ;
#3315 = ORIENTED_EDGE ( 'NONE', *, *, #399, .F. ) ;
#3316 = CYLINDRICAL_SURFACE ( 'NONE', #659, 169.9999999999998863 ) ;
#3317 = CARTESIAN_POINT ( 'NONE',  ( -91.49999999999997158, 355.8408451340241641, 350.0502167537130731 ) ) ;
#3318 = CARTESIAN_POINT ( 'NONE',  ( -36.55466717204831895, 700.7551166666909239, 543.1930462142389615 ) ) ;
#3319 = CARTESIAN_POINT ( 'NONE',  ( -21.50000000000004619, 338.1130288968068385, 447.3911508453206807 ) ) ;
#3320 = B_SPLINE_CURVE_WITH_KNOTS ( 'NONE', 3,
 ( #1237, #2355, #968, #2072, #152, #1258, #985, #2088, #2668, #1275, #2724, #1335, #1612, #2449, #225, #494, #3453, #1217, #724, #2101, #705, #2608, #2051, #2122, #2682, #113 ),
 .UNSPECIFIED., .F., .F.,
 ( 4, 2, 2, 2, 2, 2, 2, 2, 2, 2, 2, 2, 4 ),
 ( 0.000000000000000000, 0.004181420749917417155, 0.006272131124875815651, 0.008362841499834213280, 0.01254426224975013771, 0.01463497262470756649, 0.01672568299966499528, 0.01881639337462242406, 0.02090710374957984938, 0.02508852449949454735, 0.02717923487445183389, 0.02926994524940912043, 0.03345136599932501537 ),
 .UNSPECIFIED. ) ;
#3321 = VERTEX_POINT ( 'NONE', #1589 ) ;
#3322 = DIRECTION ( 'NONE',  ( 9.223600827885309508E-10, -0.9302303950847772285, -0.3669760374471598419 ) ) ;
#3323 = CARTESIAN_POINT ( 'NONE',  ( -91.49999999999997158, 629.4340584406753578, 493.2995864046250176 ) ) ;
#3324 = CARTESIAN_POINT ( 'NONE',  ( -729.4453244301123505, 1953.722612584296712, 271.1998394195456399 ) ) ;
#3325 = DIRECTION ( 'NONE',  ( 1.000000000000000000, 2.478941535326792821E-11, -2.576245248302813367E-09 ) ) ;
#3326 = ORIENTED_EDGE ( 'NONE', *, *, #606, .F. ) ;
#3327 = CARTESIAN_POINT ( 'NONE',  ( 91.49999999999998579, 413.6131704437458438, 424.2760805470512651 ) ) ;
#3328 = DIRECTION ( 'NONE',  ( 1.000000000000000000, -0.000000000000000000, -0.000000000000000000 ) ) ;
#3329 = CARTESIAN_POINT ( 'NONE',  ( 91.50000000006816947, 457.4133787045753365, 536.0205997147496646 ) ) ;
#3330 = EDGE_CURVE ( 'NONE', #430, #1005, #3306, .T. ) ;
#3331 = VECTOR ( 'NONE', #115, 1000.000000000000000 ) ;
#3332 = ADVANCED_FACE ( 'NONE', ( #1878 ), #2427, .F. ) ;
#3333 = CARTESIAN_POINT ( 'NONE',  ( 21.50000000000004619, 381.3196895525502441, 488.9130693246816577 ) ) ;
#3334 = CARTESIAN_POINT ( 'NONE',  ( 687.9397817997892162, 2155.069829017076700, 566.1922788179391546 ) ) ;
#3335 = EDGE_LOOP ( 'NONE', ( #2046, #1558, #3000, #1297, #2091 ) ) ;
#3336 = CARTESIAN_POINT ( 'NONE',  ( -348.6891780513534513, 572.6496109823928009, 782.1902500885040581 ) ) ;
#3337 = CARTESIAN_POINT ( 'NONE',  ( -21.50000000000004619, 457.4133787047240958, 536.0205997147216976 ) ) ;
#3338 = FACE_OUTER_BOUND ( 'NONE', #368, .T. ) ;
#3339 = VECTOR ( 'NONE', #1083, 1000.000000000000000 ) ;
#3340 = VERTEX_POINT ( 'NONE', #3549 ) ;
#3341 = CARTESIAN_POINT ( 'NONE',  ( -624.5814930678892551, 961.0780988147084827, 260.7210764583977607 ) ) ;
#3342 = FACE_OUTER_BOUND ( 'NONE', #845, .T. ) ;
#3343 = CARTESIAN_POINT ( 'NONE',  ( -26.92157175991381024, 293.6547262554549320, 381.8427904184472368 ) ) ;
#3344 = VERTEX_POINT ( 'NONE', #548 ) ;
#3345 = CARTESIAN_POINT ( 'NONE',  ( 91.49999999999998579, 415.2103792364925425, 425.7097903982195817 ) ) ;
#3346 = EDGE_LOOP ( 'NONE', ( #2410, #2347, #1472, #2734 ) ) ;
#3347 = CARTESIAN_POINT ( 'NONE',  ( 21.50000000000004619, 424.9986763359708561, 519.2845392057106437 ) ) ;
#3348 = AXIS2_PLACEMENT_3D ( 'NONE', #2989, #2969, #2678 ) ;
#3349 = VECTOR ( 'NONE', #2932, 1000.000000000000000 ) ;
#3350 = CARTESIAN_POINT ( 'NONE',  ( 21.50000000000004974, 338.1394546728548107, 447.4213753988246367 ) ) ;
#3351 = ORIENTED_EDGE ( 'NONE', *, *, #2346, .F. ) ;
#3352 = CARTESIAN_POINT ( 'NONE',  ( 667.9397825571795693, 1931.183066675872396, 270.0479427136581307 ) ) ;
#3353 = CIRCLE ( 'NONE', #1308, 19.99999999999990763 ) ;
#3354 = EDGE_CURVE ( 'NONE', #385, #667, #138, .T. ) ;
#3355 = EDGE_LOOP ( 'NONE', ( #2789, #1663, #2471, #522 ) ) ;
#3356 = CARTESIAN_POINT ( 'NONE',  ( -221.4960213354296741, 544.4968685534845463, 933.6611040195201667 ) ) ;
#3357 = CARTESIAN_POINT ( 'NONE',  ( -91.50000000000001421, 368.8667448480014173, 478.1661797414552098 ) ) ;
#3358 = CARTESIAN_POINT ( 'NONE',  ( 729.1974300114814014, 1953.070014066882777, 271.1058473044451489 ) ) ;
#3359 = ORIENTED_EDGE ( 'NONE', *, *, #2951, .T. ) ;
#3360 = FACE_OUTER_BOUND ( 'NONE', #1033, .T. ) ;
#3361 = DIRECTION ( 'NONE',  ( -2.576245215136136512E-09, 0.000000000000000000, -1.000000000000000000 ) ) ;
#3362 = CARTESIAN_POINT ( 'NONE',  ( -71.23530686941769829, 319.0828767174397740, 385.4432365015597952 ) ) ;
#3363 = CARTESIAN_POINT ( 'NONE',  ( 667.6198354132363875, 2585.366986637395257, 276.3427608685289556 ) ) ;
#3364 = CARTESIAN_POINT ( 'NONE',  ( -667.9397781773599263, 1194.500099909721939, 1963.037986023700796 ) ) ;
#3365 = CARTESIAN_POINT ( 'NONE',  ( 91.49999999999995737, 664.4070746387279769, 483.9836318056374580 ) ) ;
#3366 = CARTESIAN_POINT ( 'NONE',  ( -667.7056185469334650, 2584.055761422368050, 276.3301402969722176 ) ) ;
#3367 = CARTESIAN_POINT ( 'NONE',  ( 91.49999999999997158, 413.5572612394520320, 424.2181229327021583 ) ) ;
#3368 = LINE ( 'NONE', #592, #42 ) ;
#3369 = ORIENTED_EDGE ( 'NONE', *, *, #2506, .T. ) ;
#3370 = CARTESIAN_POINT ( 'NONE',  ( -730.9397823626514992, 2036.295664788708109, 346.5677602738570613 ) ) ;
#3371 = ORIENTED_EDGE ( 'NONE', *, *, #2506, .F. ) ;
#3372 = CARTESIAN_POINT ( 'NONE',  ( -647.0393909138146000, 2638.436440464100997, 1698.932630320595990 ) ) ;
#3373 = EDGE_CURVE ( 'NONE', #908, #1484, #3409, .T. ) ;
#3374 = CARTESIAN_POINT ( 'NONE',  ( -91.49999999999997158, 500.1307847182108048, 478.1079403571343960 ) ) ;
#3375 = CARTESIAN_POINT ( 'NONE',  ( 712.3572973017262484, 1940.113574909562658, 270.1338513190224262 ) ) ;
#3376 = LINE ( 'NONE', #1782, #130 ) ;
#3377 = DIRECTION ( 'NONE',  ( -2.576245466956451755E-09, 0.000000000000000000, 1.000000000000000000 ) ) ;
#3378 = ORIENTED_EDGE ( 'NONE', *, *, #2414, .F. ) ;
#3379 =( BOUNDED_CURVE ( )  B_SPLINE_CURVE ( 3, ( #3566, #1898, #3017, #510 ),
 .UNSPECIFIED., .F., .F. ) 
 B_SPLINE_CURVE_WITH_KNOTS ( ( 4, 4 ),
 ( 1.570796326794898556, 1.935416298170013150 ),
 .UNSPECIFIED. ) 
 CURVE ( )  GEOMETRIC_REPRESENTATION_ITEM ( )  RATIONAL_B_SPLINE_CURVE ( ( 1.000000000000000000, 0.9889516749954531116, 0.9889516749954531116, 1.000000000000000000 ) ) 
 REPRESENTATION_ITEM ( '' )  );
#3380 = DIRECTION ( 'NONE',  ( 2.405587178857766572E-09, 0.3669760374471597864, -0.9302303950847773395 ) ) ;
#3381 = EDGE_CURVE ( 'NONE', #2967, #2581, #633, .T. ) ;
#3382 = CARTESIAN_POINT ( 'NONE',  ( -730.9397821392112746, 2480.073625160171559, 437.5689241713201341 ) ) ;
#3383 = DIRECTION ( 'NONE',  ( -1.000000000000000000, 2.478017790963360707E-11, 0.000000000000000000 ) ) ;
#3384 = CARTESIAN_POINT ( 'NONE',  ( 669.1807428290808275, 2578.399621853502595, 276.2757181143892922 ) ) ;
#3385 = CARTESIAN_POINT ( 'NONE',  ( 710.9397825571796830, 2565.253772436354666, 276.1492236245776439 ) ) ;
#3386 = CARTESIAN_POINT ( 'NONE',  ( -73.55575222526546497, 718.1045731197907571, 512.9003172213512016 ) ) ;
#3387 = CARTESIAN_POINT ( 'NONE',  ( 730.9397821392112746, 2480.073625160171559, 437.5689241713201341 ) ) ;
#3388 = CARTESIAN_POINT ( 'NONE',  ( 91.50000000010214762, 375.7697300447906059, 484.2131195328534545 ) ) ;
#3389 = CARTESIAN_POINT ( 'NONE',  ( -710.9397825571796830, 2565.253772436354666, 276.1492236245777008 ) ) ;
#3390 = VERTEX_POINT ( 'NONE', #1683 ) ;
#3391 = CARTESIAN_POINT ( 'NONE',  ( 710.9397823510117860, 2512.383938190922436, 355.6670226645132402 ) ) ;
#3392 = ORIENTED_EDGE ( 'NONE', *, *, #3465, .T. ) ;
#3393 = CARTESIAN_POINT ( 'NONE',  ( -272.0077757570879271, 549.6674735984445306, 873.8182154181805572 ) ) ;
#3394 = CARTESIAN_POINT ( 'NONE',  ( -91.49999999999997158, 416.3082036166293847, 426.6755663162757060 ) ) ;
#3395 = CARTESIAN_POINT ( 'NONE',  ( 91.49999999999997158, 385.5079291738315419, 394.8485536635260473 ) ) ;
#3396 = TOROIDAL_SURFACE ( 'NONE', #935, 179.9999999999997726, 19.99999999999991473 ) ;
#3397 = CARTESIAN_POINT ( 'NONE',  ( -528.7226831967408316, 748.6599961656696678, 459.5495305788986684 ) ) ;
#3398 = ORIENTED_EDGE ( 'NONE', *, *, #66, .T. ) ;
#3399 = AXIS2_PLACEMENT_3D ( 'NONE', #1814, #2933, #428 ) ;
#3400 = CARTESIAN_POINT ( 'NONE',  ( 0.000000000000000000, 0.000000000000000000, 0.000000000000000000 ) ) ;
#3401 = DIRECTION ( 'NONE',  ( 0.000000000000000000, 0.9302303950847772285, 0.3669760374471597308 ) ) ;
#3402 = CARTESIAN_POINT ( 'NONE',  ( -664.4846691822134517, 2565.253772470452077, 276.1492200811470070 ) ) ;
#3403 = CARTESIAN_POINT ( 'NONE',  ( 678.9270205689034583, 2567.422148650613508, 276.1700885214178243 ) ) ;
#3404 = EDGE_CURVE ( 'NONE', #1950, #3274, #1647, .T. ) ;
#3405 = CARTESIAN_POINT ( 'NONE',  ( -730.9397825505982382, 1962.505925004881419, 272.9039956214787708 ) ) ;
#3406 = CARTESIAN_POINT ( 'NONE',  ( 730.9397825505982382, 1962.505925004881419, 272.9039956214787708 ) ) ;
#3407 = CARTESIAN_POINT ( 'NONE',  ( 91.50000000006832579, 682.4279404502921125, 551.7817781982931820 ) ) ;
#3408 = EDGE_CURVE ( 'NONE', #20, #1424, #348, .T. ) ;
#3409 = B_SPLINE_CURVE_WITH_KNOTS ( 'NONE', 3,
 ( #224, #1334, #2165, #3607, #3588, #3324, #244, #1352, #1666, #3289, #783, #2782, #1900, #3019, #512, #1445, #582, #2282, #364, #1202, #2020, #3142, #2261, #1155, #910, #603, #69, #1171, #2545, #852 ),
 .UNSPECIFIED., .F., .F.,
 ( 4, 2, 2, 2, 2, 2, 2, 2, 2, 2, 2, 2, 2, 2, 4 ),
 ( 0.000000000000000000, 0.004186413328604067507, 0.008372826657208135015, 0.01046603332151022081, 0.01255923998581230661, 0.01674565331441722066, 0.01779225664656834682, 0.01883885997871946952, 0.02093206664302171491, 0.02302527330732396030, 0.02407187663947540218, 0.02511847997162684407, 0.02930489330023260466, 0.03139809996453548496, 0.03349130662883836873 ),
 .UNSPECIFIED. ) ;
#3410 = FACE_OUTER_BOUND ( 'NONE', #1195, .T. ) ;
#3411 = VERTEX_POINT ( 'NONE', #3382 ) ;
#3412 = CARTESIAN_POINT ( 'NONE',  ( -667.9397820952056009, 1986.722161030525285, 449.9030524496990893 ) ) ;
#3413 = AXIS2_PLACEMENT_3D ( 'NONE', #2750, #3298, #1027 ) ;
#3414 = AXIS2_PLACEMENT_3D ( 'NONE', #1169, #1404, #1969 ) ;
#3415 = DIRECTION ( 'NONE',  ( -2.400692337442628438E-09, -0.3539487426849161622, -0.9352648221502650738 ) ) ;
#3416 = CARTESIAN_POINT ( 'NONE',  ( -21.50000000000004619, 368.8667448479687323, 478.1661797414917601 ) ) ;
#3417 = CARTESIAN_POINT ( 'NONE',  ( 687.8173713178216531, 2564.327007415585740, 278.4984368759125459 ) ) ;
#3418 = AXIS2_PLACEMENT_3D ( 'NONE', #3280, #3046, #1453 ) ;
#3419 = CARTESIAN_POINT ( 'NONE',  ( -710.9397822635133934, 2155.069829016506901, 386.1922788771928481 ) ) ;
#3420 = EDGE_LOOP ( 'NONE', ( #2152, #3035, #1850, #221 ) ) ;
#3421 = CARTESIAN_POINT ( 'NONE',  ( 710.9397819076673386, 2349.841369848798422, 526.1922788771929618 ) ) ;
#3422 = CARTESIAN_POINT ( 'NONE',  ( -247.1610382285444416, 546.1368198220552586, 990.1183680250675252 ) ) ;
#3423 = CARTESIAN_POINT ( 'NONE',  ( 684.4612822103163126, 2565.530790520487699, 276.1518891346626674 ) ) ;
#3424 = EDGE_CURVE ( 'NONE', #1117, #3459, #317, .T. ) ;
#3425 = ADVANCED_FACE ( 'NONE', ( #2241 ), #1184, .T. ) ;
#3426 = CARTESIAN_POINT ( 'NONE',  ( 730.9397825758804856, 1958.778411255744004, 263.0545116052207391 ) ) ;
#3427 = CARTESIAN_POINT ( 'NONE',  ( 21.50000000000004619, 577.5027470481818455, 565.9089061467548163 ) ) ;
#3428 = PRODUCT_DEFINITION_CONTEXT ( 'detailed design', #2102, 'design' ) ;
#3429 = CARTESIAN_POINT ( 'NONE',  ( 21.50000000000004619, 513.4600767548690783, 556.1062852333525370 ) ) ;
#3430 = ORIENTED_EDGE ( 'NONE', *, *, #1901, .T. ) ;
#3431 = DIRECTION ( 'NONE',  ( 1.000000000000000000, 2.478017790963360707E-11, 0.000000000000000000 ) ) ;
#3432 = CARTESIAN_POINT ( 'NONE',  ( -667.9397832888886342, 1931.183066086397048, 270.0479392661140992 ) ) ;
#3433 = CARTESIAN_POINT ( 'NONE',  ( -91.50000000006832579, 564.7717027380550689, 564.9641594340271240 ) ) ;
#3434 = CARTESIAN_POINT ( 'NONE',  ( 667.9397781773598126, 390.5205683433586614, 1955.301774848701598 ) ) ;
#3435 = VERTEX_POINT ( 'NONE', #2865 ) ;
#3436 = CARTESIAN_POINT ( 'NONE',  ( 654.2557769394830984, 1061.810496546007926, 1929.360034814536675 ) ) ;
#3437 = DIRECTION ( 'NONE',  ( -1.000000000000000000, 2.478974597180477130E-11, -2.576245206666796348E-09 ) ) ;
#3438 = DIRECTION ( 'NONE',  ( -1.000000000000000000, 2.478975079363487823E-11, -2.576245206620398960E-09 ) ) ;
#3439 = CARTESIAN_POINT ( 'NONE',  ( -91.49999999999970157, 699.5597147852242870, 545.4297269244011659 ) ) ;
#3440 = LINE ( 'NONE', #653, #1877 ) ;
#3441 = CARTESIAN_POINT ( 'NONE',  ( 21.50000000000004619, 564.7717027380518857, 564.9641594340592974 ) ) ;
#3442 = DIRECTION ( 'NONE',  ( -1.000000000000000000, 2.478974597180477130E-11, -2.576245206666796348E-09 ) ) ;
#3443 = ORIENTED_EDGE ( 'NONE', *, *, #1709, .F. ) ;
#3444 = CARTESIAN_POINT ( 'NONE',  ( 91.49999999999575095, 293.1642296075347076, 381.2380472530629163 ) ) ;
#3445 = EDGE_CURVE ( 'NONE', #3048, #576, #2592, .T. ) ;
#3446 = EDGE_CURVE ( 'NONE', #1318, #1221, #2445, .T. ) ;
#3447 = CARTESIAN_POINT ( 'NONE',  ( 730.9397825571795693, 2565.253772435858991, 276.1492236761025652 ) ) ;
#3448 = LINE ( 'NONE', #3500, #1011 ) ;
#3449 = CARTESIAN_POINT ( 'NONE',  ( 212.6820028620311120, 544.3355287536248852, 944.0903902296448678 ) ) ;
#3450 = VECTOR ( 'NONE', #57, 1000.000000000000114 ) ;
#3451 = CARTESIAN_POINT ( 'NONE',  ( 32.34457601615306288, 294.4723586419244725, 381.9585613758232512 ) ) ;
#3452 = LINE ( 'NONE', #723, #660 ) ;
#3453 = CARTESIAN_POINT ( 'NONE',  ( -727.6633980061335478, 2555.412423069552005, 276.5376782175794688 ) ) ;
#3454 = CARTESIAN_POINT ( 'NONE',  ( -91.49999999999997158, 758.4623828167368629, 445.9084247692850340 ) ) ;
#3455 = AXIS2_PLACEMENT_3D ( 'NONE', #2740, #3322, #1874 ) ;
#3456 = LINE ( 'NONE', #1992, #248 ) ;
#3457 = CARTESIAN_POINT ( 'NONE',  ( 91.49999999999997158, 600.4751867398065315, 496.2681003338623213 ) ) ;
#3458 = AXIS2_PLACEMENT_3D ( 'NONE', #1462, #101, #912 ) ;
#3459 = VERTEX_POINT ( 'NONE', #979 ) ;
#3460 = CARTESIAN_POINT ( 'NONE',  ( 21.50000000000004619, 651.5200151503961479, 560.2938569985626600 ) ) ;
#3461 = ORIENTED_EDGE ( 'NONE', *, *, #983, .T. ) ;
#3462 = CARTESIAN_POINT ( 'NONE',  ( 21.50000000000004619, 293.4512908860734228, 381.7948095424869734 ) ) ;
#3463 = CARTESIAN_POINT ( 'NONE',  ( -730.9397819028390586, 2155.069829016011226, 526.1922789287176556 ) ) ;
#3464 = LINE ( 'NONE', #1231, #1812 ) ;
#3465 = EDGE_CURVE ( 'NONE', #209, #2896, #925, .T. ) ;
#3466 = VERTEX_POINT ( 'NONE', #449 ) ;
#3467 = VECTOR ( 'NONE', #3519, 1000.000000000000000 ) ;
#3468 = CARTESIAN_POINT ( 'NONE',  ( 656.8343367602793705, 1074.775933642889868, 1939.694216926418449 ) ) ;
#3469 = AXIS2_PLACEMENT_3D ( 'NONE', #2894, #108, #2381 ) ;
#3470 = CARTESIAN_POINT ( 'NONE',  ( -91.49999999999997158, 354.9573613284375142, 348.3372145934962987 ) ) ;
#3471 = CARTESIAN_POINT ( 'NONE',  ( -50.61815687282470577, 704.5582265577293128, 536.5526896376030663 ) ) ;
#3472 = AXIS2_PLACEMENT_3D ( 'NONE', #3516, #790, #2732 ) ;
#3473 = CARTESIAN_POINT ( 'NONE',  ( -21.50000000000004619, 513.4389852216551162, 556.1008353043650914 ) ) ;
#3474 = CARTESIAN_POINT ( 'NONE',  ( -91.49999999999997158, 673.1006741852913819, 480.6228723189129255 ) ) ;
#3475 = CARTESIAN_POINT ( 'NONE',  ( -667.9397781773598126, 390.5205683433586614, 1955.301774848701598 ) ) ;
#3476 = CARTESIAN_POINT ( 'NONE',  ( 91.49999999999997158, 610.1695995529406673, 495.7112442405489219 ) ) ;
#3477 = ORIENTED_EDGE ( 'NONE', *, *, #2155, .F. ) ;
#3478 = CARTESIAN_POINT ( 'NONE',  ( 21.50000000000004619, 699.4481171915190316, 545.4751108427341251 ) ) ;
#3479 = ORIENTED_EDGE ( 'NONE', *, *, #3242, .F. ) ;
#3480 = CARTESIAN_POINT ( 'NONE',  ( -91.49999999999994316, 668.4347791703619350, 482.5032699028741376 ) ) ;
#3481 = DIRECTION ( 'NONE',  ( 1.000000000000000000, 2.478974872911206864E-11, -2.576245215136136512E-09 ) ) ;
#3482 = FACE_OUTER_BOUND ( 'NONE', #236, .T. ) ;
#3483 = CARTESIAN_POINT ( 'NONE',  ( -687.9397822683416734, 2349.841369849368675, 386.1922788179392114 ) ) ;
#3484 = ORIENTED_EDGE ( 'NONE', *, *, #1854, .T. ) ;
#3485 = CARTESIAN_POINT ( 'NONE',  ( 256.3027209528008257, 547.2203431640931512, 1000.949361577165860 ) ) ;
#3486 = CARTESIAN_POINT ( 'NONE',  ( 87.14136967029550362, 351.3766938998542742, 390.0158123857950727 ) ) ;
#3487 = DIRECTION ( 'NONE',  ( 2.576244773067061778E-09, 2.220446049250314659E-15, -1.000000000000000000 ) ) ;
#3488 = CARTESIAN_POINT ( 'NONE',  ( -21.50000000000005329, 430.4575658291321929, 522.3593822503352158 ) ) ;
#3489 = B_SPLINE_SURFACE_WITH_KNOTS ( 'NONE', 3, 1, ( 
 ( #1444, #851 ),
 ( #632, #2504 ),
 ( #3109, #2524 ),
 ( #890, #2850 ) ),
 .UNSPECIFIED., .F., .F., .F.,
 ( 4, 4 ),
 ( 2, 2 ),
 ( 0.000000000000000000, 1.000000000000000000 ),
 ( 0.000000000000000000, 1.000000000000000000 ),
 .UNSPECIFIED. ) ;
#3490 = CARTESIAN_POINT ( 'NONE',  ( -91.49999999999997158, 694.6591787008369465, 471.8555738869029597 ) ) ;
#3491 = ADVANCED_FACE ( 'NONE', ( #2664 ), #1415, .T. ) ;
#3492 = CARTESIAN_POINT ( 'NONE',  ( 504.4113300127683033, 695.5470699845202489, 1333.610106513359824 ) ) ;
#3493 = CARTESIAN_POINT ( 'NONE',  ( 21.50000000000004619, 721.0292081342518031, 536.6986270819666061 ) ) ;
#3494 = VERTEX_POINT ( 'NONE', #2885 ) ;
#3495 = CARTESIAN_POINT ( 'NONE',  ( -730.9397825571795693, 2565.253772435858991, 276.1492236761025652 ) ) ;
#3496 = ORIENTED_EDGE ( 'NONE', *, *, #3533, .F. ) ;
#3497 = CARTESIAN_POINT ( 'NONE',  ( 21.50000000000004619, 359.8344486584215929, 469.8610066846412110 ) ) ;
#3498 = CARTESIAN_POINT ( 'NONE',  ( -666.2319484355612076, 1147.412288517905836, 1962.584888353433143 ) ) ;
#3499 = ORIENTED_EDGE ( 'NONE', *, *, #399, .T. ) ;
#3500 = CARTESIAN_POINT ( 'NONE',  ( 667.9397818046174962, 2349.841369849864805, 566.1922787664143470 ) ) ;
#3501 = DIRECTION ( 'NONE',  ( 1.000000000000000000, 2.478974872911206864E-11, -2.576245215136136926E-09 ) ) ;
#3502 = ORIENTED_EDGE ( 'NONE', *, *, #1473, .T. ) ;
#3503 = CARTESIAN_POINT ( 'NONE',  ( 661.2482456827050328, 1101.462802619057129, 1953.727429100748623 ) ) ;
#3504 = CARTESIAN_POINT ( 'NONE',  ( 53.47738419416876354, 302.8887907974202562, 383.1502685836809974 ) ) ;
#3505 = CARTESIAN_POINT ( 'NONE',  ( -74.99412886896865871, 719.4372955425278633, 510.5733394694049707 ) ) ;
#3506 = DIRECTION ( 'NONE',  ( 9.147571182618430596E-17, 0.9999537079413386431, 0.009621952731540723419 ) ) ;
#3507 = CARTESIAN_POINT ( 'NONE',  ( -21.50000000000004619, 699.7377371181373746, 545.3573297449430584 ) ) ;
#3508 = CIRCLE ( 'NONE', #1350, 179.9999999999999147 ) ;
#3509 = CARTESIAN_POINT ( 'NONE',  ( 74.93849191575735347, 719.3846027715043192, 510.6653428031590920 ) ) ;
#3510 = CARTESIAN_POINT ( 'NONE',  ( 21.50000000000004619, 699.6665281849685698, 545.3862886167275974 ) ) ;
#3511 = ADVANCED_FACE ( 'NONE', ( #946, #3214 ), #2052, .F. ) ;
#3512 = EDGE_LOOP ( 'NONE', ( #3351, #750, #1825, #2696, #1693, #1843 ) ) ;
#3513 = CARTESIAN_POINT ( 'NONE',  ( 664.9152211396029770, 2591.759489291255704, 1766.147121686581158 ) ) ;
#3514 = ORIENTED_EDGE ( 'NONE', *, *, #2513, .T. ) ;
#3515 = CARTESIAN_POINT ( 'NONE',  ( 91.49999999999997158, 355.9472035250590807, 350.2556015303077857 ) ) ;
#3516 = CARTESIAN_POINT ( 'NONE',  ( 91.49999999999997158, 293.4619564039324473, 381.8154955722138766 ) ) ;
#3517 = DIRECTION ( 'NONE',  ( -2.497879747545712920E-09, 0.2356109697919629986, 0.9718474524912285029 ) ) ;
#3518 = EDGE_LOOP ( 'NONE', ( #657, #1359, #3599, #1239 ) ) ;
#3519 = DIRECTION ( 'NONE',  ( -1.000000000000000000, 2.478975079363491054E-11, -2.576245206620398960E-09 ) ) ;
#3520 = CARTESIAN_POINT ( 'NONE',  ( -91.50000000000204636, 293.6250411309705441, 382.1313935454881516 ) ) ;
#3521 = CARTESIAN_POINT ( 'NONE',  ( -664.4846697113031269, 2194.127406981661352, 478.5061489010812465 ) ) ;
#3522 = AXIS2_PLACEMENT_3D ( 'NONE', #2309, #1501, #373 ) ;
#3523 = CARTESIAN_POINT ( 'NONE',  ( -21.50000000000003908, 602.3829324730825192, 566.2023938288803038 ) ) ;
#3524 = CARTESIAN_POINT ( 'NONE',  ( -661.2482456827050328, 1101.462802619057129, 1953.727429100748623 ) ) ;
#3525 = VECTOR ( 'NONE', #3225, 1000.000000000000114 ) ;
#3526 = VECTOR ( 'NONE', #353, 1000.000000000000000 ) ;
#3527 = CARTESIAN_POINT ( 'NONE',  ( -91.50000000006819789, 688.6399373795480869, 549.6327150244303539 ) ) ;
#3528 = CARTESIAN_POINT ( 'NONE',  ( 37.88658805011613850, 701.0125853913401670, 542.7434972430062317 ) ) ;
#3529 = CARTESIAN_POINT ( 'NONE',  ( 21.50000000000004619, 700.5210353829571659, 545.0387821553300682 ) ) ;
#3530 = AXIS2_PLACEMENT_3D ( 'NONE', #269, #575, #825 ) ;
#3531 = EDGE_LOOP ( 'NONE', ( #229, #2339, #1976, #1864 ) ) ;
#3532 = ADVANCED_FACE ( 'NONE', ( #1510 ), #1349, .T. ) ;
#3533 = EDGE_CURVE ( 'NONE', #1783, #3183, #3049, .T. ) ;
#3534 = CARTESIAN_POINT ( 'NONE',  ( 521.7218965412217813, 2714.418991227373226, 1432.154530990838111 ) ) ;
#3535 = ORIENTED_EDGE ( 'NONE', *, *, #363, .T. ) ;
#3536 = CARTESIAN_POINT ( 'NONE',  ( 91.49999999999997158, 360.1889885774185132, 358.1042253053897184 ) ) ;
#3537 = EDGE_CURVE ( 'NONE', #1164, #1578, #1650, .T. ) ;
#3538 = CARTESIAN_POINT ( 'NONE',  ( -667.3702521164520931, 1163.084143756149842, 1962.735689183164823 ) ) ;
#3539 = ORIENTED_EDGE ( 'NONE', *, *, #3537, .F. ) ;
#3540 = CARTESIAN_POINT ( 'NONE',  ( -608.9670184623917066, 923.9695078644945170, 264.8206470506059986 ) ) ;
#3541 = ORIENTED_EDGE ( 'NONE', *, *, #1204, .F. ) ;
#3542 = CARTESIAN_POINT ( 'NONE',  ( -667.9397824826110082, 2575.297024588602198, 305.1905245687882484 ) ) ;
#3543 = CARTESIAN_POINT ( 'NONE',  ( -91.49999999999997158, 392.7251358904015888, 403.5242896961775045 ) ) ;
#3544 = CARTESIAN_POINT ( 'NONE',  ( -37.99138992627699452, 701.0237200503227086, 542.7240557574532431 ) ) ;
#3545 = LINE ( 'NONE', #2140, #1285 ) ;
#3546 = ORIENTED_EDGE ( 'NONE', *, *, #1170, .T. ) ;
#3547 = CARTESIAN_POINT ( 'NONE',  ( -665.8248965488172644, 1141.808108938651458, 1962.530962706093078 ) ) ;
#3548 = CARTESIAN_POINT ( 'NONE',  ( -91.49999999999997158, 657.9776626239106463, 486.1238456847469251 ) ) ;
#3549 = CARTESIAN_POINT ( 'NONE',  ( -710.9397818561425311, 2349.841369848798422, 546.1922788771928481 ) ) ;
#3550 = PLANE ( 'NONE',  #2864 ) ;
#3551 = CARTESIAN_POINT ( 'NONE',  ( 21.50000000000004619, 699.4796047354142274, 545.4623056551560012 ) ) ;
#3552 = ORIENTED_EDGE ( 'NONE', *, *, #1970, .T. ) ;
#3553 = CARTESIAN_POINT ( 'NONE',  ( 730.9397825506367781, 2542.836904805452832, 278.4732218268513861 ) ) ;
#3554 = DIRECTION ( 'NONE',  ( -2.576245277713888408E-09, -1.130408897800158856E-14, 1.000000000000000000 ) ) ;
#3555 = VERTEX_POINT ( 'NONE', #760 ) ;
#3556 = CARTESIAN_POINT ( 'NONE',  ( 21.50000000000004619, 293.4709907878570334, 381.8330171571810183 ) ) ;
#3557 = FACE_OUTER_BOUND ( 'NONE', #2825, .T. ) ;
#3558 = ORIENTED_EDGE ( 'NONE', *, *, #3221, .T. ) ;
#3559 = LINE ( 'NONE', #2733, #2884 ) ;
#3560 = ADVANCED_FACE ( 'NONE', ( #3286 ), #941, .T. ) ;
#3561 = CARTESIAN_POINT ( 'NONE',  ( 252.2850809995430552, 546.8292568163652732, 897.2062187087244638 ) ) ;
#3562 = CARTESIAN_POINT ( 'NONE',  ( -91.50000000003392131, 299.2695326807194078, 392.5904629333505795 ) ) ;
#3563 = CARTESIAN_POINT ( 'NONE',  ( -42.20538792505566050, 701.9219124362696220, 541.1557819268278990 ) ) ;
#3564 = CARTESIAN_POINT ( 'NONE',  ( -730.9397822635133934, 2155.069829016011226, 386.1922789287177693 ) ) ;
#3565 = ORIENTED_EDGE ( 'NONE', *, *, #1204, .T. ) ;
#3566 = CARTESIAN_POINT ( 'NONE',  ( -667.9397825571795693, 1194.500109478298100, 262.9592859728577423 ) ) ;
#3567 = CARTESIAN_POINT ( 'NONE',  ( -91.50000000000025580, 699.4435260566770012, 545.4769779377677423 ) ) ;
#3568 = DIRECTION ( 'NONE',  ( -0.2218188733231436782, 0.4846068976598487121, -0.8461397887926959127 ) ) ;
#3569 = CARTESIAN_POINT ( 'NONE',  ( 21.50000000000004619, 699.4366961474166828, 545.4797552786297956 ) ) ;
#3570 = EDGE_LOOP ( 'NONE', ( #612, #3541, #2175, #1279 ) ) ;
#3571 = CARTESIAN_POINT ( 'NONE',  ( 518.2096556006307537, 2714.524400965957284, 1425.429540823026628 ) ) ;
#3572 = VECTOR ( 'NONE', #160, 1000.000000000000000 ) ;
#3573 = CARTESIAN_POINT ( 'NONE',  ( -678.9360647094808883, 2567.380499460916781, 276.1696842578189717 ) ) ;
#3574 = CARTESIAN_POINT ( 'NONE',  ( 91.49999999999997158, 366.4451080393613438, 368.6145236916688077 ) ) ;
#3575 = CARTESIAN_POINT ( 'NONE',  ( -667.9397825571794556, 406.8778879869777825, 255.3804713484259423 ) ) ;
#3576 = ORIENTED_EDGE ( 'NONE', *, *, #1703, .F. ) ;
#3577 = DIRECTION ( 'NONE',  ( 0.000000000000000000, 0.000000000000000000, -1.000000000000000000 ) ) ;
#3578 = ORIENTED_EDGE ( 'NONE', *, *, #3001, .F. ) ;
#3579 = AXIS2_PLACEMENT_3D ( 'NONE', #2596, #1753, #2317 ) ;
#3580 = ADVANCED_FACE ( 'NONE', ( #1094 ), #3586, .F. ) ;
#3581 = CARTESIAN_POINT ( 'NONE',  ( 228.1039604022106175, 544.7466712086975349, 925.8412882426151782 ) ) ;
#3582 = EDGE_CURVE ( 'NONE', #1798, #1390, #736, .T. ) ;
#3583 = CARTESIAN_POINT ( 'NONE',  ( -91.49999999999982947, 293.4709907878573176, 381.8330171571803930 ) ) ;
#3584 = CARTESIAN_POINT ( 'NONE',  ( 21.50000000000004619, 293.4619564039324473, 381.8154955722138766 ) ) ;
#3585 = FACE_OUTER_BOUND ( 'NONE', #1704, .T. ) ;
#3586 = PLANE ( 'NONE',  #3455 ) ;
#3587 = CARTESIAN_POINT ( 'NONE',  ( -91.49999999999997158, 670.7286663593343974, 481.5749329712150484 ) ) ;
#3588 = CARTESIAN_POINT ( 'NONE',  ( -730.1040350330956699, 1955.716182114185358, 271.5079982791834823 ) ) ;
#3589 = CARTESIAN_POINT ( 'NONE',  ( -42.61520241291148636, 297.4134585616716322, 382.3750003025132855 ) ) ;
#3590 = ORIENTED_EDGE ( 'NONE', *, *, #914, .T. ) ;
#3591 = AXIS2_PLACEMENT_3D ( 'NONE', #1519, #2893, #1197 ) ;
#3592 = CARTESIAN_POINT ( 'NONE',  ( 91.49999999999991473, 668.4347791703619350, 482.5032699028738534 ) ) ;
#3593 = AXIS2_PLACEMENT_3D ( 'NONE', #2799, #1702, #2816 ) ;
#3594 = ORIENTED_EDGE ( 'NONE', *, *, #1051, .F. ) ;
#3595 = CARTESIAN_POINT ( 'NONE',  ( 91.49999999999997158, 444.1319302028813354, 448.5131050385144249 ) ) ;
#3596 = CARTESIAN_POINT ( 'NONE',  ( -21.50000000000004619, 293.4619564039324473, 381.8154955722138766 ) ) ;
#3597 = ORIENTED_EDGE ( 'NONE', *, *, #1903, .T. ) ;
#3598 = CARTESIAN_POINT ( 'NONE',  ( -710.9397818513141374, 2155.069829016506901, 546.1922788771928481 ) ) ;
#3599 = ORIENTED_EDGE ( 'NONE', *, *, #1787, .F. ) ;
#3600 = CARTESIAN_POINT ( 'NONE',  ( 323.5404435917488968, 562.9754466503857202, 812.4049354901809465 ) ) ;
#3601 = CARTESIAN_POINT ( 'NONE',  ( -91.49999999999997158, 355.7081437245872166, 349.7933586421256678 ) ) ;
#3602 = CARTESIAN_POINT ( 'NONE',  ( -664.4846735620333220, 1147.412288517905836, 1962.584888353433143 ) ) ;
#3603 = DIRECTION ( 'NONE',  ( 1.000000000000000000, 2.478974872911206864E-11, -2.576245215136136512E-09 ) ) ;
#3604 = ORIENTED_EDGE ( 'NONE', *, *, #2902, .T. ) ;
#3605 = DIRECTION ( 'NONE',  ( 0.000000000000000000, -0.9302303950847772285, -0.3669760374471597308 ) ) ;
#3606 = CARTESIAN_POINT ( 'NONE',  ( -91.49999999973054798, 615.7471687655364576, 565.5593848718162917 ) ) ;
#3607 = CARTESIAN_POINT ( 'NONE',  ( -730.4201112741479847, 1957.059046330998854, 271.7430429712873661 ) ) ;
#3608 = CARTESIAN_POINT ( 'NONE',  ( -6541.793986135760861, 2309.624602652854264, 478.5061640424713687 ) ) ;
#3609 = VERTEX_POINT ( 'NONE', #1034 ) ;
#3610 = EDGE_CURVE ( 'NONE', #3088, #1376, #3379, .T. ) ;
#3611 = CARTESIAN_POINT ( 'NONE',  ( -667.9397795943606297, 2160.554630303653084, 1422.308285560227887 ) ) ;
#3612 = CARTESIAN_POINT ( 'NONE',  ( -681.6560898188220108, 2566.261448817919245, 276.1589162999490554 ) ) ;
#3613 = CARTESIAN_POINT ( 'NONE',  ( 91.49999999999997158, 420.9293518476632130, 430.7148541602120417 ) ) ;
ENDSEC;
END-ISO-10303-21;
