-1.439896001, 15.855177777542956
-1.452453568, 15.655303171773319
-1.465011134, 15.455428566003675
-1.477568701, 15.255553960234039
-1.490126268, 15.055679354464395
-1.502683835, 14.855804748694759
-1.515241402, 14.655930142925122
-1.527798969, 14.456055537155478
-1.540356535, 14.256180931385842
-1.552914102, 14.056306325616198
-1.565471669, 13.856431719846562
0.5525712736152002, 19.852879185716667
0.5400137067605613, 19.65300457994703
0.5274561399059223, 19.453129974177386
0.5148985730512834, 19.25325536840775
0.5023410061966445, 19.053380762638106
0.4897834393420055, 18.85350615686847
0.4772258724873666, 18.653631551098833
0.46466830563274186, 18.45375694532919
0.4521107387781029, 18.253882339559553
0.439553172, 18.05400773378991
0.42699560506882506, 17.854133128020273
0.4144380382141861, 17.65425852225063
0.4018804713595472, 17.454383916480992
0.38932290450490825, 17.25450931071135
0.3767653376502693, 17.054634704941712
0.3642077707956446, 16.85476009917207
0.35165020394100566, 16.654885493402432
0.3390926370863667, 16.455010887632795
0.3265350702317278, 16.25513628186315
0.31397750337708885, 16.055261676093515
0.3014199365224499, 15.855387070323872
0.28886237, 15.655512464554235
0.27630480281318626, 15.455637858784591
0.2637472359585473, 15.255763253014955
0.2511896691039084, 15.055888647245311
0.23863210224926945, 14.856014041475675
0.22607453539463052, 14.656139435706038
0.21351696853999158, 14.456264829936394
0.20095940168535265, 14.256390224166758
0.18840183483072792, 14.056515618397114
0.17584426797608899, 13.856641012627477
0.16328670112145005, 13.656766406857834
2.356675045064719, 20.852461507345772
2.344117478, 20.652586901576136
2.3315599113554413,20.4527123
2.3190023445008023, 20.252837690036856
2.3064447776461776, 20.05296308426722
2.2938872107915387, 19.853088478497575
2.2813296439368997, 19.65321387272794
2.268772077082261, 19.453339266958295
2.256214510227622, 19.25346466118866
2.243656943372983, 19.053590055419015
2.231099376518344, 18.85371544964938
2.218541809663705, 18.653840843879742
2.2059842428090803, 18.453966238110098
2.1934266759544414, 18.25409163234046
2.1808691090998025, 18.054217026570818
2.1683115422451635, 17.85434242080118
2.1557539753905246, 17.654467815031538
2.1431964085358857,17.45459321
2.1306388416812467, 17.254718603492258
2.118081274826622, 17.05484399772262
2.105523707971983, 16.854969391952977
2.092966141117344, 16.65509478618334
2.080408574262705, 16.455220180413704
2.0678510074080663, 16.25534557464406
2.0552934405534273, 16.055470968874424
2.0427358736987884, 15.85559636310478
2.0301783068441495, 15.655721757335144
2.0176207399895247,15.45584715
2.005063173134886, 15.255972545795863
1.9925056062802469, 15.05609794002622
1.979948039425608, 14.856223334256583
1.967390472570969, 14.656348728486947
1.954832906, 14.456474122717303
1.9422753388616911, 14.256599516947666
1.9297177720070664, 14.056724911178023
1.9171602051524275, 13.856850305408386
4.110548549095697, 21.052545405896325
4.097990982241058, 20.85267080012668
4.085433415386419, 20.652796194357045
4.072875849, 20.452921588587408
4.060318281677141, 20.253046982817764
4.047760714822502, 20.053172377048128
4.035203147967877, 19.853297771278484
4.022645581113238, 19.653423165508848
4.010088014258599, 19.453548559739204
3.9975304474039604, 19.253673953969567
3.9849728805493214, 19.053799348199924
3.9724153136946825, 18.853924742430287
3.9598577468400435, 18.65405013666065
3.947300179985419, 18.454175530891007
3.934742613, 18.25430092512137
3.922185046276141, 18.054426319351727
3.909627479421502, 17.85455171358209
3.897069912566863, 17.654677107812446
3.884512345712224, 17.45480250204281
3.871954778857585, 17.254927896273166
3.8593972120029463, 17.05505329050353
3.8468396451483216, 16.855178684733886
3.8342820782936826, 16.65530407896425
5.864422053126674, 21.25262930444687
5.851864486272035, 21.052754698677234
5.839306919417396, 20.85288009290759
5.826749352562757, 20.653005487137953
5.814191785708118, 20.453130881368317
5.801634218853479, 20.253256275598673
5.789076651998855, 20.053381669829037
5.776519085144216, 19.853507064059393
5.763961518289577, 19.653632458289756
5.751403951434938, 19.453757852520113
5.738846384580299, 19.253883246750476
5.726288818, 19.054008640980832
5.713731250871021, 18.854134035211196
7.580622856593735, 20.853089385688506
7.568065289739096, 20.65321477991887
7.555507722884457, 20.453340174149233
7.542950156029818, 20.25346556837959
7.530392589175179, 20.053590962609952
7.517835022320554, 19.85371635684031
7.505277455465915, 19.653841751070672
7.492719888611276, 19.45396714530103
7.480162321756637, 19.254092539531392
7.467604754901998, 19.05421793376175
7.455047188047359, 18.85434332799211
7.4424896211927205, 18.654468722222475
7.429932054338096, 18.45459411645283
7.417374487483457, 18.254719510683195
7.404816920628818, 18.05484490491355
7.392259353774179, 17.854970299143915
7.379701787, 17.65509569337427
7.367144220064901, 17.455221087604635
7.354586653210262, 17.25534648183499
9.296823660060781, 20.45354946693014
9.284266093206142, 20.253674861160498
9.271708526351503, 20.05380025539086
9.259150959496878, 19.853925649621218
9.246593393, 19.65405104385158
9.234035826, 19.454176438081937
9.221478258932962,19.25430183
9.208920692078323, 19.054427226542657
9.196363125223684, 18.85455262077302
9.183805558369045, 18.654678015003384
9.171247992, 18.45480340923374
9.158690424659781, 18.254928803464104
9.146132857805142, 18.05505419769446
9.133575290950503, 17.855179591924824
9.121017724095864, 17.65530498615518
9.108460157241225, 17.455430380385543
9.095902590386586,17.25555577
9.083345023531948, 17.055681168846263
9.070787456677323, 16.85580656307662
9.058229889822684, 16.655931957306983
9.045672322968045, 16.456057351537346
11.050697164091758, 20.653633365480687
11.03813959723712, 20.45375875971105
11.02558203038248, 20.253884153941407
11.013024463527856, 20.05400954817177
11.000466896673217, 19.854134942402126
10.987909329818578, 19.65426033663249
10.975351762963939, 19.454385730862846
10.9627942, 19.25451112509321
10.950236629254661, 19.054636519323566
10.937679062400022, 18.85476191355393
10.925121495545383, 18.654887307784293
10.912563928690759, 18.45501270201465
10.90000636183612, 18.255138096245012
10.88744879498148, 18.05526349047537
10.874891228126842, 17.855388884705732
10.862333661272203, 17.65551427893609
10.849776094417564, 17.455639673166452
10.837218527562925, 17.25576506739681
10.82466096, 17.055890461627172
10.812103393853661, 16.856015855857528
10.799545826999022, 16.65614125008789
10.786988260144383, 16.456266644318255
10.774430693289744, 16.25639203854861
12.879916069250555, 22.052964898649073
12.867358502395916, 21.853090292879436
12.854800935541277, 21.653215687109792
12.842243368686653, 21.453341081340156
12.829685801832014, 21.253466475570512
12.817128234977375, 21.053591869800876
12.804570668122736, 20.853717264031232
12.792013101268097, 20.653842658261595
12.779455534413458, 20.45396805249196
12.766897967558819, 20.254093446722315
12.75434040070418, 20.05421884095268
12.741782833849555, 19.854344235183035
12.729225266994916,19.65446963
12.716667700140277, 19.454595023643755
12.704110133285639, 19.25472041787412
12.69155257, 19.054845812104475
12.67899499957636, 18.854971206334838
12.666437432721722,18.6550966
12.653879865867097, 18.455221994795558
12.641322299012458, 18.25534738902592
12.62876473215782, 18.055472783256278
12.61620716530318, 17.85559817748664
12.603649598448541, 17.655723571716997
12.591092031593902, 17.45584896594736
12.578534464739263, 17.255974360177717
12.565976897884624, 17.05609975440808
12.55341933, 16.856225148638437
12.54086176417536,16.65635054
12.528304197320722, 16.456475937099164
14.646347140136172, 22.45292340296927
14.633789573281533, 22.253048797199632
14.621232006426894, 22.05317419142999
14.608674439572255, 21.853299585660352
14.596116872717616, 21.65342497989071
14.583559305862991, 21.453550374121072
14.571001739008352, 21.253675768351428
14.558444172153713, 21.05380116258179
14.545886605299074, 20.853926556812148
14.533329038444435, 20.65405195104251
14.520771471589796, 20.454177345272875
14.508213904735157, 20.25430273950323
14.495656337880533, 20.054428133733595
14.483098771025894, 19.85455352796395
14.470541204171255, 19.654678922194314
14.457983637316616, 19.45480431642467
14.445426070461977, 19.254929710655034
14.432868503607338, 19.05505510488539
14.42031094, 18.855180499115754
14.40775336989806, 18.655305893346117
14.395195803043435, 18.455431287576474
14.382638236188797, 18.255556681806837
16.37510551045787, 22.25325808998054
16.362547943603232, 22.053383484210897
16.349990376748593, 21.85350887844126
16.337432809893954, 21.653634272671617
16.32487524303933, 21.45375966690198
16.31231767618469, 21.253885061132337
16.29976010933005,21.05401046
16.287202542475413, 20.854135849593057
16.274644975620774, 20.65426124382342
16.262087408766135, 20.454386638053784
16.249529841911496, 20.25451203228414
16.236972275056857, 20.054637426514503
16.224414708202232, 19.85476282074486
16.211857141347593, 19.654888214975223
16.199299574492954, 19.45501360920558
16.186742007638315, 19.255139003435943
16.174184440783677,19.0552644
18.10386388077957, 22.053592776991806
18.09130631392493, 21.85371817122217
18.078748747070293, 21.653843565452526
18.066191180215668, 21.45396895968289
18.05363361336103, 21.254094353913246
18.04107604650639, 21.05421974814361
18.02851847965175, 20.854345142373965
18.015960912797112, 20.65447053660433
18.003403345942473, 20.454595930834692
17.990845779087834, 20.25472132506505
17.97828821223321, 20.054846719295412
17.96573064537857, 19.85497211352577
17.953173078523932, 19.655097507756132
17.940615511669293, 19.455222901986488
17.928057944814654, 19.25534829621685
17.915500377960015, 19.055473690447208
17.902942811105376, 18.85559908467757
17.890385244250737, 18.655724478907935
17.877827677396112, 18.45584987313829
17.865270110541474, 18.255975267368655
17.852712543686835, 18.05610066159901
17.840154976832196, 17.856226055829374
17.827597409977557, 17.65635145005973
19.82006468424663, 21.65405285823344
19.807507117392007, 21.454178252463805
19.794949550537368, 21.25430364669416
19.78239198368273, 21.054429040924525
19.76983441682809, 20.85455443515488
19.75727684997345, 20.654679829385245
19.744719283118812, 20.454805223615608
19.732161716264173, 20.254930617845964
19.719604149409534, 20.055056012076328
19.70704658255491, 19.855181406306684
19.69448901570027, 19.655306800537048
19.68193144884563, 19.455432194767404
19.669373881990992, 19.255557588997767
19.656816315136354, 19.055682983228124
19.644258748281715, 18.855808377458487
19.631701181427076, 18.65593377168885
19.61914361457245, 18.456059165919207
19.606586047717812, 18.25618456014957
19.594028480863173, 18.056309954379927
19.581470914008534, 17.85643534861029
19.568913347153895, 17.656560742840647
19.556355780299256, 17.45668613707101
19.543798213444617, 17.256811531301366
19.53124064658998, 17.05693692553173
19.518683079735354, 16.857062319762086
19.506125512880715, 16.65718771399245
19.493567946026076, 16.457313108222813
19.481010379171437, 16.25743850245317
19.468452812316798, 16.057563896683533
19.45589524546216, 15.85768929091389
19.44333767860752, 15.657814685144253
19.430780111752895, 15.457940079374609
19.418222544898256, 15.258065473604972
19.405664978043617, 15.058190867835329
19.39310741118898, 14.858316262065692
19.38054984433434, 14.658441656296056
19.36799228, 14.458567050526412
19.35543471062506, 14.258692444756775
19.342877143770437, 14.058817838987132
21.34790198489415, 18.25639385293048
21.33534441803951, 18.056519247160836
21.322786851184873,17.85664464
21.310229284330234, 17.656770035621555
21.297671717475595, 17.45689542985192
21.285114150620956, 17.257020824082275
21.27255658376633, 17.05714621831264
21.259999016911692, 16.857271612542995
21.247441450057053, 16.65739700677336
21.234883883202414, 16.45752240100372
21.222326316347775, 16.257647795234078
21.209768749493136, 16.05777318946444
21.197211182638497, 15.857898583694798
21.18465361578386, 15.658023977925161
21.172096048929234, 15.458149372155518
21.159538482074595, 15.258274766385881
21.146980915219956, 15.058400160616237
21.134423348365317,14.85852555
21.121865781510678, 14.658650949076964
21.10930821465604, 14.45877634330732
21.09675065, 14.258901737537684
21.084193080946775, 14.05902713176804
21.071635514092137, 13.859152525998404
21.059077947237498, 13.65927792022876
21.04652038038286, 13.459403314459124
21.03396281352822, 13.25952870868948
21.02140524667358, 13.059654102919843
21.008847679818942,12.8597795
23.013872520942655, 17.057355511093547
23.00131495408803, 16.857480905323904
22.98875738723339, 16.657606299554267
22.951084686669475, 16.05798248224535
22.938527119814836, 15.858107876475707
22.925969552960197, 15.65823327070607
22.913411986105572, 15.458358664936426
22.900854419250933, 15.25848405916679
22.888296852396294, 15.058609453397146
22.875739285541655, 14.85873484762751
22.850624151832378, 14.45898563608823
22.83806658497774, 14.259111030318593
22.825509018123114, 14.05923642454895
22.812951451268475, 13.859361818779313
22.800393884413836, 13.659487213009669
22.787836317559197, 13.459612607240032
22.775278750704558, 13.259738001470389
22.76272118384992, 13.059863395700752
22.75016361699528, 12.859988789931108
22.73760605014064, 12.660114184161472
22.725048483286017, 12.460239578391835
22.712490916431378, 12.260364972622192
22.69993334957674, 12.060490366852555
22.68737578, 11.860615761082911
22.67481821586746, 11.660741155313275
22.662260649012822, 11.460866549543631
22.649703082158183, 11.260991943773995
22.63714551530356, 11.061117338004351
22.62458794844892, 10.861242732234714
22.61203038159428, 10.661368126465078
22.59947281473964, 10.461493520695434
22.586915247885003, 10.261618914925798
22.574357681030364, 10.061744309156154
22.561800114175725, 9.861869703386517
22.549242547321086, 9.661995097616874
22.53668498046646, 9.462120491847237
22.524127413611822, 9.262245886077594
22.511569846757183, 9.062371280307957
22.499012279902544,8.862496675
22.486454713047905, 8.662622068768677
24.554267388444813, 13.859571111560221
24.541709821590175, 13.659696505790578
24.529152254735536, 13.459821900020941
24.516594687880897, 13.259947294251297
24.504037121026258, 13.060072688481661
24.49147955417162, 12.860198082712017
24.47892198731698, 12.66032347694238
24.466364420462355, 12.460448871172744
24.453806853607716,12.26057427
24.441249286753077, 12.060699659633464
24.42869171989844, 11.86082505386382
24.41613415, 11.660950448094184
24.40357658618916, 11.46107584232454
24.39101901933452, 11.261201236554903
24.378461452479897, 11.06132663078526
24.365903885625258, 10.861452025015623
24.35334631877062, 10.661577419245987
24.34078875191598, 10.461702813476343
24.32823118506134, 10.261828207706706
24.315673618206702, 10.061953601937063
24.303116051352063, 9.862078996167426
24.290558484497424, 9.662204390397783
24.27800092, 9.462329784628146
24.26544335078816, 9.262455178858502
24.25288578393352, 9.062580573088866
24.240328217078883,8.862705967
24.227770650224244, 8.662831361549586
24.215213083369605, 8.462956755779949
26.521619529004624, 17.457523308194652
26.483946828440722, 16.85789949088573
26.471389261586083, 16.65802488511609
26.458831694731444, 16.458150279346455
26.446274127876805, 16.25827567357681
26.433716561022166, 16.058401067807175
26.421158994167527, 15.858526462037531
26.408601427312888, 15.658651856267895
26.396043860458263, 15.458777250498251
26.383486293603625, 15.258902644728614
26.370928726748986, 15.05902803895897
26.358371159894347, 14.859153433189334
26.345813593039708, 14.659278827419698
26.33325602618507, 14.459404221650054
26.32069845933043, 14.259529615880417
26.308140892475805, 14.059655010110774
26.295583325621166, 13.859780404341137
26.283025758766527, 13.659905798571494
26.27046819191189, 13.460031192801857
26.25791062505725, 13.260156587032213
26.24535305820261, 13.060281981262577
26.23279549134797, 12.860407375492933
26.220237924493333, 12.660532769723297
26.207680357638708, 12.46065816395366
26.19512279078407, 12.260783558184016
26.18256522392943, 12.06090895241438
26.17000765707479, 11.861034346644736
26.157450090220152,11.66115974
26.144892523365513, 11.461285135105456
26.132334956510874, 11.26141052933582
26.11977738965625, 11.061535923566176
26.10721982280161, 10.861661317796539
26.09466225594697, 10.661786712026903
26.082104689092333, 10.461912106257259
26.069547122237694, 10.262037500487622
26.056989555383055, 10.062162894717979
26.044431988528416, 9.862288288948342
26.031874421673777, 9.662413683178698
26.019316854819152, 9.462539077409062
26.006759287964513, 9.262664471639418
25.994201721109874, 9.062789865869782
25.981644154255235, 8.862915260100145
25.969086587400596, 8.663040654330501
25.956529020545958, 8.463166048560865
28.5517595, 22.054848533677273
28.539201936982963, 21.854973927907636
28.526644370128324, 21.655099322137993
28.514086803273685, 21.455224716368356
28.501529236419046, 21.255350110598712
28.488971669564407, 21.055475504829076
28.476414102709768, 20.855600899059432
28.463856535855157, 20.655726293289796
28.45129896900052, 20.45585168752016
28.43874140214588, 20.255977081750515
28.42618383529124, 20.05610247598088
28.41362627, 19.856227870211235
28.401068701581963,19.65635326
28.388511134727324, 19.456478658671955
28.375953567872685, 19.25660405290232
28.363396001018046, 19.056729447132675
28.350838434163407, 18.856854841363038
28.338280867308768,18.65698024
28.32572330045413, 18.457105629823758
28.31316573359949, 18.25723102405412
28.30060816674485, 18.057356418284478
28.288050599890212, 17.85748181251484
28.275493033035602, 17.657607206745197
28.262935466180963, 17.45773260097556
28.250377899326324, 17.257857995205917
28.237820332471685, 17.05798338943628
28.225262765617046, 16.858108783666637
28.212705198762407,16.65823418
28.200147631907768, 16.458359572127364
28.18759006505313, 16.25848496635772
28.17503249819849, 16.058610360588084
28.16247493134385, 15.85873575481844
28.149917364489212, 15.658861149048803
28.137359797634574, 15.45898654327916
28.124802230779935, 15.259111937509523
28.112244663925296, 15.05923733173988
28.099687097070657, 14.859362725970243
28.087129530216046, 14.659488120200606
28.074571963361407, 14.459613514430963
28.06201439650677, 14.259738908661326
28.04945682965213, 14.059864302891683
28.03689926279749, 13.859989697122046
28.02434169594285, 13.660115091352402
28.011784129088213, 13.460240485582766
27.999226562233574, 13.260365879813122
27.986668995378935, 13.060491274043486
27.974111428524296, 12.860616668273842
27.961553861669657, 12.660742062504205
27.948996294815018, 12.460867456734569
27.93643872796038, 12.260992850964925
27.92388116110574, 12.061118245195289
27.91132359, 11.861243639425645
27.898766027396476, 11.661369033656008
27.886208460541837, 11.461494427886365
27.87365089, 11.261619822116728
27.861093326832574, 11.061745216347084
27.848535759977935, 10.861870610577448
27.835978193123296, 10.661996004807811
27.823420626268657, 10.462121399038168
27.810863059414018, 10.262246793268531
27.79830549255938, 10.062372187498887
27.78574792570474,9.862497582
27.77319036, 9.662622975959607
27.760632791995477,9.46274837
30.293075441013954, 22.05505782645818
30.280517874159315, 21.855183220688545
30.267960307304676,21.65530861
30.255402740450037, 21.455434009149265
30.24284517, 21.25555940337962
30.23028760674076, 21.055684797609985
30.21773003988612, 20.85581019184034
30.20517247303151, 20.655935586070704
30.19261490617687, 20.456060980301068
30.180057339322232, 20.256186374531424
30.167499772467593, 20.056311768761788
30.154942205612954, 19.856437162992144
30.142384638758315, 19.656562557222507
30.129827071903676, 19.456687951452864
30.117269505049038, 19.256813345683227
30.10471194, 19.056938739913583
30.09215437133976, 18.857064134143947
30.07959680448512, 18.65718952837431
30.067039237630482, 18.457314922604667
30.054481670775843, 18.25744031683503
30.041924103921204, 18.057565711065386
30.029366537066565, 17.85769110529575
30.016808970211954, 17.657816499526106
30.004251403357316, 17.45794189375647
29.991693836502677, 17.258067287986826
29.979136269648038, 17.05819268221719
29.9665787, 16.858318076447546
29.95402113593876, 16.65844347067791
29.94146356908412, 16.458568864908273
29.928906002229482, 16.25869425913863
29.916348435374843, 16.058819653368992
29.903790868520204, 15.858945047599349
29.891233301665565, 15.659070441829712
29.878675734810926, 15.459195836060069
29.866118167956287, 15.259321230290432
29.85356060110165, 15.059446624520788
29.84100303424701, 14.859572018751152
29.82844547, 14.659697412981515
29.81588790053776, 14.459822807211872
29.80333033368312, 14.259948201442235
29.790772766828482, 14.060073595672591
29.778215199973843, 13.860198989902955
29.765657633119204, 13.660324384133311
29.753100066264565, 13.460449778363675
29.740542499409926, 13.26057517259403
29.727984932555287, 13.060700566824394
29.71542736570065, 12.86082596105475
29.70286979884601, 12.660951355285114
29.69031223199137, 12.461076749515478
29.67775466513673, 12.261202143745834
29.665197098282093, 12.061327537976197
29.652639531427454, 11.861452932206554
29.640081964572843, 11.661578326436917
29.627524397718204, 11.461703720667273
29.614966830863565, 11.261829114897637
29.602409264008926, 11.061954509127993
29.589851697154288, 10.862079903358357
29.57729413029965, 10.66220529758872
32.02183381133564, 21.855392513469454
32.00927624, 21.65551790769981
31.99671867762636, 21.455643301930174
31.984161110771723, 21.25576869616053
31.971603543917084, 21.055894090390893
31.959045977062445, 20.85601948462125
31.946488410207834, 20.656144878851613
31.933930843353195, 20.456270273081977
31.921373276498556, 20.256395667312333
31.908815709643918, 20.056521061542696
31.89625814278928, 19.856646455773053
31.88370057593464, 19.656771850003416
31.87114301, 19.456897244233772
31.858585442225362, 19.257022638464136
31.846027875370723, 19.057148032694492
31.833470308516084, 18.857273426924856
31.820912741661445, 18.65739882115522
31.808355174806806, 18.457524215385575
31.795797607952167, 18.25764960961594
31.783240041097528, 18.057775003846295
31.77068247424289, 17.85790039807666
31.75812490738828, 17.658025792307015
31.74556734053364, 17.45815118653738
31.73300977, 17.258276580767735
31.720452206824362, 17.058401974998098
31.707894639969723, 16.858527369228455
31.695337073115084, 16.658652763458818
31.682779506260445, 16.45877815768918
31.670221939405806, 16.258903551919538
31.657664372551167,16.05902895
31.64510680569653, 15.859154340380258
31.63254923884189, 15.659279734610621
31.61999167198725, 15.459405128840977
31.60743410513261, 15.25953052307134
31.594876538277973, 15.059655917301697
31.582318971423334, 14.85978131153206
31.569761404568723, 14.659906705762424
31.557203837714084, 14.46003209999278
31.544646270859445, 14.260157494223144
31.532088704004806,14.06028289
31.519531137150167, 13.860408282683863
31.50697357029553, 13.66053367691422
31.49441600344089, 13.460659071144583
31.48185843658625, 13.26078446537494
31.46930086973161, 13.060909859605303
31.456743302876973, 12.86103525383566
31.444185736022334, 12.661160648066023
31.431628169167695, 12.461286042296386
31.419070602313056, 12.261411436526743
31.406513035458417, 12.061536830757106
31.393955468603806, 11.861662224987462
31.381397901749168, 11.661787619217826
31.36884033489453, 11.461913013448182
31.35628276803989, 11.262038407678546
31.34372520118525, 11.062163801908902
31.331167634330612, 10.862289196139265
31.318610067475973, 10.662414590369629
31.306052500621334, 10.462539984599985
31.293494933766695, 10.262665378830349
31.280937366912056, 10.062790773060705
31.268379800057417, 9.862916167291068
31.21814953263886, 9.063417744212508
33.65013164682027, 20.056730354323612
33.449210577146076, 16.85873666200937
33.43665301029144, 16.658862056239734
33.42409544, 16.458987450470097
33.41153787658216, 16.259112844700454
33.39898030972752, 16.059238238930817
33.38642274287288, 15.859363633161173
33.37386517601824, 15.659489027391537
33.36130761, 15.459614421621893
33.348750042308964, 15.259739815852257
33.336192475454325, 15.059865210082613
33.323634908599686, 14.859990604312976
33.311077341745076, 14.66011599854334
33.29851977489044, 14.460241392773696
33.28596221, 14.26036678700406
33.27340464118116, 14.060492181234416
33.26084707432652, 13.86061757546478
33.24828950747188, 13.660742969695136
33.23573194061724,13.46086836
33.22317437, 13.260993758155855
33.210616806907964, 13.061119152386219
33.198059240053325, 12.861244546616575
33.18550167319869, 12.661369940846939
33.17294410634405, 12.461495335077302
33.16038653948941, 12.261620729307658
33.14782897263477, 12.061746123538022
33.13527140578016, 11.861871517768378
33.12271383892552, 11.661996911998742
33.11015627207088, 11.462122306229098
33.09759870521624, 11.262247700459461
33.08504114, 11.062373094689818
33.072483571506964, 10.862498488920181
33.059926004652326, 10.662623883150545
33.04736843779769, 10.462749277380901
33.03481087094305, 10.262874671611264
33.02225330408841, 10.06300006584162
33.00969573723377, 9.863125460071984
32.99713817037913,9.663250854
32.98458060352449, 9.463376248532704
32.97202303666985,9.263501643
32.959465469815214, 9.063627036993424
32.946907902960575, 8.863752431223787
32.934350336105965, 8.663877825454144
35.22819921488632, 17.458569772099203
35.21564164803168, 17.25869516632956
35.20308408117704, 17.058820560559923
35.19052651, 16.85894595479028
35.17796894746776, 16.659071349020643
35.16541138061312, 16.459196743251006
35.15285381375848, 16.259322137481362
35.140296246903844, 16.059447531711726
35.127738680049205, 15.859572925942082
35.115181113194566, 15.659698320172446
35.10262354633993, 15.459823714402802
35.09006597948529, 15.259949108633165
35.07750841263065, 15.060074502863522
35.06495084577601, 14.860199897093885
35.05239328, 14.660325291324249
35.03983571206676, 14.460450685554605
35.02727814521212, 14.260576079784968
35.01472057835748, 14.060701474015325
35.002163011502844, 13.860826868245688
34.989605444648205, 13.660952262476044
34.97704787779357, 13.461077656706408
34.96449031093893, 13.261203050936764
34.95193274408429, 13.061328445167128
34.93937517722965, 12.861453839397484
34.92681761037501, 12.661579233627847
34.91426004352037, 12.46170462785821
34.90170247666573, 12.261830022088567
34.889144909811094, 12.06195541631893
34.876587342956455, 11.862080810549287
34.864029776101845, 11.66220620477965
34.851472209247206, 11.462331599010007
34.83891464239257, 11.26245699324037
34.82635707553793, 11.062582387470727
34.81379950868329, 10.86270778170109
34.80124194182865, 10.662833175931453
34.78868437497401, 10.46295857016181
34.77612680811937, 10.263083964392173
34.76356924126473, 10.06320935862253
34.751011674410094, 9.863334752852893
34.738454107555455,9.663460147
34.725896540700816, 9.463585541313613
34.71333897384618, 9.263710935543969
34.70078140699154, 9.063836329774333
34.68822384013693, 8.863961724004696
37.08253325375436, 19.25765051680687
37.069975686899724, 19.057775911037226
37.057418120045085, 18.85790130526759
37.044860553190446, 18.658026699497952
37.03230298633581, 18.45815209372831
37.01974541948117, 18.258277487958672
37.00718785262653, 18.05840288218903
36.99463028577189, 17.858528276419392
36.98207271891728, 17.65865367064975
36.96951515206264, 17.45877906488011
36.95695759, 17.258904459110468
36.94440001835336, 17.05902985334083
36.931842451498724, 16.859155247571188
36.919284884644085, 16.65928064180155
36.906727317789446, 16.459406036031915
36.89416975093481, 16.25953143026227
36.88161218408017, 16.059656824492635
36.86905461722553, 15.85978221872299
36.85649705037089, 15.659907612953354
36.84393948351625, 15.46003300718371
36.83138191666161, 15.260158401414074
36.818824349806974, 15.06028379564443
36.806266782952335, 14.860409189874794
36.793709216097724, 14.660534584105157
36.781151649243085, 14.460659978335514
36.76859408238845, 14.260785372565877
36.75603651553381, 14.060910766796233
36.74347894867917, 13.861036161026597
36.73092138182453, 13.661161555256953
36.71836381496989, 13.461286949487317
36.70580624811525, 13.261412343717673
36.69324868126061, 13.061537737948036
36.680691114405974, 12.861663132178393
36.668133547551335, 12.661788526408756
36.655575980696696, 12.46191392063912
36.64301841384206, 12.262039314869476
36.63046084698742, 12.06216470909984
36.61790328013281, 11.862290103330196
36.60534571327817, 11.66241549756056
36.59278814642353, 11.462540891790916
36.58023057956889, 11.262666286021279
36.56767301271425, 11.062791680251635
36.55511544585961, 10.862917074481999
36.542557879004974, 10.663042468712362
36.530000312150335, 10.463167862942719
36.517442745295696, 10.263293257173082
36.50488517844106, 10.063418651403438
36.49232761158642, 9.863544045633802
36.47977004473178, 9.663669439864158
36.46721247787714, 9.463794834094521
36.45465491, 9.263920228324878
36.44209734416786, 9.064045622555241
38.836406757785355, 19.457734415357415
38.823849190930716, 19.257859809587778
38.81129162407608, 19.057985203818134
38.79873405722144, 18.858110598048498
38.78617649, 18.65823599227886
38.77361892351216, 18.458361386509218
38.76106135665752, 18.25848678073958
38.74850378980288, 18.058612174969937
38.73594622294824,17.85873757
38.72338865609363, 17.658862963430657
38.710831089238994, 17.45898835766102
38.698273522384355, 17.259113751891377
38.685715955529716, 17.05923914612174
38.67315838867508, 16.859364540352097
38.66060082182044, 16.65948993458246
38.64804325, 16.459615328812824
38.63548568811116, 16.25974072304318
38.62292812125652, 16.059866117273543
38.61037055440188,15.85999151
38.59781298754724, 15.660116905734263
38.585255420692604, 15.46024229996462
38.572697853837965, 15.260367694194983
38.56014028698333, 15.06049308842534
38.54758272012869, 14.860618482655703
38.53502515327408, 14.660743876886066
38.52246758641944, 14.460869271116422
38.50991002, 14.260994665346786
38.49735245271016, 14.061120059577142
38.48479488585552, 13.861245453807506
38.47223731900088, 13.661370848037862
38.45967975214624, 13.461496242268225
38.447122185291605, 13.261621636498582
38.434564618436966, 13.061747030728945
38.42200705158233, 12.861872424959301
38.40944948472769, 12.661997819189665
38.39689191787305, 12.462123213420028
38.38433435101841, 12.262248607650385
38.37177678416377, 12.062374001880748
38.35921921730916, 11.862499396111104
40.59028026181632, 19.657818313907974
40.57772269496168, 19.45794370813833
40.56516512810704, 19.258069102368694
40.55260756, 19.05819449659905
40.54004999439776, 18.858319890829414
40.52749242754312, 18.658445285059777
40.514934860688484, 18.458570679290133
40.502377293833845, 18.258696073520497
40.489819726979206, 18.058821467750853
40.47726216012457, 17.858946861981217
40.46470459326996, 17.659072256211573
40.45214702641532, 17.459197650441936
40.43958945956068, 17.259323044672293
40.42703189270604, 17.059448438902656
40.41447433, 16.859573833133012
40.40191675899676, 16.659699227363376
40.38935919214212, 16.45982462159374
40.376801625287484, 16.259950015824096
40.364244058432845, 16.06007541005446
40.35168649157821, 15.860200804284815
40.33912892472357, 15.660326198515179
40.32657135786893, 15.460451592745535
40.31401379101429, 15.260576986975899
40.30145622415965, 15.060702381206255
40.28889865730501, 14.860827775436618
40.27634109, 14.660953169666982
40.26378352359576, 14.461078563897338
40.25122595674112, 14.261203958127702
40.238668389886485, 14.061329352358058
40.226110823031846, 13.861454746588421
40.21355325617721, 13.661580140818778
40.20099568932257, 13.461705535049141
40.18843812246793, 13.261830929279498
40.17588055561329, 13.061956323509861
40.16332298875865, 12.862081717740217
42.419499166975115, 21.05714984707636
42.406941600120476, 20.857275241306716
42.394384033265865, 20.65740063553708
42.381826466411226, 20.457526029767443
42.36926889955659,20.25765142
42.35671133270195, 20.057776818228163
42.34415376584731, 19.85790221245852
42.33159619899267, 19.658027606688883
42.31903863213803, 19.45815300091924
42.30648106528339, 19.258278395149603
42.293923498428754, 19.05840378937996
42.281365931574115, 18.858529183610322
42.268808364719476, 18.658654577840686
42.25625079786484, 18.458779972071042
42.24369323, 18.258905366301406
42.23113566415556, 18.059030760531762
42.21857809730092, 17.859156154762125
42.20602053044631, 17.65928154899248
42.19346296359167, 17.459406943222845
42.18090539673703,17.25953234
42.16834782988239, 17.059657731683565
42.155790263027754, 16.85978312591392
42.143232696173115, 16.659908520144285
42.130675129318476, 16.460033914374648
42.11811756246384, 16.260159308605004
42.10556, 16.060284702835368
42.09300242875456, 15.860410097065724
42.08044486189992, 15.660535491296088
42.06788729504528, 15.460660885526444
42.05532972819064, 15.260786279756807
42.04277216, 15.060911673987164
42.030214594481365, 14.861037068217527
42.017657027626754, 14.66116246244789
42.005099460772115, 14.461287856678247
41.992541893917476, 14.26141325090861
41.97998432706284, 14.061538645138967
41.96742676, 13.86166403936933
41.95486919335356, 13.661789433599687
41.94231162649892, 13.46191482783005
41.92975405964428, 13.262040222060406
41.91719649278964, 13.06216561629077
41.904638925935004, 12.862291010521126
41.892081359080365, 12.66241640475149
41.879523792225726, 12.462541798981853
41.82929352, 11.663043375903293
41.81673595795256, 11.463168770133649
44.17337267100608, 21.257233745626905
44.16081510415144, 21.05735913985727
44.14825754, 20.857484534087625
44.13569997044219, 20.65760992831799
44.12314240358755, 20.457735322548352
44.11058483673291, 20.25786071677871
44.09802726987827, 20.057986111009072
44.085469703023634, 19.858111505239428
44.072912136168995, 19.65823689946979
44.060354569314356, 19.458362293700148
44.04779700245972, 19.25848768793051
44.03523943560508, 19.058613082160868
44.02268186875044, 18.85873847639123
44.0101243, 18.658863870621595
43.99756673504116, 18.45898926485195
43.98500916818652, 18.259114659082314
43.97245160133188, 18.05924005331267
43.959894034477244, 17.859365447543034
43.947336467622634, 17.65949084177339
43.934778900767995, 17.459616236003754
43.922221333913356, 17.25974163023411
43.90966376705872, 17.059867024464474
43.89710620020408, 16.85999241869483
43.88454863334944, 16.660117812925193
43.87199107, 16.460243207155557
43.85943349964016, 16.260368601385913
43.84687593278552, 16.060493995616277
43.83431836593088, 15.860619389846633
43.821760799076245, 15.660744784076996
43.809203232221606, 15.460870178307353
43.79664566536697, 15.260995572537716
43.78408809851233, 15.061120966768073
43.77153053165769, 14.861246360998436
43.75897296480308,14.66137176
43.74641539794844, 14.461497149459156
43.73385783, 14.26162254368952
43.72130026423916, 14.061747937919876
43.70874269738452, 13.861873332150239
43.696185130529884, 13.661998726380595
43.683627563675245, 13.462124120610959
43.671069996820606, 13.262249514841315
43.65851242996597, 13.062374909071679
43.64595486311133, 12.862500303302035
43.63339729625669, 12.662625697532398
43.62083972940205, 12.462751091762762
43.60828216254741, 12.262876485993118
43.59572459569277, 12.063001880223482
43.58316702883816, 11.863127274453838
43.57060946198352, 11.663252668684201
43.558051895128884, 11.463378062914558
43.545494328274245, 11.263503457144921
43.532936761419606, 11.063628851375277
43.52037919456497, 10.86375424560564
43.50782162771033, 10.663879639836004
43.49526406085569, 10.46400503406636
45.90213104132779, 21.057568432638178
45.88957347447315, 20.857693826868534
45.87701590761854, 20.657819221098897
45.86445834, 20.45794461532926
45.851900773909264, 20.258070009559617
45.839343207054625, 20.05819540378998
45.82678564019999, 19.858320798020337
45.81422807334535,19.65844619
45.80167050649071, 19.458571586481057
45.78911293963607, 19.25869698071142
45.77655537278143, 19.058822374941776
45.76399780592679, 18.85894776917214
45.75144023907215, 18.659073163402503
45.738882672217514, 18.45919855763286
45.726325105362875, 18.259323951863223
45.713767538508236, 18.05944934609358
45.70120997, 17.859574740323943
45.68865240479899,17.65970013
45.67609483794435, 17.459825528784663
45.66353727108971, 17.25995092301502
45.65097970423507, 17.060076317245382
45.63842213738043, 16.86020171147574
45.62586457052579, 16.660327105706102
45.61330700367115, 16.460452499936466
45.600749436816514, 16.260577894166822
45.588191869961875, 16.060703288397185
45.575634303107236, 15.860828682627542
45.56307674, 15.660954076857905
45.55051916939796, 15.461079471088262
45.53796160254332, 15.261204865318625
45.52540403568868, 15.061330259548981
45.51284646883404, 14.861455653779345
45.50028890197943, 14.661581048009708
45.48773133512479, 14.461706442240065
45.47517376827015, 14.261831836470428
45.462616201415514, 14.061957230700784
45.450058634560875, 13.862082624931148
45.437501067706236, 13.662208019161504
45.4249435, 13.462333413391868
45.41238593399696, 13.262458807622224
45.39982836714232, 13.062584201852587
45.38727080028768, 12.862709596082944
45.37471323343304, 12.662834990313307
45.36215567, 12.46296038454367
45.349598099723764, 12.263085778774027
45.337040532869125, 12.06321117300439
45.324482966014514, 11.863336567234747
45.311925399159875, 11.66346196146511
45.29936783230524, 11.463587355695466
45.28681027, 11.26371274992583
45.27425269859596, 11.063838144156186
45.26169513174132, 10.86396353838655
45.24913756488668, 10.664088932616913
45.23657999803204, 10.46421432684727
45.22402243, 10.264339721077633
45.211464864322764, 10.06446511530799
45.198907297468125, 9.864590509538353
45.186349730613486, 9.664715903768709
45.17379216375885, 9.464841297999072
45.16123459690421, 9.264966692229429
45.14867703004957, 9.065092086459792
45.13611946319493, 8.865217480690156
45.12356189634032, 8.665342874920512
45.11100432948568, 8.465468269150875
45.09844676263104, 8.265593663381232
45.0858892, 8.065719057611595
45.073331628921764, 7.8658444518419515
47.229047272301116, 14.46191573502098
47.21648970544648, 14.262041129251344
47.20393213859184,14.06216652
47.19137457, 13.862291917712064
47.17881700488256, 13.66241731194242
47.16625943802792, 13.462542706172783
47.15370187117328, 13.26266810040314
47.141144304318644, 13.062793494633503
47.128586737464005, 12.86291888886386
47.116029170609366, 12.663044283094223
47.10347160375473, 12.463169677324586
47.09091403690009, 12.263295071554943
47.07835647004545, 12.063420465785306
47.06579890319081, 11.863545860015662
47.05324134, 11.663671254246026
47.04068376948156, 11.463796648476382
47.02812620262692, 11.263922042706746
47.01556863577228, 11.064047436937102
47.003011068917644, 10.864172831167465
46.990453502063005, 10.664298225397829
46.977895935208366, 10.464423619628185
46.96533836835373, 10.264549013858549
46.95278080149909, 10.064674408088905
46.94022323464445, 9.864799802319268
46.92766566778981, 9.664925196549625
46.91510810093517, 9.465050590779988
46.90255053408053, 9.265175985010345
46.88999296722589, 9.065301379240708
46.87743540037128, 8.865426773471071
46.864877833516644, 8.665552167701428
46.852320266662005, 8.465677561931791
46.839762699807366, 8.265802956162148
46.82720513295273, 8.065928350392511
46.81464756609809, 7.866053744622867
46.80208999924345, 7.666179138853231
48.98292077633211, 14.661999633571533
48.97036320947747, 14.46212502780189
48.95780564262283, 14.262250422032253
48.94524807576819, 14.062375816262609
48.93269050891355, 13.862501210492972
48.92013294205891, 13.662626604723329
48.907575375204274, 13.462751998953692
48.895017808349635, 13.262877393184048
48.88246024, 13.063002787414412
48.86990267464036, 12.863128181644768
48.85734510778572, 12.663253575875132
48.84478754093108, 12.463378970105495
48.83222997407644, 12.263504364335851
48.81967241, 12.063629758566215
48.80711484036716, 11.863755152796571
48.79455727351255, 11.663880547026935
48.78199970665791, 11.464005941257291
48.769442139803274, 11.264131335487654
48.756884572948636, 11.06425672971801
48.74432701, 10.864382123948374
48.73176943923936, 10.664507518178738
48.71921187238472, 10.464632912409094
48.70665430553008, 10.264758306639457
48.69409673867544, 10.064883700869814
48.68153917, 9.865009095100177
48.66898160496616, 9.665134489330534
48.656424038111524, 9.465259883560897
48.643866471256885, 9.265385277791253
48.631308904402246, 9.065510672021617
48.618751337547636,8.865636066
48.60619377, 8.665761460482337
48.59363620383836,8.465886855
48.58107863698372, 8.266012248943056
48.56852107012908,8.066137643
48.55596350327444, 7.866263037403776
50.86236994890943, 16.860829589818472
50.84981238205479, 16.660954984048836
50.837254815200154,16.46108038
50.824697248345515, 16.261205772509555
50.812139681490876, 16.06133116673992
50.79958211463624, 15.861456560970275
50.78702455, 15.661581955200639
50.77446698092696, 15.461707349430995
50.76190941407232, 15.261832743661358
50.74935184721768, 15.061958137891715
50.73679428036304, 14.862083532122078
50.72423671350843, 14.662208926352442
50.71167914665379, 14.462334320582798
50.699121579799154, 14.262459714813161
50.686564012944515, 14.062585109043518
50.67400644608988, 13.862710503273881
50.66144887923524, 13.662835897504237
50.64889131,13.46296129
50.63633374552596, 13.263086685964957
50.62377617867132, 13.06321208019532
50.61121861181668, 12.863337474425677
50.59866104496204, 12.66346286865604
50.586103478107404, 12.463588262886404
50.573545911252765, 12.26371365711676
50.560988344398126, 12.063839051347124
50.548430777543516, 11.86396444557748
50.53587321068888, 11.664089839807843
50.52331564383424,11.46421523
50.51075808, 11.264340628268563
50.49820051012496, 11.06446602249892
50.48564294327032, 10.864591416729283
50.47308537641568, 10.664716810959646
50.46052780956104, 10.464842205190003
50.447970242706404, 10.264967599420366
50.435412675851765, 10.065092993650723
50.422855108997126, 9.865218387881086
50.41029754214249, 9.665343782111442
50.39773997528785, 9.465469176341806
50.38518240843321, 9.265594570572162
50.37262484157857, 9.065719964802526
50.36006727472393, 8.865845359032889
50.34750970786932, 8.665970753263245
50.33495214101468, 8.466096147493609
50.32239457416004, 8.266221541723965
52.71670398777751, 18.659910334526153
52.70414642092287, 18.46003572875651
52.69158885406823, 18.260161122986872
52.67903128721359, 18.06028651721723
52.66647372035895, 17.860411911447592
52.65391615350434, 17.66053730567795
52.64135859, 17.460662699908312
52.62880101979506, 17.260788094138668
52.616243452940424, 17.06091348836903
52.603685886085785, 16.861038882599388
52.591128319231146, 16.66116427682975
52.57857075237651, 16.461289671060115
52.56601318552187, 16.26141506529047
52.55345561866723, 16.061540459520835
52.54089805181259, 15.861665853751191
52.52834048495795, 15.661791247981554
52.51578291810331, 15.46191664221191
52.50322535124867, 15.262042036442274
52.490667784394034, 15.06216743067263
52.478110217539395, 14.862292824902994
52.465552650684785, 14.662418219133357
52.452995083830146, 14.462543613363714
52.44043751697551, 14.262669007594077
52.36509211584767, 13.063421372976237
54.74684396, 23.257235560008773
54.73428639575586, 23.05736095423913
54.72172882890122, 22.857486348469493
54.70917126204658, 22.65761174269985
54.69661369519194, 22.457737136930213
54.68405613, 22.257862531160576
54.671498561482665, 22.057987925390933
54.658940994628026, 21.858113319621296
54.64638342777339, 21.658238713851652
54.63382586091875, 21.458364108082016
54.62126829406411, 21.258489502312372
54.60871072720947, 21.058614896542736
54.59615316035483, 20.858740290773092
54.58359559350022, 20.658865685003455
54.57103802664558, 20.45899107923382
54.55848045979094, 20.259116473464175
54.545922892936304, 20.05924186769454
54.533365326081665, 19.859367261924895
54.520807759227026, 19.65949265615526
54.50825019237239, 19.459618050385615
54.49569262551775, 19.259743444615978
54.48313505866311, 19.059868838846334
54.47057749180847, 18.859994233076698
54.45801992495383, 18.66011962730706
54.44546235809919, 18.460245021537418
54.43290479124455, 18.26037041576778
54.420347224389914, 18.060495809998137
54.407789657535275,17.8606212
54.395232090680665, 17.660746598458857
54.382674523826026, 17.46087199268922
54.37011695697139, 17.260997386919577
54.35755939011675, 17.06112278114994
54.34500182326211, 16.861248175380297
54.33244425640747, 16.66137356961066
54.31988668955283, 16.461498963841024
54.30732912269819, 16.26162435807138
54.29477155584355, 16.061749752301743
54.282213988988914,15.86187515
54.269656422134275, 15.662000540762463
54.25709885527964, 15.46212593499282
54.24454129, 15.262251329223183
54.23198372157036, 15.06237672345354
54.21942615471572, 14.862502117683903
56.51327503349613, 23.657194064328962
56.50071746664149, 23.45731945855932
56.48815989978685, 23.257444852789682
56.47560233293221, 23.05757024702004
56.46304476607757,22.85769564
56.450487199222934, 22.657821035480758
56.437929632368295, 22.45794642971112
56.425372065513656, 22.258071823941485
56.41281449865902, 22.05819721817184
56.40025693180438, 21.858322612402205
56.38769936494974, 21.65844800663256
56.3751418, 21.458573400862925
56.36258423124046, 21.25869879509328
56.35002666438582, 21.058824189323644
56.337469097531184,20.85894958
56.32491153067657, 20.659074977784364
56.312353963821934, 20.459200372014728
56.299796396967295, 20.259325766245084
56.287238830112656, 20.059451160475447
56.27468126325802, 19.859576554705804
56.26212369640338, 19.659701948936167
56.24956612954874, 19.459827343166523
56.23700856, 19.259952737396887
56.22445099583946, 19.060078131627243
56.21189342898482, 18.860203525857607
56.199335862130184, 18.66032892008797
56.186778295275545, 18.460454314318326
56.174220728420906, 18.26057970854869
56.16166316156627, 18.060705102779046
58.380166639218814, 25.656149414806265
58.367609072364175, 25.45627480903663
58.355051505509536, 25.256400203266985
58.34249394, 25.056525597497348
58.32993637180026, 24.856650991727705
58.31737880494562, 24.656776385958068
58.30482123809098, 24.45690178018843
58.29226367123634, 24.257027174418788
58.2797061, 24.05715256864915
58.26714853752706, 23.857277962879508
58.25459097067245, 23.65740335710987
58.242033403817814, 23.457528751340227
58.229475836963175, 23.25765414557059
58.216918270108536, 23.057779539800947
58.2043607, 22.85790493403131
58.19180313639926, 22.658030328261667
58.17924556954462, 22.45815572249203
58.16668800268998, 22.258281116722394
58.15413043583534, 22.05840651095275
58.14157287, 21.858531905183114
58.129015302126064, 21.65865729941347
58.116457735271425, 21.458782693643833
58.103900168416786, 21.25890808787419
58.09134260156215, 21.059033482104553
58.07878503470751, 20.85915887633491
58.06622747, 20.659284270565273
58.05366990099826, 20.459409664795636
58.04111233414362, 20.259535059025993
58.02855476728898, 20.059660453256356
58.01599720043434, 19.859785847486712
58.00343963, 19.659911241717076
57.990882066725064, 19.460036635947432
57.978324499870425, 19.260162030177796
57.965766933015786, 19.060287424408152
57.95320936616115, 18.860412818638515
57.94065179930651, 18.66053821286888
57.92809423245187, 18.460663607099235
60.134040143249806, 25.856233313356825
60.12148257639517, 25.65635870758718
60.10892500954053, 25.456484101817544
60.09636744268589,25.2566095
60.08380987583125, 25.056734890278264
60.07125230897661, 24.85686028450862
60.05869474212197, 24.656985678738984
60.04613717526733, 24.457111072969347
60.033579608412694, 24.257236467199704
60.021022041558055, 24.057361861430067
60.008464474703416, 23.857487255660423
59.995906907848806, 23.657612649890787
59.98334934099417, 23.457738044121143
59.97079177413953, 23.257863438351507
59.95823420728489, 23.057988832581863
59.94567664043025, 22.858114226812226
59.93311907357561, 22.658239621042583
59.92056150672097, 22.458365015272946
59.90800393986633, 22.25849040950331
59.895446373011694, 22.058615803733666
59.882888806157055, 21.85874119796403
59.870331239302416, 21.658866592194386
59.85777367244778, 21.45899198642475
59.84521610559314, 21.259117380655105
59.83265854, 21.05924277488547
59.82010097188386, 20.859368169115825
59.80754340502925, 20.65949356334619
59.79498583817461, 20.459618957576552
59.78242827131997, 20.25974435180691
59.76987070446533, 20.059869746037272
59.757313137610694, 19.85999514026763
59.744755570756055, 19.66012053449799
59.732198003901416, 19.460245928728348
59.71964043704678, 19.26037132295871
59.70708287019214, 19.060496717189068
59.6945253, 18.86062211141943
59.68196773648286, 18.660747505649795
59.66941016962822, 18.46087289988015
59.65685260277358, 18.260998294110514
59.644295035918944, 18.06112368834087
59.631737469064305, 17.861249082571234
59.619179902209694, 17.66137447680159
59.606622335355055, 17.461499871031954
59.59406476850042, 17.26162526526231
59.58150720164578, 17.061750659492674
59.56894963479114, 16.86187605372303
59.55639207, 16.662001447953394
59.54383450108186, 16.462126842183757
59.53127693422722, 16.262252236414113
59.51871936737258, 16.062377630644477
59.506161800517944, 15.862503024874833
59.493604233663305, 15.662628419105197
59.481046666808666, 15.462753813335553
61.87535608042613, 25.856442606137733
61.86279851357149, 25.65656800036809
61.85024094671685, 25.456693394598453
61.83768337986221, 25.25681878882881
61.825125813007574, 25.056944183059173
61.812568246152935, 24.85706957728953
61.800010679298296, 24.657194971519893
61.78745311244366, 24.457320365750256
61.77489554558902, 24.257445759980612
61.76233797873438, 24.057571154210976
61.74978041187974, 23.857696548441332
61.73722284502513, 23.657821942671696
61.72466527817049, 23.457947336902052
61.71210771131585, 23.258072731132415
61.69955014446121, 23.05819812536277
61.686992577606574, 22.858323519593135
61.674435010751935, 22.65844891382349
61.661877443897296, 22.458574308053855
61.64931987704266, 22.25869970228422
61.63676231018802, 22.058825096514575
61.62420474333338, 21.858950490744938
61.61164717647874, 21.659075884975294
61.59908961, 21.459201279205658
61.58653204276946, 21.259326673436014
61.573974475914824, 21.059452067666378
61.561416909060185, 20.859577461896734
61.548859342205574, 20.659702856127097
61.536301775350935, 20.45982825035746
61.523744208496296, 20.259953644587817
61.51118664164166, 20.06007903881818
61.49862907478702, 19.860204433048537
61.48607150793238,19.66032983
61.47351394107774, 19.460455221509257
61.46095637, 19.26058061573962
61.44839880736846, 19.060706009969977
61.435841240513824, 18.86083140420034
61.423283673659185, 18.660956798430703
61.410726106804546, 18.46108219266106
61.39816853994991, 18.261207586891423
61.38561097309527, 18.06133298112178
61.37305340624063, 17.861458375352143
61.36049583938602,17.66158377
61.34793827253138, 17.461709163812863
61.33538070567674, 17.26183455804322
61.32282314, 17.061959952273583
61.31026557196746, 16.86208534650394
61.297708005112824, 16.662210740734302
61.285150438258185, 16.462336134964666
61.272592871403546, 16.262461529195022
61.26003530454891, 16.062586923425386
61.24747773769427, 15.862712317655742
61.23492017083963, 15.662837711886105
61.22236260398499, 15.462963106116462
61.20980503713035, 15.263088500346825
63.15204204, 18.46129148544197
63.13948447712626, 18.261416879672332
63.12692691027162, 18.06154227390269
63.11436934341698, 17.86166766813305
63.10181177656237, 17.661793062363408
63.08925420970773, 17.46191845659377
63.07669664285309, 17.262043850824128
63.064139075998455, 17.06216924505449
63.051581509143816, 16.862294639284848
63.03902394228918, 16.66242003351521
63.02646637543454, 16.462545427745575
63.01390881, 16.26267082197593
63.00135124172526, 16.062796216206294
62.98879367487062, 15.86292161043665
62.97623610801598, 15.663047004667014
62.96367854116134, 15.46317239889737
62.951120974306704, 15.263297793127734
62.938563407452065, 15.06342318735809
62.926005840597426, 14.863548581588454
62.913448273742816, 14.663673975818817
62.90089070688818, 14.463799370049173
62.88833314003354, 14.263924764279537
62.87577557, 14.064050158509893
64.75522474575622, 16.26288011475684
64.74266717890158, 16.063005508987203
64.73010961204695, 15.86313090321756
64.71755205, 15.663256297447923
64.70499447833767, 15.46338169167828
64.69243691148303, 15.263507085908643
64.67987934462839, 15.063632480138999
64.66732177777375, 14.863757874369362
64.65476421091914, 14.663883268599726
64.64220664, 14.464008662830082
64.62964907720986, 14.264134057060446
64.61709151035522, 14.064259451290802
64.60453394350058, 13.864384845521165
64.59197637664595, 13.664510239751522
64.57941881, 13.464635633981885
64.56686124293667, 13.264761028212241
64.55430367608203, 13.064886422442605
64.54174610922739, 12.865011816672961
64.52918854237275, 12.665137210903325
64.51663097551811, 12.465262605133688
64.50407340866347, 12.265387999364044
64.49151584180883, 12.065513393594408
64.47895827495422, 11.865638787824764
64.46640070809958, 11.665764182055128
64.45384314124495, 11.465889576285484
66.47142555, 15.863340195998475
66.45886798236866, 15.663465590228839
66.44631041551402, 15.463590984459195
66.43375284865938, 15.263716378689558
66.42119528180474, 15.063841772919915
66.40863771, 14.863967167150278
66.39608014809549, 14.664092561380642
66.38352258124085, 14.464217955610998
66.37096501438621, 14.264343349841361
66.35840744753158, 14.064468744071718
66.34584988067694, 13.864594138302081
66.33329231, 13.664719532532438
66.32073474696766, 13.464844926762801
66.30817718011302, 13.264970320993157
66.29561961325838, 13.06509571522352
66.28306204640374, 12.865221109453877
66.27050448, 12.66534650368424
66.25794691269446, 12.465471897914604
66.24538934583983, 12.26559729214496
66.23283177898519, 12.065722686375324
66.22027421213058, 11.86584808060568
66.20771664527594, 11.665973474836044
66.19515908,11.46609887
66.18260151156666, 11.266224263296763
66.17004394471202, 11.06634965752712
66.15748637785738, 10.866475051757483
66.14492881100274, 10.666600445987847
66.10725611043883, 10.066976628678923
68.01182041672543, 12.66555579646515
67.99926284987079, 12.465681190695513
67.98670528301615, 12.265806584925869
67.97414771616151, 12.065931979156233
67.96159014930687, 11.866057373386589
67.94903258245226, 11.666182767616952
67.93647501559762, 11.466308161847309
67.92391744874298, 11.266433556077672
67.91135988188834, 11.066558950308028
67.89880232, 10.866684344538392
67.88624474817907, 10.666809738768755
67.87368718132443, 10.466935132999112
67.86112961446979, 10.267060527229475
67.84857204761515, 10.067185921459831
67.83601448076051, 9.867311315690195
67.82345691390587, 9.667436709920551
67.81089934705123, 9.467562104150915
67.79834178, 9.267687498381271
67.78578421334196, 9.067812892611634
67.77322664648734, 8.867938286841998
67.76066908, 8.668063681072354
67.74811151277807, 8.468189075302718
67.73555394592343, 8.268314469533074
67.72299637906879, 8.068439863763437
67.71043881221415, 7.868565257993794
67.69788124535951, 7.668690652224157
67.68532367850487, 7.4688160464545135
67.67276611165023, 7.268941440684877
67.66020854, 7.069066834915233
67.64765097794096, 6.869192229145597
69.72802122, 12.266015877706778
69.71546365333786, 12.066141271937141
69.70290608648322, 11.866266666167498
69.69034851962861, 11.666392060397861
69.67779095277398, 11.466517454628217
69.66523338591934, 11.26664284885858
69.65267582, 11.066768243088937
69.64011825221006,10.86689364
69.62756068535542, 10.667019031549664
69.61500311850078, 10.46714442578002
69.60244555164614, 10.267269820010384
69.58988798, 10.06739521424074
69.57733041793686, 9.867520608471104
69.56477285108222,9.667646003
69.55221528422759, 9.467771396931823
69.53965771737295,9.267896791
69.52710015051831, 9.068022185392543
69.51454258, 8.868147579622907
69.50198501680906, 8.668272973853263
69.48942744995442, 8.468398368083626
69.47686988309978, 8.268523762313983
69.46431231624514, 8.068649156544346
69.45175475, 7.8687745507747024
69.43919718253586, 7.668899945005066
69.42663961568122, 7.469025339235422
69.41408204882659, 7.269150733465786
69.40152448197195, 7.069276127696142
69.38896691511731, 6.869401521926505
69.37640934826267, 6.669526916156869
71.50700985793274, 12.865848987796603
71.49445229, 12.665974382026967
71.48189472422347, 12.46609977625733
71.46933715736883, 12.266225170487687
71.45677959051419, 12.06635056471805
71.44422202365958, 11.866475958948406
71.43166445680494, 11.66660135317877
71.41910689, 11.466726747409126
71.40654932309566, 11.26685214163949
71.39399175624102, 11.066977535869846
71.38143418938638, 10.86710293010021
71.36887662253174, 10.667228324330573
71.35631906, 10.467353718560929
71.34376148882247, 10.267479112791293
71.33120392196783, 10.067604507021649
71.31864635511319, 9.867729901252012
71.30608878825855, 9.667855295482369
71.29353122140391, 9.467980689712732
71.28097365454927, 9.268106083943088
71.26841608769463, 9.068231478173452
71.25585852, 8.868356872403815
71.24330095398538, 8.668482266634172
71.23074338713074, 8.468607660864535
71.21818582, 8.268733055094891
71.20562825342147, 8.068858449325255
71.19307068656683, 7.868983843555611
71.18051311971219, 7.669109237785975
71.16795555285755, 7.469234632016331
71.15539798600291, 7.269360026246694
71.14284041914827, 7.069485420477051
71.13028285229363, 6.869610814707414
71.11772529, 6.669736208937778
73.39901659736474,15.26455355
73.38645903, 15.064678944043557
73.37390146365546, 14.86480433827392
73.36134389680085, 14.664929732504284
73.34878632994621, 14.46505512673464
73.33622876309157, 14.265180520965004
73.32367119623693, 14.06530591519536
73.31111362938229, 13.865431309425723
73.29855606252765, 13.66555670365608
73.28599849567301, 13.465682097886443
73.27344092881837,13.26580749
73.26088336196374, 13.065932886347163
73.2483258, 12.86605828057752
73.23576822825446, 12.666183674807883
73.22321066139982, 12.466309069038246
73.21065309454518, 12.266434463268602
73.19809552769054, 12.066559857498966
73.18553796083593, 11.866685251729322
73.17298039398129, 11.666810645959686
73.16042282712665, 11.466936040190042
73.14786526027201, 11.267061434420405
73.13530769341737, 11.067186828650762
73.12275012656274, 10.867312222881125
73.11019256, 10.667437617111489
73.09763499285346, 10.467563011341845
73.08507742599882, 10.267688405572208
73.07251985914418, 10.067813799802565
73.05996229228954, 9.867939194032928
73.04740473, 9.668064588263285
73.03484715858026, 9.468189982493648
73.02228959172562, 9.268315376724004
73.00973202487098, 9.068440770954368
72.99717445801635, 8.868566165184731
72.98461689116174, 8.668691559415088
72.97205932, 8.468816953645451
72.95950175745246, 8.268942347875807
72.94694419059782,8.069067742
72.93438662374318, 7.869193136336527
72.92182905688854, 7.6693185305668905
75.36636873792453, 18.862505746447624
75.35381117106989, 18.662631140677988
75.34125360421525, 18.462756534908344
75.32869603736061, 18.262881929138707
75.31613847050598, 18.063007323369064
75.30358090365134, 17.863132717599427
75.29102333679673, 17.663258111829784
75.27846576994209, 17.463383506060147
75.26590820308745, 17.263508900290503
75.25335063623281, 17.063634294520867
75.24079306937817, 16.863759688751223
75.22823550252353, 16.663885082981587
75.21567794, 16.46401047721195
75.20312036881425, 16.264135871442306
75.19056280195962, 16.06426126567267
75.17800523510498, 15.864386659903026
75.16544766825034, 15.66451205413339
75.1528901, 15.464637448363746
75.14033253454106, 15.26476284259411
75.12777496768642, 15.064888236824466
75.11521740083178, 14.865013631054829
75.10265983397717, 14.665139025285193
75.09010226712253, 14.465264419515549
75.0775447, 14.265389813745912
75.06498713341325, 14.065515207976269
75.05242956655862, 13.865640602206632
75.03987199970398, 13.665765996436988
75.02731443284934, 13.465891390667352
75.01475687, 13.266016784897708
75.00219929914006, 13.066142179128072
74.98964173228542, 12.866267573358428
74.97708416543078, 12.666392967588791
74.96452659857614, 12.466518361819155
77.20814521, 20.461711885385654
77.19558764308336, 20.26183727961601
77.18303007622872, 20.061962673846374
77.17047250937408, 19.86208806807673
77.15791494251944, 19.662213462307093
77.14535738, 19.46233885653745
77.13279980881016, 19.262464250767813
77.12024224195552, 19.06258964499817
77.10768467510088, 18.862715039228533
77.09512710824625, 18.662840433458896
77.08256954, 18.462965827689253
77.07001197453697, 18.263091221919616
77.05745440768233, 18.063216616149973
77.04489684082769, 17.863342010380336
77.03233927397308, 17.663467404610692
77.01978170711844, 17.463592798841056
77.00722414, 17.263718193071412
76.99466657340916, 17.063843587301776
76.98210900655452, 16.863968981532132
76.96955143969988, 16.664094375762495
76.95699387284525, 16.46421976999286
76.94443631, 16.264345164223215
76.93187873913597, 16.06447055845358
76.91932117228133, 15.864595952683935
76.90676360542669, 15.664721346914298
76.89420603857205, 15.464846741144655
76.88164847171741, 15.264972135375018
76.86909090486277, 15.065097529605374
76.85653333800813, 14.865222923835738
76.84397577115352, 14.665348318066101
76.83141820429888, 14.465473712296458
76.81886063744425, 14.265599106526821
76.80630307, 14.065724500757177
76.79374550373497, 13.86584989498754
76.78118793688033, 13.665975289217897
76.76863037002569, 13.46610068344826
76.75607280317105, 13.266226077678617
76.74351523631641, 13.06635147190898
79.04992168, 22.060918024323676
79.03736411509676, 21.86104341855404
79.02480654824213, 21.661168812784396
79.01224898138749, 21.46129420701476
78.99969141453285, 21.261419601245116
78.98713384767821, 21.06154499547548
78.97457628082357, 20.861670389705836
78.96201871396896,20.66179578
78.94946114711432, 20.461921178166563
78.93690358025968, 20.26204657239692
78.92434601340504, 20.062171966627282
78.91178845, 19.86229736085764
78.89923087969576, 19.662422755088002
78.88667331284113, 19.46254814931836
78.87411574598649, 19.262673543548722
78.86155817913185, 19.06279893777908
78.84900061227721, 18.86292433200944
78.83644304542257, 18.663049726239805
78.82388547856793, 18.46317512047016
80.95448598823803, 24.65949719210991
80.94192842, 24.459622586340274
80.92937085452876, 24.25974798057063
80.91681328767412, 24.059873374800993
80.90425572081948, 23.85999876903135
80.89169815396487, 23.660124163261713
80.87914058711023, 23.46024955749207
80.86658302025559, 23.260374951722433
80.85402545340095, 23.06050034595279
80.84146788654631, 22.860625740183153
80.82891031969167, 22.66075113441351
80.81635275283703, 22.460876528643873
80.80379519, 22.261001922874236
80.79123761912776, 22.061127317104592
80.77868005227312, 21.861252711334956
80.76612248541848, 21.661378105565312
80.75356491856384, 21.461503499795676
80.74100735, 21.261628894026032
80.72844978485456, 21.061754288256395
80.71589221799992, 20.86187968248675
80.70333465114531, 20.662005076717115
80.69077708429067, 20.46213047094748
80.67821951743603, 20.262255865177835
80.66566195,20.06238126
80.65310438372676, 19.862506653638555
80.64054681687212, 19.662632047868918
80.62798925001748, 19.462757442099274
80.61543168316284, 19.262882836329638
80.60287412, 19.063008230559994
80.59031654945356, 18.863133624790358
82.70835949, 24.859581090660456
82.69580192541436, 24.65970648489082
82.68324435855972, 24.459831879121182
82.67068679170508, 24.25995727335154
82.65812922485044, 24.060082667581902
82.64557166, 23.86020806181226
82.63301409114119, 23.660333456042622
82.62045652428655, 23.46045885027298
82.60789895743191, 23.26058424450334
82.59534139057727, 23.060709638733698
82.58278382372264, 22.86083503296406
82.57022626, 22.660960427194418
82.55766869001336, 22.46108582142478
82.54511112315872, 22.261211215655145
82.53255355630408,22.06133661
82.51999598944944, 21.861462004115864
82.50743842, 21.66158739834622
82.49488085574016, 21.461712792576584
82.48232328888552, 21.26183818680694
82.46976572203089, 21.061963581037304
82.45720815517625, 20.86208897526766
82.44465058832164, 20.662214369498024
82.43209302, 20.462339763728387
82.41953545461236, 20.262465157958744
82.40697788775772, 20.062590552189107
84.43711786259071, 24.659915777671728
84.42456029573607, 24.46004117190209
84.41200272888143, 24.260166566132447
84.39944516, 24.06029196036281
84.38688759517215, 23.860417354593167
84.37433002831754, 23.66054274882353
84.36177246, 23.460668143053887
84.34921489460827, 23.26079353728425
84.33665732775363, 23.060918931514607
84.32409976089899, 22.86104432574497
84.31154219404435, 22.661169719975327
84.29898462718971, 22.46129511420569
84.28642706033507, 22.261420508436053
84.27386949348043, 22.06154590266641
84.26131193, 21.861671296896773
84.24875435977116, 21.66179669112713
84.23619679291652, 21.461922085357493
84.22363922606188, 21.26204747958785
84.21108165920724, 21.062172873818213
84.19852409, 20.86229826804857
84.18596652549799, 20.662423662278933
84.17340895864335, 20.462549056509296
84.16085139178871, 20.262674450739652
84.14829382493407, 20.062799844970016
84.13573625807943, 19.862925239200372
86.19099136662167, 24.85999967622228
86.17843379976703, 24.660125070452644
86.16587623, 24.460250464683007
86.15331866605776, 24.260375858913363
86.14076109920312, 24.060501253143727
86.12820353234848, 23.860626647374083
86.11564596549387, 23.660752041604447
86.10308839863923, 23.460877435834803
86.09053083178459, 23.261002830065166
86.07797326492995, 23.061128224295523
86.06541569807531, 22.861253618525886
86.05285813122067, 22.661379012756242
86.04030056436604, 22.461504406986606
86.027743, 22.26162980121697
86.01518543065676, 22.061755195447326
86.00262786380212, 21.86188058967769
85.99007029694748, 21.662005983908045
85.97751273009284, 21.46213137813841
85.96495516, 21.262256772368765
85.95239759638356, 21.06238216659913
85.93984002952892, 20.862507560829485
85.92728246267431, 20.66263295505985
85.91472489581967, 20.462758349290212
85.90216732896504, 20.262883743520568
85.88960976, 20.06300913775093
85.87705219525576, 19.863134531981288
88.04532540548978, 26.659080420929946
88.03276783863514, 26.45920581516031
88.02021027, 26.259331209390673
88.00765270492586, 26.05945660362103
87.99509513807122, 25.859581997851393
87.98253757121658, 25.65970739208175
87.96998000436194, 25.459832786312113
87.95742244, 25.25995818054247
87.94486487065267, 25.060083574772833
87.93230730379803, 24.86020896900319
87.91974973694339, 24.660334363233552
87.90719217008875, 24.460459757463916
87.89463460323411, 24.260585151694272
87.88207703637947, 24.060710545924636
87.86951946952483, 23.860835940154992
87.85696190267022, 23.660961334385355
87.84440433581558, 23.46108672861571
87.83184676896094, 23.261212122846075
87.8192892, 23.06133751707643
87.80673163525167, 22.861462911306795
87.79417406839703, 22.66158830553715
87.78161650154239, 22.461713699767515
87.76905893468775, 22.261839093997878
87.75650136783311, 22.061964488228234
87.74394380097847, 21.862089882458598
87.73138623412383, 21.662215276688954
87.71882867, 21.462340670919318
87.70627110041455, 21.262466065149674
87.69371353355992, 21.062591459380037
87.68115596670528, 20.862716853610394
89.84942917693927, 27.65866274255906
89.83687161008463, 27.458788136789416
89.82431404322999, 27.25891353101978
89.81175647637535, 27.059038925250135
89.79919890952071,26.85916432
89.78664134, 26.659289713710855
89.77408377581146, 26.45941510794122
89.76152620895682, 26.259540502171582
89.74896864210218, 26.05966589640194
89.73641107524755,25.85979129
89.72385351, 25.659916684862658
89.71129594153827, 25.46004207909302
89.69873837468363, 25.260167473323378
89.68618080782899, 25.06029286755374
89.67362324097435, 24.860418261784098
89.66106567411971, 24.66054365601446
89.64850810726507, 24.460669050244825
89.63595054041043, 24.26079444447518
89.62339297, 24.060919838705544
89.61083540670116,23.86104523
89.59827783984655, 23.661170627166264
89.58572027, 23.46129602139662
89.57316270613727, 23.261421415626984
89.56060513928263, 23.06154680985734
89.54804757242799, 22.861672204087704
89.53549000557335, 22.66179759831806
91.60330268097026, 27.858746641109605
91.59074511411562, 27.658872035339968
91.57818754726098, 27.458997429570324
91.56562998040634, 27.259122823800688
91.55307241, 27.059248218031044
91.54051484669706, 26.859373612261408
91.52795727984245, 26.659499006491764
91.51539971298781, 26.459624400722127
91.50284214613318, 26.25974979495249
91.49028457927854, 26.059875189182847
91.47772701, 25.86000058341321
91.46516944556926, 25.660125977643567
91.45261187871462, 25.46025137187393
91.44005431185998, 25.260376766104287
91.42749674500534, 25.06050216033465
91.41493918, 24.860627554565006
91.40238161129606, 24.66075294879537
91.38982404444143, 24.460878343025733
91.37726647758679, 24.26100373725609
91.36470891073215, 24.061129131486453
91.35215134387751, 23.86125452571681
91.33959378, 23.661379919947173
91.32703621016826, 23.46150531417753
91.31447864331362, 23.261630708407893
91.30192107645898, 23.06175610263825
91.28936350960434, 22.861881496868612
93.33206105129194, 27.659081328120884
93.31950348, 27.45920672235124
93.30694591758267, 27.259332116581604
93.29438835072803, 27.05945751081196
93.28183078387339, 26.859582905042323
93.26927321701878, 26.65970829927268
93.25671565016414, 26.459833693503043
93.24415808, 26.259959087733407
93.23160051645486, 26.060084481963763
93.21904294960022, 25.860209876194126
93.20648538274558, 25.660335270424483
93.19392781589094, 25.460460664654846
93.18137025, 25.260586058885202
93.16881268218167, 25.060711453115566
93.15625511532703, 24.860836847345922
93.14369754847239, 24.660962241576286
93.13113998161775, 24.46108763580665
93.11858241476311, 24.261213030037005
93.10602484790847, 24.06133842426737
93.09346728105383, 23.861463818497725
93.08090971419922, 23.66158921272809
93.06835214734458, 23.461714606958445
93.05579458048994, 23.26184000118881
93.04323701, 23.061965395419165
93.03067944678067, 22.86209078964953
93.01812187992603, 22.662216183879885
94.84734079, 24.061547717048278
94.83478321823016, 23.861673111278634
94.82222565137555, 23.661798505508997
94.80966808452091, 23.461923899739354
94.79711051766627, 23.262049293969717
94.78455295081163, 23.062174688200074
94.77199538395699, 22.862300082430437
94.75943781710235, 22.662425476660793
94.74688025024771, 22.462550870891157
94.73432268339307, 22.26267626512152
94.72176511653844, 22.062801659351877
94.70920755, 21.86292705358224
94.69664998282916, 21.663052447812596
94.68409241597452, 21.46317784204296
94.67153484911988, 21.263303236273316
94.65897728226524, 21.06342863050368
94.64641972, 20.863554024734036
94.63386214855599,20.66367942
94.62130458170135, 20.463804813194763
94.60874701484671, 20.26393020742512
94.59618944799207, 20.064055601655483
94.58363188113744, 19.86418099588584
94.57107431, 19.664306390116202
94.55851674742816, 19.46443178434656
94.54595918057352, 19.264557178576922
94.53340161371888, 19.06468257280728
94.52084404686424, 18.864807967037642
94.50828648, 18.664933361268005
96.51331132113334, 22.862509375211346
96.50075375, 22.662634769441702
96.48819618742407, 22.462760163672066
96.47563862056943, 22.26288555790243
96.46308105371479, 22.063010952132785
96.45052348686015, 21.86313634636315
96.43796592000551, 21.663261740593505
96.42540835315087, 21.46338713482387
96.41285078629623, 21.263512529054225
96.40029322, 21.06363792328459
96.38773565258695, 20.863763317514945
96.37517808573234, 20.663888711745308
96.36262052, 20.46401410597567
96.35006295202307, 20.264139500206028
96.33750538516843, 20.06426489443639
96.32494781831379, 19.864390288666748
96.31239025145915, 19.66451568289711
96.29983268460451, 19.464641077127467
96.28727511774987, 19.26476647135783
96.27471755089523, 19.064891865588187
96.26215998, 18.86501725981855
96.24960241718595, 18.665142654048914
96.23704485033132, 18.46526804827927
96.22448728347668, 18.265393442509634
96.21192971662204, 18.06551883673999
96.19937215, 17.865644230970354
96.18681458291279, 17.66576962520071
96.17425701605815, 17.465895019431073
96.16169944920351, 17.26602041366143
96.14914188234887, 17.066145807891793
96.13658431549423, 16.86627120212215
96.12402675, 16.666396596352513
96.11146918178495, 16.466521990582876
96.09891161493032, 16.266647384813233
96.08635404807568, 16.066772779043596
96.07379648122104, 15.866898173273952
96.06123891, 15.667023567504316
96.04868134751176, 15.467148961734672
96.03612378065712, 15.267274355965036
96.02356621380248, 15.067399750195392
96.01100864694784, 14.867525144425755
98.19183942403647, 21.863345639144057
98.17928185718183, 21.663471033374414
98.16672429, 21.463596427604777
98.15416672347256, 21.263721821835134
98.14160915661792, 21.063847216065497
98.12905158976328, 20.863972610295853
98.11649402290867, 20.664098004526217
98.10393645605403, 20.46422339875658
98.09137888919939, 20.264348792986937
98.07882132234475,20.06447419
98.06626375549011, 19.864599581447656
98.05370618863547, 19.66472497567802
98.04114862178083, 19.464850369908376
98.02859105, 19.26497576413874
98.01603348807156, 19.065101158369096
98.00347592121692, 18.86522655259946
97.99091835436228, 18.665351946829823
97.97836078750764, 18.46547734106018
97.96580322, 18.265602735290543
97.95324565379836,18.06572813
97.94068808694372, 17.865853523751262
97.92813052008911, 17.66597891798162
97.91557295323447, 17.466104312211982
97.90301538637983, 17.26622970644234
97.89045782, 17.066355100672702
97.87790025267056, 16.86648049490306
97.86534268581592, 16.66660588913342
97.85278511896128, 16.466731283363785
97.84022755210664, 16.26685667759414
97.82766999, 16.066982071824505
97.81511241839736, 15.867107466054861
97.80255485154272, 15.667232860285225
97.78999728468808, 15.467358254515581
97.77743971783345, 15.267483648745944
97.76488215,15.06760904
97.75232458412417, 14.867734437206664
97.73976701726956, 14.667859831437028
99.94571292806746, 22.06342953769461
99.93315536121283, 21.863554931924973
99.92059779435819, 21.66368032615533
99.90804022750355, 21.463805720385693
99.89548266064891, 21.26393111461605
99.88292509379427, 21.064056508846413
99.87036752693963, 20.86418190307677
99.85780996008502, 20.664307297307133
99.84525239323038, 20.464432691537496
99.83269482637574, 20.264558085767852
99.82013726, 20.064683479998216
99.80757969266647, 19.864808874228572
99.79502212581183, 19.664934268458936
99.78246455895719, 19.465059662689292
99.76990699210255, 19.265185056919655
99.75734942524791, 19.06531045115001
99.74479185839327, 18.865435845380375
99.73223429153863, 18.66556123961074
99.71967672468399, 18.465686633841095
99.70711915782935, 18.26581202807146
99.69456159097471, 18.065937422301815
99.68200402412008, 17.866062816532178
99.66944645726547, 17.666188210762535
99.65688889041083, 17.466313604992898
99.64433132355619, 17.266438999223254
99.63177375670155, 17.066564393453618
99.61921618984691, 16.866689787683974
99.60665862299227, 16.666815181914338
99.59410105613763,16.46694058
99.58154348928299, 16.267065970375057
99.56898592242835, 16.06719136460542
99.55642835557371, 15.867316758835777
99.54387078871908, 15.66744215306614
99.53131322186444, 15.467567547296497
99.51875566, 15.26769294152686
99.50619808815516, 15.067818335757217
99.49364052130052, 14.86794372998758
99.48108295444591, 14.668069124217944
101.76237426637162, 23.26288646509336
101.74981669951698, 23.063011859323716
101.73725913266234, 22.86313725355408
101.7247015658077, 22.663262647784435
101.71214399895307,22.46338804
101.69958643209843, 22.263513436245162
101.68702886524379, 22.06363883047552
101.67447129838915, 21.863764224705882
101.66191373153451, 21.66388961893624
101.64935616467987, 21.464015013166602
101.63679859782523, 21.264140407396958
101.6242410309706, 21.06426580162732
101.61168346411596, 20.864391195857678
101.59912589726135, 20.66451659008804
101.5865683304067, 20.464641984318405
101.57401076355207, 20.26476737854876
101.56145319669743, 20.064892772779125
101.54889562984279, 19.86501816700948
101.53633806298815, 19.665143561239844
101.52378049613351,19.46526896
101.51122292927887, 19.265394349700564
101.49866536242423, 19.06551974393092
101.4861077955696, 18.865645138161284
101.47355022871496, 18.665770532391647
101.46099266186032, 18.465895926622004
101.44843509500568, 18.266021320852367
101.43587752815104, 18.066146715082724
101.4233199612964, 17.866272109313087
101.41076239444179, 17.666397503543443
101.39820482758715, 17.466522897773807
101.38564726073251, 17.266648292004163
101.37308969387787, 17.066773686234527
101.36053212702323, 16.866899080464883
101.3479745601686, 16.667024474695246
101.33541699331396, 16.46714986892561
101.32285942645932, 16.267275263155966
101.31030185960468, 16.06740065738633
101.29774429275004, 15.867526051616686
101.2851867258954, 15.66765144584705
101.27262915904076, 15.467776840077406
103.72972640693142, 26.860838661727783
103.71716884007681, 26.66096405595814
103.70461127322217, 26.461089450188503
103.69205370636753, 26.261214844418866
103.67949613951289, 26.061340238649223
103.66693857265825, 25.861465632879586
103.65438100580361, 25.661591027109942
103.64182343894898, 25.461716421340306
103.62926587209434, 25.261841815570662
103.6167083052397, 25.061967209801026
103.60415073838506, 24.862092604031382
103.59159317153042, 24.662217998261745
103.57903560467578, 24.46234339249211
103.56647803782114, 24.262468786722465
103.5539204709665, 24.06259418095283
103.54136290411186, 23.862719575183185
103.52880533725725, 23.66284496941355
103.51624777040261, 23.462970363643905
103.50369020354798, 23.263095757874268
103.49113263669334, 23.063221152104624
103.4785750698387, 22.863346546334988
103.46601750298406, 22.663471940565344
103.45345993612942, 22.463597334795708
103.44090236927478, 22.26372272902607
103.42834480242014, 22.063848123256427
103.4157872355655, 21.86397351748679
103.40322966871086, 21.664098911717147
103.39067210185623, 21.46422430594751
103.37811453500159, 21.264349700177867
103.36555696814695, 21.06447509440823
103.35299940129231, 20.864600488638587
103.3404418344377, 20.66472588286895
103.32788426758306, 20.464851277099314
103.31532670072842, 20.26497667132967
103.30276913387378, 20.065102065560033
103.29021156701914, 19.86522745979039
103.2776540001645, 19.665352854020753
103.26509643330986, 19.46547824825111
103.25253886645523, 19.265603642481473
103.23998129960059, 19.06572903671183
103.22742373274595, 18.865854430942193
103.21486616589131, 18.665979825172556
105.49615747781702, 27.260797166047972
105.48359991096238, 27.06092256027833
105.47104234410774, 26.86104795450869
105.45848477725313, 26.661173348739048
105.4459272103985, 26.46129874296941
105.43336964354386, 26.261424137199775
105.42081207668922, 26.06154953143013
105.40825450983458, 25.861674925660495
105.39569694297994, 25.66180031989085
105.3831393761253, 25.461925714121215
105.37058180927066, 25.26205110835157
105.35802424241602, 25.062176502581934
105.34546667556138, 24.86230189681229
105.33290910870674, 24.662427291042654
105.3203515418521, 24.462552685273018
105.30779397499747, 24.262678079503374
105.29523640814283, 24.062803473733737
105.28267884128819, 23.862928867964094
105.27012127443358, 23.663054262194457
105.25756370757894, 23.463179656424813
105.2450061407243, 23.263305050655177
105.23244857386966, 23.063430444885533
105.21989100701502, 22.863555839115897
105.20733344016038, 22.663681233346253
105.19477587330574, 22.463806627576616
105.1822183064511, 22.26393202180698
107.23747341499337, 27.261006458828888
107.22491584813874, 27.061131853059244
107.2123582812841, 26.861257247289608
107.19980071442949, 26.661382641519964
107.18724314757485, 26.461508035750327
107.17468558072021, 26.26163342998069
107.16212801386557, 26.061758824211047
107.14957044701093, 25.86188421844141
107.13701288015629, 25.662009612671767
107.12445531330165, 25.46213500690213
107.11189774644701, 25.262260401132487
107.09934017959237, 25.06238579536285
107.08678261273774, 24.862511189593206
107.0742250458831, 24.66263658382357
107.06166747902846, 24.462761978053933
107.04910991217382, 24.26288737228429
107.03655234531918, 24.063012766514653
107.02399477846454, 23.86313816074501
107.01143721160993, 23.663263554975373
106.99887964475529, 23.46338894920573
106.98632207790065, 23.263514343436093
106.97376451104601, 23.06363973766645
106.96120694419137, 22.863765131896812
106.94864937733674, 22.66389052612717
106.9360918104821, 22.464015920357532
106.92353424362746, 22.264141314587896
106.91097667677282, 22.064266708818252
106.89841910991818, 21.864392103048615
106.88586154306354, 21.664517497278972
106.8733039762089, 21.464642891509335
106.86074640935426, 21.26476828573969
106.84818884249962, 21.064893679970055
106.83563127564499, 20.86501907420041
106.82307370879037, 20.665144468430775
106.81051614193574, 20.46526986266114
106.7979585750811, 20.265395256891495
106.78540100822646, 20.065520651121858
106.77284344137182, 19.865646045352214
106.76028587451718, 19.665771439582578
106.74772830766254, 19.465896833812934
106.7351707408079, 19.266022228043298
106.72261317395326, 19.066147622273654
106.71005560709862, 18.866273016504017
106.69749804024399, 18.66639841073438
106.68494047338935, 18.466523804964737
108.9034439510419, 26.061968116991956
108.89088638418725, 25.86209351122232
108.87832881733262, 25.662218905452676
108.86577125047798, 25.46234429968304
108.85321368362334, 25.262469693913395
108.8406561167687, 25.06259508814376
108.82809854991406, 24.862720482374115
108.81554098305942, 24.66284587660448
108.80298341620478, 24.462971270834842
108.79042584935014,24.26309667
108.7778682824955, 24.063222059295562
108.76531071564087, 23.86334745352592
108.75275314878625, 23.66347284775628
108.74019558193162, 23.463598241986638
108.72763801507698,23.26372364
108.71508044822234, 23.063849030447358
108.7025228813677, 22.86397442467772
108.68996531451306, 22.664099818908078
108.67740774765842, 22.46422521313844
108.66485018080378, 22.264350607368804
108.65229261394914, 22.06447600159916
108.6397350470945, 21.864601395829524
108.62717748023987, 21.66472679005988
108.61461991338523, 21.464852184290244
108.60206234653059,21.26497758
108.58950477967595, 21.065102972750964
108.57694721282131, 20.86522836698132
108.5643896459667, 20.665353761211684
108.55183207911206, 20.465479155442047
108.53927451225742, 20.265604549672403
108.52671694540278, 20.065729943902767
108.51415937854814, 19.865855338133123
108.5016018116935, 19.665980732363487
108.48904424483887, 19.466106126593843
108.47648667798423, 19.266231520824206
108.46392911112959, 19.066356915054563
108.45137154427495, 18.866482309284926
108.43881397742031, 18.66660770351529
108.42625641056567, 18.466733097745646
108.41369884371103, 18.26685849197601
108.40114127685639, 18.066983886206366
108.38858371000175, 17.86710928043673
108.37602614314714, 17.667234674667085
108.3634685762925, 17.46736006889745
108.35091100943787, 17.267485463127805
108.33835344258323, 17.06761085735817
108.32579587572859, 16.867736251588525
108.31323830887395, 16.66786164581889
108.30068074201931, 16.467987040049252
108.28812317516467, 16.268112434279608
108.27556560831003, 16.06823782850997
108.2630080414554, 15.868363222740328
108.25045047460075, 15.668488616970691
108.23789290774612, 15.468614011201048
110.49406908596261, 23.66368214053719
110.48151151910797, 23.463807534767547
110.46895395225333, 23.26393292899791
110.45639638539869, 23.064058323228267
110.44383881854405, 22.86418371745863
110.43128125168941, 22.664309111688986
110.41872368483477, 22.46443450591935
110.40616611798013, 22.264559900149713
110.3936085511255, 22.06468529438007
110.38105098427086, 21.864810688610433
110.36849341741622, 21.66493608284079
110.35593585056158, 21.465061477071153
110.34337828370694, 21.26518687130151
110.3308207168523, 21.065312265531873
110.31826314999766, 20.86543765976223
110.30570558314305, 20.665563053992592
110.29314801628841, 20.465688448222956
110.28059044943377, 20.265813842453312
110.26803288257913, 20.065939236683676
110.2554753157245, 19.866064630914032
110.24291774886986, 19.666190025144395
110.23036018201522, 19.46631541937475
110.21780261516058, 19.266440813605115
110.20524504830594, 19.06656620783547
110.1926874814513, 18.866691602065835
110.18012991459666,18.666817
110.16757234774202, 18.466942390526555
110.15501478088738, 18.267067784756918
110.14245721403275, 18.067193178987274
110.1298996471781, 17.867318573217638
110.1173420803235, 17.667443967447994
110.10478451346886, 17.467569361678358
110.09222694661422, 17.267694755908714
110.07966937975958, 17.067820150139077
110.06711181290494, 16.867945544369434
110.0545542460503, 16.668070938599797
110.04199667919566, 16.46819633283016
110.02943911234102, 16.268321727060517
110.01688154548638, 16.06844712129088
110.00432397863175, 15.868572515521237
109.9917664117771,15.66869791
109.97920884492247, 15.468823303981956
109.96665127806783, 15.26894869821232
109.95409371121319, 15.069074092442676
109.94153614435855, 14.86919948667304
109.92897857750394, 14.669324880903403
109.9164210106493, 14.46945027513376
112.18515475572038, 22.86439301023954
112.17259718886574, 22.664518404469895
112.1600396220111, 22.46464379870026
112.14748205515646, 22.264769192930622
112.13492448830182, 22.06489458716098
112.12236692144718, 21.86501998139134
112.10980935459254, 21.665145375621698
112.0972517877379, 21.46527076985206
112.08469422088326, 21.265396164082418
112.07213665402863, 21.06552155831278
112.05957908717399, 20.865646952543138
112.04702152031938,20.66577235
112.03446395346474, 20.465897741003864
112.0219063866101, 20.26602313523422
112.00934881975546, 20.066148529464584
111.99679125290082, 19.86627392369494
111.98423368604618, 19.666399317925304
111.97167611919154, 19.46652471215566
111.9591185523369, 19.266650106386024
111.94656098548226, 19.06677550061638
111.93400341862763, 18.866900894846744
111.92144585177299, 18.667026289077107
111.90888828491835, 18.467151683307463
111.89633071806371, 18.267277077537827
111.88377315120907, 18.067402471768183
111.87121558435443, 17.867527865998547
111.85865801749982, 17.667653260228903
111.84610045064518, 17.467778654459266
111.83354288379054, 17.267904048689623
111.8209853169359, 17.068029442919986
111.80842775008126, 16.868154837150342
111.79587018322663, 16.668280231380706
111.78331261637199, 16.46840562561107
111.77075504951735, 16.268531019841426
111.75819748266271, 16.06865641407179
111.74563991580807, 15.868781808302145
111.73308234895343, 15.668907202532509
111.72052478209879, 15.469032596762865
111.70796721524415, 15.269157990993229
111.69540964838951, 15.069283385223585
111.68285208153488, 14.869408779453948
111.67029451468026, 14.669534173684312
111.65773694782563, 14.469659567914668
113.92647069289673, 22.864602303020455
113.91391312604209, 22.66472769725081
113.90135555918745, 22.464853091481174
113.88879799233281, 22.264978485711538
113.87624042547817, 22.065103879941894
113.86368285862353, 21.865229274172258
113.8511252917689, 21.665354668402614
113.83856772491426, 21.465480062632977
113.82601015805962, 21.265605456863334
113.81345259120498, 21.065730851093697
113.80089502435034, 20.865856245324053
113.78833745749573, 20.665981639554417
113.77577989064109, 20.46610703378478
113.76322232378645, 20.266232428015137
113.75066475693181,20.06635782
113.73810719007717, 19.866483216475856
113.72554962322253, 19.66660861070622
113.7129920563679, 19.466734004936576
113.70043448951326, 19.26685939916694
113.68787692265862, 19.066984793397296
113.67531935580398, 18.86711018762766
113.66276178894934, 18.667235581858023
113.6502042220947, 18.46736097608838
113.63764665524006, 18.267486370318743
113.62508908838542,18.06761176
113.61253152153078, 17.867737158779462
113.59997395467617, 17.66786255300982
113.58741638782153, 17.467987947240182
113.5748588209669, 17.26811334147054
113.56230125411226, 17.068238735700902
113.54974368725762, 16.86836412993126
113.53718612040298, 16.66848952416162
113.52462855354834, 16.468614918391985
113.5120709866937, 16.26874031262234
113.49951341983906, 16.068865706852705
113.48695585298442, 15.868991101083061
113.47439828612978, 15.669116495313425
113.46184071927514, 15.469241889543781
113.4492831524205, 15.269367283774145
113.43672558556587,15.06949268
113.42416801871123, 14.869618072234864
113.41161045185662, 14.669743466465228
113.39905288500198, 14.469868860695584
115.68034419692769,23.0646862
115.66778663007305, 22.864811595801363
115.65522906321841, 22.66493699003172
115.64267149636377, 22.465062384262083
115.63011392950914, 22.265187778492447
115.6175563626545, 22.065313172722803
115.60499879579986, 21.865438566953166
115.59244122894522, 21.665563961183523
115.57988366209058, 21.465689355413886
115.56732609523594, 21.265814749644242
115.5547685283813, 21.065940143874606
115.54221096152666, 20.866065538104962
115.52965339467205, 20.666190932335326
115.51709582781741, 20.46631632656569
115.50453826096278, 20.266441720796045
115.49198069410814, 20.06656711502641
115.4794231272535, 19.866692509256765
115.46686556039886, 19.66681790348713
115.45430799354422, 19.466943297717485
115.44175042668958, 19.26706869194785
115.42919285983494, 19.067194086178205
115.4166352929803, 18.867319480408568
115.40407772612566, 18.66744487463893
115.39152015927102, 18.467570268869288
115.37896259241639, 18.26769566309965
115.36640502556175, 18.067821057330008
115.35384745870711, 17.86794645156037
115.3412898918525, 17.668071845790728
115.32873232499786, 17.46819724002109
115.31617475814322, 17.268322634251447
115.30361719128858, 17.06844802848181
115.29105962443394, 16.868573422712167
115.2785020575793, 16.66869881694253
115.26594449072466, 16.468824211172894
115.25338692387002, 16.26894960540325
115.24082935701539, 16.069074999633614
115.22827179016075, 15.86920039386397
115.21571422330611, 15.669325788094334
115.20315665645147, 15.46945118232469
115.19059908959683, 15.269576576555053
115.17804152274219, 15.06970197078541
115.16548395588755, 14.869827365015773
115.15292638903294, 14.669952759246137
115.1403688221783, 14.470078153476493
115.12781125532366, 14.270203547706856
115.11525368846902, 14.070328941937213
115.10269612161439, 13.870454336167576
115.09013855475975, 13.670579730397932
115.07758098790511, 13.470705124628296
115.06502342105047, 13.270830518858652
115.05246585419583, 13.070955913089016
115.03990828734119, 12.871081307319372
115.02735072048655, 12.671206701549735
115.01479315363191, 12.471332095780099
115.00223558677727, 12.271457490010455
114.98967801992264, 12.071582884240819
114.9771205, 11.871708278471175
114.96456288621339, 11.671833672701538
117.43421770095868, 23.264770100121552
117.42166013410404, 23.06489549435191
117.4091025672494, 22.865020888582272
117.39654500039477, 22.66514628281263
117.38398743354013, 22.465271677042992
117.37142986668549, 22.265397071273355
117.35887229983085, 22.06552246550371
117.34631473297621, 21.865647859734075
117.33375716612157, 21.66577325396443
117.32119959926693, 21.465898648194795
117.3086420324123, 21.26602404242515
117.29608446555766, 21.066149436655515
117.28352689870302, 20.86627483088587
117.2709693318484, 20.666400225116234
117.25841176499377, 20.466525619346598
117.24585419813913, 20.266651013576954
117.23329663128449, 20.066776407807318
117.22073906442985, 19.866901802037674
117.20818149757521, 19.667027196268037
117.19562393072057, 19.467152590498394
117.18306636386593, 19.267277984728757
117.1705087970113, 19.067403378959114
117.15795123015666, 18.867528773189477
117.14539366330202, 18.66765416741984
117.13283609644738, 18.467779561650197
117.12027852959274, 18.26790495588056
117.1077209627381, 18.068030350110917
117.09516339588346, 17.86815574434128
117.08260582902885, 17.668281138571636
117.07004826217421,17.46840653
117.05749069531957, 17.268531927032356
117.04493312846493, 17.06865732126272
117.0323755616103, 16.868782715493076
117.01981799475566, 16.66890810972344
117.00726042790102, 16.469033503953803
116.99470286104638, 16.26915889818416
116.98214529419174, 16.069284292414522
116.9695877273371, 15.869409686644879
116.95703016048246, 15.669535080875242
116.94447259362782, 15.469660475105599
116.93191502677318, 15.269785869335962
116.91935745991854, 15.069911263566318
116.9067998930639, 14.870036657796682
116.8942423262093, 14.670162052027045
116.88168475935466, 14.470287446257402
116.86912719250002, 14.270412840487765
116.85656962564538, 14.070538234718121
116.84401205879074, 13.870663628948485
116.8314544919361, 13.670789023178841
116.81889692508146, 13.470914417409205
116.80633935822682, 13.271039811639561
116.79378179137218, 13.071165205869924
116.78122422451754, 12.87129060010028
116.7686666576629, 12.671415994330644
116.75610909080827, 12.471541388561008
116.74355152395363, 12.271666782791364
116.73099395709899, 12.071792177021727
116.71843639024435, 11.871917571252084
116.70587882338974, 11.672042965482447
116.6933212565351, 11.472168359712803
119.42668497522773, 27.262471508295263
119.41412740837309, 27.06259690252562
119.40156984151845, 26.862722296755983
119.38901227466384, 26.66284769098634
119.3764547078092, 26.462973085216703
119.36389714095456, 26.263098479447066
119.35133957409992, 26.063223873677423
119.33878200724529, 25.863349267907786
119.32622444039065, 25.663474662138142
119.31366687353601, 25.463600056368506
119.30110930668137, 25.263725450598862
119.28855173982673, 25.063850844829226
119.27599417297209, 24.863976239059582
119.26343660611745, 24.664101633289945
119.25087903926281, 24.46422702752031
119.23832147240817, 24.264352421750665
119.22576390555353, 24.06447781598103
119.2132063386989, 23.864603210211385
119.20064877184429, 23.66472860444175
119.18809120498965, 23.464853998672105
119.17553363813501, 23.264979392902468
119.16297607128037, 23.065104787132825
119.15041850442573, 22.865230181363188
119.13786093757109, 22.665355575593544
119.12530337071645, 22.465480969823908
119.11274580386181, 22.26560636405427
119.10018823700717, 22.065731758284628
119.08763067015254, 21.86585715251499
119.0750731032979, 21.665982546745347
119.06251553644326, 21.46610794097571
119.04995796958862, 21.266233335206067
119.03740040273398, 21.06635872943643
119.02484283587934, 20.866484123666787
119.01228526902473, 20.66660951789715
118.99972770217009, 20.466734912127514
118.98717013531545, 20.26686030635787
118.97461256846081, 20.066985700588233
118.96205500160617, 19.86711109481859
118.94949743475154, 19.667236489048953
118.9369398678969, 19.46736188327931
118.92438230104226, 19.267487277509673
118.91182473418762, 19.06761267174003
118.89926716733298, 18.867738065970393
118.88670960047834, 18.667863460200756
118.8741520336237, 18.467988854431113
118.86159446676906, 18.268114248661476
118.84903689991442, 18.068239642891832
118.83647933305978, 17.868365037122196
118.82392176620517, 17.668490431352552
118.81136419935054, 17.468615825582916
118.7988066324959, 17.268741219813272
118.78624906564126, 17.068866614043635
118.77369149878662, 16.86899200827399
118.76113393193198, 16.669117402504355
118.74857636507734, 16.46924279673472
118.7360187982227, 16.269368190965075
118.72346123136806, 16.06949358519544
118.71090366451342, 15.869618979425795
118.69834609765878, 15.669744373656158
118.68578853080415, 15.469869767886514
118.6732309639495, 15.269995162116878
118.66067339709487, 15.070120556347234
118.64811583024023, 14.870245950577598
118.63555826338562, 14.670371344807961
118.62300069653098, 14.470496739038317
118.61044312967634, 14.270622133268681
118.5978855628217, 14.070747527499037
118.58532799596706,13.87087292
118.57277042911242, 13.670998315959757
118.56021286225779, 13.47112371019012
118.54765529540315, 13.271249104420477
118.53509772854851, 13.07137449865084
118.52254016169387, 12.871499892881197
118.50998259483923, 12.67162528711156
118.49742502798459, 12.471750681341923
118.48486746112995, 12.27187607557228
118.47230989427531, 12.072001469802643
118.4597523274207,11.87212686
118.44719476056606, 11.672252258263363
121.16800091240408, 27.262680801076172
121.15544334554944, 27.06280619530653
121.1428857786948, 26.862931589536892
121.1303282118402, 26.663056983767248
121.11777064498555, 26.46318237799761
121.10521307813092, 26.263307772227975
121.09265551127628, 26.06343316645833
121.08009794442164, 25.863558560688695
121.0675404, 25.66368395491905
121.05498281071236, 25.463809349149415
121.04242524385772, 25.26393474337977
121.02986767700308, 25.064060137610134
121.01731011014844, 24.86418553184049
121.0047525432938, 24.664310926070854
120.99219497643917, 24.464436320301218
120.97963740958453, 24.264561714531574
120.96707984272989, 24.064687108761937
120.95452227587525, 23.864812502992294
120.94196470902064, 23.664937897222657
120.9294071, 23.465063291453014
120.91684957531136, 23.265188685683377
120.90429200845672, 23.065314079913733
120.89173444160208, 22.865439474144097
120.87917687474744, 22.665564868374453
120.8666193078928, 22.465690262604816
120.85406174103817, 22.26581565683518
120.84150417418353, 22.065941051065536
120.82894660732889,21.86606645
120.81638904047425, 21.666191839526256
120.80383147361961, 21.46631723375662
120.79127390676497, 21.266442627986976
120.77871633991033, 21.06656802221734
120.7661587730557, 20.866693416447696
120.75360120620108, 20.66681881067806
120.74104363934644, 20.466944204908422
120.7284860724918, 20.26706959913878
120.71592850563717, 20.067194993369142
120.70337093878253,19.86732039
120.69081337192789, 19.667445781829862
120.67825580507325, 19.46757117606022
120.66569823821861, 19.267696570290582
120.65314067136397, 19.067821964520938
120.64058310450933,18.86794736
120.6280255376547, 18.668072752981665
120.61546797080005, 18.46819814721202
120.60291040394542, 18.268323541442385
120.59035283709078, 18.06844893567274
120.57779527023614, 17.868574329903105
120.56523770338153, 17.66869972413346
120.55268013652689, 17.468825118363824
120.54012256967225, 17.26895051259418
120.52756500281761, 17.069075906824544
120.51500743596297,16.8692013
120.50244986910833, 16.669326695285264
122.89675928272577, 27.063015488087437
122.88420171587113,26.86314088
122.87164414901652, 26.663266276548157
122.85908658216188, 26.46339167077852
122.84652901530724, 26.263517065008884
122.8339714484526, 26.06364245923924
122.82141388159796, 25.863767853469604
122.80885631474332, 25.66389324769996
122.79629874788868, 25.464018641930323
122.78374118103405, 25.26414403616068
122.7711836141794, 25.064269430391043
122.75862604732477,24.86439482
122.74606848047013, 24.664520218851763
122.73351091361549, 24.464645613082126
122.72095334676085, 24.264771007312483
122.70839577990621, 24.064896401542846
122.69583821305157, 23.865021795773202
122.68328064619696, 23.665147190003566
122.67072307934232, 23.465272584233922
122.65816551248768, 23.265397978464286
122.64560794563305, 23.065523372694642
122.6330503787784, 22.865648766925005
122.62049281192377, 22.665774161155362
122.60793524506913, 22.465899555385725
122.59537767821449, 22.26602494961609
122.58282011135985, 22.066150343846445
122.57026254450521, 21.86627573807681
122.55770497765057, 21.666401132307165
122.54514741079593, 21.46652652653753
122.5325898439413, 21.266651920767885
122.52003227708666, 21.066777314998248
122.50747471023202, 20.866902709228604
122.4949171433774, 20.667028103458968
122.48235957652277, 20.46715349768933
122.46980200966813, 20.267278891919688
122.45724444281349, 20.06740428615005
122.44468687595885, 19.867529680380407
122.43212930910421, 19.66765507461077
122.41957174224957, 19.467780468841127
122.40701417539493, 19.26790586307149
122.3944566085403, 19.068031257301847
122.38189904168566, 18.86815665153221
122.36934147483102, 18.668282045762574
122.35678390797638, 18.46840743999293
122.34422634112174, 18.268532834223294
122.3316687742671, 18.06865822845365
122.31911120741246, 17.868783622684013
122.30655364055785, 17.66890901691437
122.29399607370321, 17.469034411144733
122.28143850684857, 17.26915980537509
122.26888093999393, 17.069285199605453
122.2563233731393, 16.86941059383581
122.24376580628466, 16.669535988066173
122.23120823943002, 16.469661382296536
122.21865067257538, 16.269786776526892
122.20609310572074, 16.069912170757256
124.07298471144345, 18.06886752123456
124.06042714458881, 17.868992915464922
124.0478695777342, 17.66911830969528
124.03531201087957, 17.469243703925642
124.02275444402493, 17.269369098155998
124.01019687717029, 17.06949449238636
123.99763931031565, 16.869619886616718
123.98508174346101, 16.66974528084708
123.97252417660637, 16.469870675077445
123.95996660975173,16.26999607
123.94740904289709, 16.070121463538165
123.93485147604245, 15.870246857768521
123.92229390918781, 15.670372251998884
123.90973634233318, 15.47049764622924
123.89717877547854, 15.270623040459604
123.8846212086239, 15.07074843468996
123.87206364176926, 14.870873828920324
123.85950607491465, 14.670999223150687
123.84694850806001, 14.471124617381044
123.83439094120537, 14.271250011611407
123.82183337435073, 14.071375405841763
123.80927580749609, 13.871500800072127
123.79671824064145, 13.671626194302483
123.78416067378681, 13.471751588532847
123.77160310693218, 13.271876982763203
123.75904554007754, 13.072002376993566
123.7464879732229, 12.872127771223923
123.73393040636826, 12.672253165454286
123.72137283951362, 12.47237855968465
123.70881527265898, 12.272503953915006
123.69625770580434, 12.07262934814537
123.6837001389497, 11.872754742375726
123.67114257209509, 11.67288013660609
123.65858500524045, 11.473005530836446
123.64602743838581, 11.273130925066809
125.80174308176514, 17.869202208245838
125.78918551491053, 17.669327602476194
125.77662794805589, 17.469452996706558
125.76407038120125, 17.269578390936914
125.75151281434661, 17.069703785167277
125.73895524749197, 16.869829179397634
125.72639768063733, 16.669954573627997
125.7138401137827, 16.47007996785836
125.70128254692806, 16.270205362088717
125.68872498007342, 16.07033075631908
125.67616741321878, 15.870456150549437
125.66360984636414,15.67058154
125.6510522795095, 15.470706939010157
125.63849471265486, 15.27083233324052
125.62593714580022, 15.070957727470876
125.61337957894558, 14.87108312170124
125.60082201209097, 14.671208515931603
125.58826444523633, 14.47133391016196
125.5757068783817, 14.271459304392323
125.56314931152706, 14.07158469862268
125.55059174467242, 13.871710092853043
125.53803417781778,13.67183549
125.52547661096314, 13.471960881313763
125.5129190441085, 13.272086275544119
125.50036147725386, 13.072211669774482
125.48780391039922, 12.872337064004839
125.47524634354458, 12.672462458235202
125.46268877668994, 12.472587852465566
125.4501312098353, 12.272713246695922
125.43757364298067, 12.072838640926285
125.42501607612606, 11.872964035156642
125.41245850927142, 11.673089429387005
125.39990094241678, 11.473214823617361
125.38734337556214, 11.273340217847725
125.3747858087075, 11.073465612078081
127.54305901894149, 17.869411501026747
127.53050145208688, 17.669536895257103
127.51794388523224, 17.469662289487466
127.5053863183776, 17.269787683717823
127.49282875152296, 17.069913077948186
127.48027118466833, 16.870038472178543
127.46771361781369, 16.670163866408906
127.45515605095905, 16.47028926063927
127.44259848410441, 16.270414654869626
127.43004091724977, 16.07054004909999
127.41748335039513, 15.870665443330346
127.40492578354049, 15.670790837560709
127.39236821668585, 15.470916231791065
127.37981064983121, 15.271041626021429
127.36725308297657, 15.071167020251785
127.35469551612194, 14.871292414482149
127.34213794926733, 14.671417808712512
127.32958038241269, 14.471543202942868
127.31702281555805, 14.271668597173232
127.30446524870341, 14.071793991403588
127.29190768184877, 13.871919385633952
127.27935011499413, 13.672044779864308
127.26679254813949, 13.472170174094671
127.25423498128485, 13.272295568325028
127.24167741443021, 13.072420962555391
127.22911984757557, 12.872546356785747
127.21656228072094, 12.67267175101611
127.2040047138663, 12.472797145246474
127.19144714701166, 12.27292253947683
127.17888958015702, 12.073047933707194
127.16633201330241, 11.87317332793755
127.15377444644777, 11.673298722167914
127.14121687959313, 11.47342411639827
127.12865931273849, 11.273549510628634
127.11610174588385, 11.07367490485899
127.10354417902921, 10.873800299089353
126.4254355688788,0.080571588
129.2843749561178, 17.869620793807655
129.27181738926322, 17.669746188038012
129.25925982240858, 17.469871582268375
129.24670225555394, 17.26999697649873
129.2341446886993, 17.070122370729095
129.22158712184466, 16.87024776495945
129.20902955499002, 16.670373159189815
129.1964719881354, 16.470498553420178
129.18391442128075, 16.270623947650535
129.1713568544261, 16.070749341880898
129.15879928757147, 15.870874736111254
129.14624172071683, 15.671000130341618
129.1336841538622, 15.471125524571974
129.12112658700755, 15.271250918802338
129.1085690201529, 15.071376313032694
129.09601145329827, 14.871501707263057
129.08345388644364, 14.67162710149342
129.0708963, 14.471752495723777
129.05833875273436, 14.27187788995414
129.04578118587972, 14.072003284184497
129.03322361902508, 13.87212867841486
129.02066605217044, 13.672254072645217
129.0081084853158, 13.47237946687558
128.99555091846116, 13.272504861105936
128.98299335160652,13.07263026
128.97043578475188, 12.872755649566656
128.95787821789725, 12.67288104379702
128.9453206510426, 12.473006438027383
128.93276308418797, 12.27313183225774
128.92020551733333, 12.073257226488103
128.9076479504787, 11.87338262071846
128.8950903836241, 11.673508014948823
128.88253281676947, 11.473633409179179
128.86997524991483, 11.273758803409542
128.8574176830602, 11.073884197639899
128.84486011620555, 10.874009591870262
128.8323025493509, 10.674134986100626
128.81974498249627, 10.474260380330982
128.80718741564164, 10.274385774561345
128.7946298, 10.074511168791702
128.78207228193236, 9.874636563022065
128.76951471507772, 9.674761957252421
128.75695714822308, 9.474887351482785
128.74439958136844, 9.275012745713141
128.7318420145138, 9.075138139943505
128.71928444765916, 8.875263534173868
128.70672688080452, 8.675388928404224
128.69416931394989, 8.475514322634588
128.68161174709525, 8.275639716864944
128.6690541802406, 8.075765111095308
128.65649661338597, 7.875890505325664
128.64393904653133, 7.6760158995560275
128.6313814796767, 7.476141293786384
128.61882391282205, 7.276266688016747
128.6062663459674, 7.076392082247104
128.59370877911277, 6.876517476477467
128.58115121225813, 6.6766428707078305
128.5685936454035, 6.476768264938187
128.55603607854886,6.276893659
128.54347851169422, 6.077019053398907
128.53092094483964,5.877144448
128.5183634, 5.677269841859626
128.50580581113036,5.477395236
128.49324824427572, 5.277520630320346
128.48069067742108,5.077646025
128.46813311056644, 4.877771418781073
128.4555755437118, 4.677896813011429
128.44301797685716, 4.478022207241793
128.43046041000252, 4.278147601472149
128.41790284314789, 4.078272995702513
128.40534527629325, 3.878398389932869
128.3927877094386, 3.6785237841632323
128.38023014258397, 3.4786491783935887
128.36767257572933, 3.278774572623952
128.3551150088747, 3.0788999668543084
128.34255744202005, 2.879025361084686
128.3299998751654, 2.6791507553150353
128.31744230831077, 2.4792761495453988
128.30488474145614, 2.279401543775762
128.2923271746015, 2.0795269380061256
128.27976960774686, 1.8796523322364749
128.26721204089222, 1.6797777264668383
128.25465447403758, 1.4799031206972018
128.24209690718294, 1.2800285149275652
128.2295393403283, 1.0801539091579144
128.21698177347366, 0.8802793033882779
128.20442420661902, 0.6804046976186413
128.19186663976438, 0.48053009184900475
128.17930907290975, 0.2806554860793682
128.1667515060551,0.08078088
128.15419393920052,-0.119093725
131.3647451983694, 23.266444442368837
131.35218763151477, 23.066569836599193
131.33963006466013, 22.866695230829556
131.3270724978055, 22.666820625059913
131.31451493095085, 22.466946019290276
131.3019573640962, 22.26707141352064
131.28939979724157, 22.067196807750996
131.27684223038693, 21.86732220198136
131.2642846635323, 21.667447596211716
131.25172709667766, 21.46757299044208
131.23916952982302, 21.267698384672435
131.22661196296838,21.06782378
131.21405439611374, 20.867949173133155
131.2014968292591, 20.66807456736352
131.18893926240446, 20.468199961593882
131.17638169554982, 20.26832535582424
131.16382412869518, 20.068450750054602
131.15126656184054, 19.868576144284958
131.1387089949859, 19.66870153851532
131.12615142813127, 19.468826932745678
131.11359386127663, 19.26895232697604
131.1010363, 19.069077721206398
131.08847872756735, 18.86920311543676
131.0759211607127, 18.669328509667125
131.06336359385807, 18.46945390389748
131.05080602700343, 18.269579298127844
131.0382484601488,18.06970469
131.02569089329415, 17.869830086588564
131.01313332643957, 17.66995548081892
131.00057575958493, 17.470080875049284
130.9880181927303, 17.27020626927964
130.97546062587566, 17.070331663510004
130.96290305902102, 16.87045705774036
130.95034549216638, 16.670582451970724
130.93778792531174, 16.470707846201087
130.9252303584571, 16.270833240431443
130.91267279160246, 16.070958634661807
130.90011522474782, 15.871084028892163
130.88755765789318, 15.671209423122527
130.87500009103854, 15.471334817352883
130.8624425241839, 15.271460211583246
130.84988495732927, 15.071585605813603
130.83732739047463, 14.871711000043966
130.8247698, 14.67183639427433
130.81221225676535, 14.471961788504686
130.7996546899107, 14.27208718273505
130.78709712305607, 14.072212576965406
130.77453955620143, 13.872337971195769
130.7619819893468, 13.672463365426125
130.74942442249215, 13.472588759656489
130.73686685563752, 13.272714153886845
130.72430928878288, 13.072839548117209
130.71175172192824, 12.872964942347565
130.6991941550736, 12.673090336577928
130.68663658821896, 12.473215730808292
130.67407902136432, 12.273341125038648
130.66152145450968, 12.073466519269012
130.64896388765504, 11.873591913499368
130.63640632080046, 11.673717307729731
130.62384875394582, 11.473842701960088
130.61129118709118, 11.273968096190451
130.59873362023654, 11.074093490420807
130.5861760533819, 10.874218884651171
130.57361848652727, 10.674344278881534
130.56106091967263, 10.47446967311189
130.5485034, 10.274595067342254
130.53594578596335, 10.07472046157261
130.5233882191087, 9.874845855802974
130.51083065225407,9.67497125
130.49827308539943, 9.475096644263694
130.4857155185448,9.275222038
130.47315795169015, 9.075347432724413
130.46060038483552, 8.875472826954777
130.44804281798088, 8.675598221185133
130.43548525112624, 8.475723615415497
130.4229276842716, 8.275849009645853
130.41037011741696, 8.075974403876216
130.39781255056232, 7.876099798106573
130.38525498370768, 7.676225192336936
130.37269741685304, 7.476350586567293
130.3601398499984, 7.276475980797656
130.34758228314377, 7.076601375028012
130.33502471628913, 6.876726769258376
130.3224671494345, 6.676852163488739
130.30990958257985, 6.476977557719096
130.2973520157252, 6.277102951949459
130.28479444887057, 6.077228346179815
130.2722369, 5.877353740410179
130.25967931516135, 5.677479134640535
130.2471217483067, 5.4776045288708985
130.23456418145207, 5.277729923101255
130.22200661459743, 5.077855317331618
130.2094490477428, 4.877980711561982
130.19689148088816, 4.678106105792338
130.18433391403352, 4.4782315000227015
130.17177634717888, 4.278356894253058
130.15921878032424, 4.078482288483421
130.1466612134696, 3.8786076827137776
130.13410364661496, 3.678733076944141
130.12154607976032, 3.4788584711744974
130.10898851290568, 3.278983865404861
130.09643094605104, 3.079109259635217
130.0838733791964, 2.879234653865595
130.07131581234177, 2.679360048095944
130.05875824548713, 2.4794854423263075
130.0462006786325, 2.279610836556671
130.03364311177785, 2.0797362307870344
130.0210855449232, 1.8798616250173836
130.00852797806857, 1.679987019247747
129.99597041121393, 1.4801124134781105
129.9834128443593, 1.280237807708474
129.97085527750465, 1.0803632019388232
129.95829771065002, 0.8804885961691866
129.94574014379538, 0.6806139903995501
129.93318257694074, 0.4807393846299135
129.9206250100861, 0.28086477886027694
129.90806744323146,0.080990173
129.89550987637688,-0.118884433
133.2065216703828, 24.865650581306866
133.19396410352817, 24.66577597553723
133.18140653667353, 24.465901369767593
133.1688489698189, 24.26602676399795
133.15629140296426, 24.066152158228313
133.14373383610962, 23.86627755245867
133.13117626925498, 23.666402946689033
133.11861870240034, 23.46652834091939
133.1060611355457, 23.266653735149752
133.09350356869106, 23.06677912938011
133.08094600183642, 22.866904523610472
133.06838843498178, 22.66702991784083
133.05583086812715, 22.467155312071192
133.0432733012725, 22.267280706301555
133.03071573441787, 22.06740610053191
133.01815816756323, 21.867531494762275
133.0056006007086, 21.66765688899263
132.99304303385395, 21.467782283222995
132.9804854669993, 21.26790767745335
132.96792790014467, 21.068033071683715
132.95537033329003, 20.86815846591407
132.94281276643545, 20.668283860144435
132.9302551995808, 20.468409254374798
132.91769763272617, 20.268534648605154
132.90514006587154, 20.068660042835518
132.8925824990169, 19.868785437065874
132.88002493216226, 19.668910831296238
132.86746736530762, 19.469036225526594
132.85490979845298, 19.269161619756957
132.84235223159834, 19.069287013987314
132.8297946647437, 18.869412408217677
132.81723709788906, 18.66953780244804
132.80467953103442, 18.469663196678397
132.79212196417978, 18.26978859090876
132.77956439732515, 18.069913985139117
132.7670068304705, 17.87003937936948
132.75444926361587, 17.670164773599836
132.74189169676123,17.47029017
132.7293341299066, 17.270415562060556
132.71677656305195, 17.07054095629092
132.7042189961973, 16.870666350521276
132.69166142934267, 16.67079174475164
132.67910386248803, 16.470917138982003
132.6665462956334, 16.27104253321236
132.65398872877876, 16.071167927442723
132.64143116192412, 15.871293321673079
132.62887359506948, 15.671418715903442
132.61631602821484, 15.471544110133799
132.6037584613602, 15.271669504364162
132.59120089450556, 15.071794898594518
132.57864332765092, 14.871920292824882
132.56608576079634, 14.672045687055245
132.5535281939417, 14.472171081285602
132.54097062708706, 14.272296475515965
132.52841306023242, 14.072421869746321
132.51585549337779, 13.872547263976685
132.50329792652315, 13.672672658207041
132.4907403596685, 13.472798052437405
132.47818279281387, 13.272923446667761
132.46562522595923, 13.073048840898124
132.4530676591046, 12.87317423512848
132.44051009224995, 12.673299629358844
132.4279525253953, 12.473425023589208
132.41539495854067, 12.273550417819564
132.40283739168603, 12.073675812049927
132.3902798248314, 11.873801206280284
132.37772225797676, 11.673926600510647
132.36516469112212, 11.474051994741004
132.35260712426748, 11.274177388971367
132.34004955741284, 11.074302783201723
132.3274919905582, 10.874428177432087
132.31493442370356, 10.67455357166245
132.30237685684892, 10.474678965892807
132.28981928999428, 10.27480436012317
132.27726172313965, 10.074929754353526
132.2647042,9.875055149
132.25214658943037, 9.675180542814246
132.23958902257573,9.475305937
132.2270314557211, 9.275431331274966
132.21447388886645,9.075556726
132.2019163220118, 8.875682119735693
132.18935875515723, 8.675807513966049
132.1768011883026, 8.475932908196413
132.16424362144795, 8.276058302426769
132.1516860545933, 8.076183696657132
132.13912848773867, 7.876309090887489
132.12657092088403, 7.676434485117852
132.1140133540294, 7.476559879348208
132.10145578717476, 7.276685273578572
132.08889822032012, 7.076810667808928
132.07634065346548, 6.876936062039292
132.06378308661084, 6.677061456269655
132.0512255197562, 6.477186850500011
132.03866795290156, 6.277312244730375
132.02611038604692, 6.077437638960731
132.01355281919228, 5.877563033191095
132.00099525233765, 5.677688427421451
131.9884377, 5.477813821651814
131.97588011862837, 5.277939215882171
131.96332255177373, 5.078064610112534
131.9507649849191, 4.878190004342898
131.93820741806445, 4.678315398573254
131.9256498512098, 4.478440792803617
131.91309228435517, 4.278566187033974
131.90053471750053, 4.078691581264337
131.8879771506459, 3.8788169754946935
131.87541958379126, 3.678942369725057
131.86286201693662, 3.4790677639554133
131.85030445008198, 3.2791931581857767
131.83774688322734, 3.079318552416133
131.82518931637276, 2.8794439466465036
131.81263174951812, 2.679569340876853
131.80007418266348, 2.4796947351072163
131.6493833804078,0.081199466
135.06085570925092, 26.664731326014532
135.04829814239628, 26.464856720244896
135.03574057554164, 26.26498211447526
135.023183, 26.065107508705616
135.01062544183236, 25.86523290293598
134.99806787497772, 25.665358297166335
134.98551030812308,25.46548369
134.97295274126844, 25.265609085627055
134.9603951744138, 25.06573447985742
134.94783760755917, 24.865859874087775
134.93528004070453, 24.66598526831814
134.9227224738499, 24.466110662548502
134.91016490699525, 24.266236056778858
134.8976073401406, 24.06636145100922
134.88504977328597, 23.866486845239578
134.87249220643133, 23.66661223946994
134.8599346395767, 23.466737633700298
134.84737707272205, 23.26686302793066
134.83481950586742, 23.066988422161018
134.82226193901278, 22.86711381639138
134.80970437215814, 22.667239210621737
134.7971468053035,22.4673646
134.78458923844886, 22.267489999082464
134.77203167159422, 22.06761539331282
134.75947410473958, 21.867740787543184
134.74691653788494, 21.66786618177354
134.7343589710303, 21.467991576003904
134.72180140417566, 21.26811697023426
134.70924383732103, 21.068242364464624
134.6966862704664, 20.86836775869498
134.6841287036118, 20.668493152925343
134.67157113675717, 20.468618547155707
134.65901356990253, 20.268743941386063
134.6464560030479, 20.068869335616426
134.63389843619325, 19.868994729846783
134.6213408693386, 19.669120124077146
134.60878330248397, 19.469245518307503
134.59622573562933, 19.269370912537866
134.5836681687747, 19.069496306768222
134.57111060192005, 18.869621700998586
134.55855303506542, 18.66974709522895
134.54599546821078, 18.469872489459306
134.53343790135614, 18.26999788368967
134.5208803345015, 18.070123277920025
134.50832276764686, 17.87024867215039
134.49576520079222, 17.670374066380745
134.48320763393758, 17.47049946061111
134.47065006708294, 17.270624854841465
134.4580925002283, 17.07075024907183
134.44553493337366, 16.870875643302185
134.43297736651903, 16.671001037532548
134.4204197996644, 16.47112643176291
134.40786223280975, 16.271251825993268
134.3953046659551, 16.07137722022363
134.38274709910047, 15.871502614453988
134.37018953224583, 15.671628008684351
134.3576319653912, 15.471753402914707
134.34507439853655, 15.271878797145071
134.33251683168191, 15.072004191375427
134.31995926482728, 14.87212958560579
134.3074016979727, 14.672254979836154
134.29484413111805, 14.47238037406651
134.28228656426342, 14.272505768296874
134.26972899740878, 14.07263116252723
136.8021716464272, 26.66494061879544
136.78961407957257, 26.465066013025805
136.77705651271793, 26.265191407256168
136.7644989458633, 26.065316801486524
136.75194137900866, 25.865442195716888
136.73938381215402, 25.665567589947244
136.72682624529938, 25.465692984177608
136.71426867844474, 25.265818378407964
136.7017111115901, 25.065943772638327
136.68915354473546, 24.866069166868684
136.67659597788082, 24.666194561099047
136.66403841102618, 24.46631995532941
136.65148084417154, 24.266445349559767
136.6389232773169, 24.06657074379013
136.62636571046227, 23.866696138020487
136.61380814360768, 23.66682153225085
136.60125057675305, 23.466946926481207
136.5886930098984, 23.26707232071157
136.57613544304377, 23.067197714941926
136.56357787618913, 22.86732310917229
136.5510203093345, 22.667448503402646
136.53846274247985, 22.46757389763301
136.5259051756252, 22.267699291863373
136.51334760877057, 22.06782468609373
136.50079004191593, 21.867950080324093
136.4882324750613, 21.66807547455445
136.47567490820666, 21.468200868784812
136.46311734135202, 21.26832626301517
136.45055977449738, 21.068451657245532
136.43800220764274, 20.86857705147589
136.4254446407881, 20.668702445706252
136.41288707393346, 20.468827839936615
136.40032950707882, 20.268953234166972
136.38777194022418, 20.069078628397335
136.37521437336954, 19.86920402262769
136.3626568065149, 19.669329416858055
136.35009923966027, 19.46945481108841
136.33754167280563, 19.269580205318775
136.3249841, 19.06970559954913
136.31242653909635, 18.869830993779495
136.2998689722417, 18.669956388009858
136.28731140538707, 18.470081782240214
136.27475383853243, 18.270207176470578
136.2621962716778, 18.070332570700934
136.24963870482316, 17.870457964931298
136.23708113796857, 17.670583359161654
136.22452357111393, 17.470708753392017
136.2119660042593, 17.270834147622374
136.19940843740466, 17.070959541852737
136.18685087055002, 16.871084936083093
138.53093001674893, 26.465275305806713
138.5183724498943, 26.265400700037077
138.50581488303965, 26.065526094267433
138.4932573, 25.865651488497797
138.48069974933037, 25.665776882728153
138.46814218247573, 25.465902276958516
138.4555846156211, 25.266027671188873
138.44302704876645, 25.066153065419236
138.4304694819118, 24.866278459649592
138.41791191505718, 24.666403853879956
138.40535434820254, 24.46652924811032
138.3927967813479, 24.266654642340676
138.38023921449326, 24.06678003657104
138.36768164763862, 23.866905430801395
138.35512408078404, 23.66703082503176
138.3425665139294, 23.467156219262115
138.33000894707476, 23.26728161349248
138.31745138022012, 23.067407007722835
138.30489381336548,22.8675324
138.29233624651084, 22.667657796183555
138.2797786796562, 22.46778319041392
138.26722111280156, 22.26790858464428
138.25466354594693, 22.068033978874638
138.2421059790923,21.86815937
138.22954841223765, 21.668284767335358
138.2169908, 21.46841016156572
138.20443327852837, 21.268535555796078
138.19187571167373, 21.06866095002644
138.1793181448191, 20.868786344256797
138.16676057796445, 20.66891173848716
138.15420301110981, 20.469037132717524
138.14164544425518, 20.26916252694788
138.12908787740054, 20.069287921178244
138.1165303105459,19.86941332
138.10397274369126, 19.669538709638964
138.09141517683662, 19.46966410386932
138.07885760998198, 19.269789498099684
138.06630004312734, 19.06991489233004
138.0537424762727, 18.870040286560403
138.04118490941806, 18.670165680790767
138.02862734256342, 18.470291075021123
138.0160697757088, 18.270416469251487
138.00351220885415, 18.070541863481843
137.9909546419995, 17.870667257712206
137.97839707514493, 17.670792651942563
137.9658395082903, 17.470918046172926
137.95328194143565, 17.271043440403282
137.9407244, 17.071168834633646
137.92816680772637, 16.871294228864002
137.91560924087173, 16.671419623094366
137.9030516740171, 16.47154501732473
137.89049410716245, 16.271670411555085
137.87793654030781, 16.07179580578545
137.86537897345318, 15.871921200015805
137.85282140659854, 15.672046594246169
137.8402638397439, 15.472171988476525
137.82770627288926, 15.272297382706888
137.81514870603462, 15.072422776937245
137.80259113917998, 14.872548171167608
137.79003357232534, 14.672673565397972
137.7774760054707, 14.472798959628328
137.76491843861606, 14.272924353858691
137.75236087176143, 14.073049748089048
137.7398033049068, 13.873175142319411
137.72724573805215, 13.673300536549768
137.7146881711975, 13.473425930780131
137.70213060434287, 13.273551325010487
137.68957303748823, 13.07367671924085
137.6770154706336, 12.873802113471207
137.66445790377895, 12.67392750770157
137.6519003369243, 12.474052901931934
137.63934277006967, 12.27417829616229
137.62678520321504, 12.074303690392654
137.6142276363604, 11.87442908462301
137.60167006950581, 11.674554478853373
137.58911250265118, 11.47467987308373
137.57655493579654, 11.274805267314093
137.5639973689419, 11.07493066154445
137.55143980208726, 10.875056055774813
137.53888223523262, 10.675181450005176
137.52632466837798, 10.475306844235533
137.51376710152334, 10.275432238465896
137.5012095346687, 10.075557632696253
137.48865196781406, 9.875683026926616
137.47609440095943, 9.675808421156972
137.4635368341048, 9.475933815387336
137.45097926725015, 9.276059209617692
137.4384217003955, 9.076184603848056
137.42586413354087, 8.876309998078419
137.41330656668623, 8.676435392308775
137.4007489998316, 8.476560786539139
137.38819143297695, 8.276686180769495
137.3756338661223, 8.076811574999859
137.36307629926768, 7.876936969230215
137.35051873241304, 7.677062363460578
137.3379611655584, 7.477187757690935
137.32540359870376, 7.277313151921298
137.31284603184912, 7.0774385461516545
137.30028846499448, 6.877563940382018
137.28773089813984, 6.677689334612381
137.2751733312852, 6.477814728842738
137.26261576443056, 6.277940123073101
137.25005819757592, 6.0780655173034575
137.23750063072134, 5.878190911533821
137.2249430638667, 5.678316305764177
137.21238549701206, 5.478441699994541
137.19982793015743, 5.278567094224897
137.1872703633028, 5.0786924884552604
137.17471279644815, 4.878817882685624
137.1621552295935,4.678943277
137.14959766273887, 4.479068671146344
137.13704009588423,4.279194065
137.1244825290296, 4.079319459607063
137.11192496217495, 3.8794448538374198
137.09936739532031, 3.679570248067783
137.08680982846568, 3.4796956422981395
137.07425226161104, 3.279821036528503
137.0616946947564, 3.0799464307588593
137.04913712790176,2.880071825
137.03657956104712, 2.680197219219579
137.02402199419248, 2.4803226134499425
137.01146442733784, 2.280448007680306
136.9989068604832, 2.0805734019106694
136.98634929362856, 1.8806987961410186
136.97379172677392, 1.680824190371382
136.9612341599193, 1.4809495846017455
136.94867659306465, 1.281074978832109
136.936119, 1.0812003730624582
136.92356145935537, 0.8813257672928216
136.91100389250073, 0.6814511615231851
136.8984463256461, 0.4815765557535485
136.8733311919368,0.081827344
139.88296138143153, 20.269371819728796
139.8704038145769, 20.06949721395916
139.85784624772225, 19.869622608189516
139.8452886808676, 19.66974800241988
139.83273111401297, 19.469873396650236
139.82017354715833,19.26999879
139.8076159803037, 19.070124185110956
139.79505841344906, 18.87024957934132
139.78250084659442, 18.670374973571683
139.76994327973978, 18.47050036780204
139.75738571288514, 18.270625762032402
139.7448281460305, 18.07075115626276
139.73227057917586, 17.870876550493122
139.71971301232122, 17.67100194472348
139.70715544546658, 17.471127338953842
139.69459787861194,17.27125273
139.6820403117573, 17.07137812741456
139.66948274490267, 16.871503521644918
139.65692517804803, 16.67162891587528
139.6443676111934, 16.471754310105645
139.63181004433875,16.2718797
139.6192524774841, 16.072005098566365
139.60669491062947, 15.872130492796721
139.59413734377483, 15.672255887027084
139.5815797769202, 15.47238128125744
139.56902221006555, 15.272506675487804
139.55646464321092, 15.07263206971816
139.54390707635628, 14.872757463948524
139.5313495095017, 14.672882858178887
139.51879194264706, 14.473008252409244
139.50623437579242, 14.273133646639607
139.49367680893778, 14.073259040869964
139.48111924208314, 13.873384435100327
139.4685616752285, 13.673509829330683
139.45600410837386, 13.473635223561047
139.44344654151922, 13.273760617791403
139.43088897466458, 13.073886012021767
139.41833140780994, 12.874011406252123
139.4057738409553, 12.674136800482486
139.39321627410067, 12.47426219471285
139.38065870724603, 12.274387588943206
139.3681011403914, 12.07451298317357
139.35554357353675, 11.874638377403926
139.3429860066821, 11.67476377163429
139.33042843982747, 11.474889165864646
139.31787087297283, 11.27501456009501
139.3053133061182, 11.075139954325365
139.29275573926355, 10.875265348555729
139.28019817240892, 10.675390742786092
139.26764060555428, 10.475516137016449
139.25508303869964, 10.275641531246812
139.2425255, 10.075766925477168
139.22996790499036, 9.875892319707532
139.21741033813572, 9.676017713937888
139.20485277128108, 9.476143108168252
139.19229520442644, 9.276268502398608
139.1797376375718, 9.076393896628971
139.16718007071717, 8.876519290859335
139.15462250386258, 8.676644685089691
139.14206493700794, 8.476770079320055
139.1295073701533, 8.276895473550411
139.11694980329867, 8.077020867780774
139.10439223644403, 7.877146262011131
139.0918346695894, 7.677271656241494
139.07927710273475, 7.4773970504718505
139.0667195358801, 7.277522444702214
139.05416196902547,7.077647839
139.04160440217083, 6.877773233162934
139.0290468353162, 6.677898627393297
139.01648926846156, 6.4780240216236535
139.00393170160692, 6.278149415854017
138.99137413475228, 6.078274810084373
138.97881656789764, 5.878400204314737
138.966259, 5.678525598545093
138.95370143418836, 5.4786509927754565
138.94114386733372, 5.278776387005813
138.92858630047908, 5.078901781236176
138.91602873362444,4.879027175
138.9034711667698, 4.679152569696896
138.89091359991517, 4.4792779639272595
138.87835603306053, 4.279403358157616
138.8657984662059, 4.079528752387979
138.85324089935125, 3.8796541466183356
138.8406833324966, 3.679779540848699
138.82812576564197, 3.4799049350790554
138.81556819878733, 3.280030329309419
138.8030106319327, 3.080155723539775
138.7904530650781, 2.8802811177701386
138.77789549822347, 2.680406512000488
138.76533793136883, 2.4805319062308513
138.7527803645142, 2.2806573004612147
138.74022279765956, 2.080782694691578
138.72766523080492, 1.8809080889219274
138.71510766395028, 1.6810334831522908
138.70255009709564, 1.4811588773826543
138.6899925, 1.2812842716130177
138.67743496338636, 1.081409665843367
138.66487739653172, 0.8815350600737304
138.65231982967708, 0.6816604543040938
138.63976226282244, 0.4817858485344573
138.6272046959678, 0.2819112427648207
138.61464712911317,0.082036637
138.60208956225853,-0.117837969
141.36056841466046, 16.072214391347273
141.34801084780582, 15.87233978557763
141.33545328095119, 15.672465179807993
141.32289571409655, 15.47259057403835
141.3103381472419, 15.272715968268713
141.29778058038727, 15.07284136249907
141.28522301353263, 14.872966756729433
141.27266544667805, 14.673092150959796
141.2601078798234, 14.473217545190153
141.24755031296877, 14.273342939420516
141.23499274611413, 14.073468333650872
141.2224351792595, 13.873593727881236
141.20987761240485, 13.673719122111592
141.1973200455502, 13.473844516341956
141.18476247869557, 13.273969910572312
141.17220491184094, 13.074095304802675
141.1596473449863, 12.874220699033032
141.14708977813166, 12.674346093263395
141.13453221127702, 12.474471487493759
141.12197464442238, 12.274596881724115
141.10941707756774, 12.074722275954478
141.0968595107131, 11.874847670184835
141.08430194385846, 11.674973064415198
141.07174437700382, 11.475098458645554
141.05918681014919, 11.275223852875918
141.04662924329455, 11.075349247106274
141.0340716764399, 10.875474641336638
141.02151410958527, 10.675600035567001
141.00895654273063, 10.475725429797357
140.996399, 10.27585082402772
140.98384140902135, 10.075976218258077
140.9712838421667,9.876101612
140.95872627531207, 9.676227006718797
140.94616870845744,9.476352401
140.9336111416028, 9.276477795179517
140.92105357474816,9.076603189
140.90849600789352, 8.876728583640244
140.89593844103894,8.676853978
140.8833808741843, 8.476979372100963
140.87082330732966,8.277104766
140.85826574047502, 8.077230160561683
140.84570817362038, 7.8773555547920395
140.83315060676574, 7.677480949022403
140.8205930399111, 7.477606343252759
140.80803547305646, 7.277731737483123
140.79547790620182, 7.077857131713479
140.78292033934719, 6.8779825259438425
140.77036277249255, 6.678107920174206
140.7578052056379, 6.478233314404562
140.74524763878327, 6.278358708634926
140.73269007192863, 6.078484102865282
140.7201325, 5.8786094970956455
140.70757493821935, 5.678734891326002
140.6950173713647, 5.478860285556365
140.68245980451007, 5.278985679786722
140.66990223765544, 5.079111074017085
140.6573446708008, 4.8792364682474485
140.64478710394616, 4.679361862477805
140.63222953709152, 4.479487256708168
140.61967197023688, 4.279612650938525
140.60711440338224, 4.079738045168888
140.5945568365276, 3.8798634393992444
140.58199926967296, 3.679988833629608
140.56944170281832, 3.480114227859964
140.55688413596368, 3.2802396220903276
140.54432656910905, 3.080365016320684
140.53176900225446, 2.8804904105510474
140.51921143539982, 2.6806158047813966
140.5066538685452,2.480741199
140.49409630169055, 2.2808665932421235
140.4815387348359, 2.080991987472487
140.46898116798127, 1.8811173817028362
140.45642360112663, 1.6812427759331996
140.443866, 1.481368170163563
140.43130846741735, 1.2814935643939265
140.4187509005627, 1.0816189586242757
140.40619333370807, 0.8817443528546391
140.39363576685344, 0.6818697470850026
140.3810781999988,0.481995141
140.36852063314416, 0.28212053554572947
140.35596306628952,0.08224593
140.34340549943488,-0.117628676
142.09727900346581,0.082455223
142.08472143661123,-0.117419383
143.83859494064217,0.082664515
143.82603737378759,-0.11721009
145.57991087781852,0.082873808
145.56735331096388,-0.117000798
147.32122681499482,0.083083101
147.30866924814023,-0.116791505
149.06254275217117,0.083292394
149.0499851853166,-0.116582212
150.80385868934752,0.083501686
150.79130112249288,-0.116372919
152.54517462652382,0.083710979
152.53261705966924,-0.116163627
154.28649056370017,0.083920272
154.2739329968456,-0.115954334
156.02780650087652,0.084129565
156.01524893402188,-0.115745041
157.76912243805288,0.084338858
157.75656487119824,-0.115535748
159.51043837522917,0.08454815
159.49788080837453,-0.115326455
161.25175431240552,0.084757443
161.23919674555088,-0.115117163
162.99307024958188,0.084966736
162.98051268272724,-0.11490787
164.73438618675823,0.085176029
164.7218286199036,-0.114698577
166.47570212393452,0.085385321
166.4631445570799,-0.114489284
168.21701806111088,0.085594614
168.20446049425624,-0.114279991
169.95833399828723,0.085803907
169.9457764314326,-0.114070699
171.69964993546358,0.0860132
171.68709236860894,-0.113861406
173.44096587263988,0.086222493
173.42840830578524,-0.113652113
175.18228180981623,0.086431785
175.1697242429616,-0.11344282
176.92359774699258,0.086641078
176.91104018013795,-0.113233528
178.66491368416894,0.086850371
178.6523561173143,-0.113024235
180.40622962134523,0.087059664
180.3936720544906,-0.112814942
182.14754555852159,0.087268957
182.13498799166695,-0.112605649
183.88886149569794,0.087478249
183.8763039288433,-0.112396356
185.6301774328743,0.087687542
185.61761986601965,-0.112187064
187.3714933700506,0.087896835
187.35893580319595,-0.111977771
189.1630395746455, 0.8876045507201411
189.15048200779086, 0.6877299449505045
189.13792444093622,0.487855339
189.12536687408158, 0.2879807334112314
189.11280930722694,0.088106128
189.1002517403723,-0.111768478
190.9545857792404, 1.6873122665796103
190.94202821238576, 1.4874376608099737
190.92947064553113, 1.2875630550403372
190.9169130786765, 1.0876884492706864
190.90435551182185, 0.8878138435010499
190.8917979449672, 0.6879392377314133
190.87924037811257, 0.48806463196177674
190.86668281125793, 0.2881900261921402
190.8541252444033,0.08831542
190.84156767754865,-0.111559185
192.73357441698067, 2.287145376669443
192.72101685012603, 2.0872707708998064
192.7084592832714, 1.8873961651301556
192.69590171641676, 1.687521559360519
192.68334414956212, 1.4876469535908825
192.67078658270748, 1.287772347821246
192.65822901585284, 1.0878977420515952
192.6456714489982, 0.8880231362819586
192.63311388214356,0.688148531
192.62055631528892, 0.4882739247426855
192.60799874843428, 0.28839931897304893
192.59544118157964,0.088524713
194.60046602270336, 4.286100727146753
194.58790845584872, 4.086226121377116
194.57535088899408, 3.8863515156074726
194.56279332213944, 3.686476909837836
194.5502357552848, 3.4866023040681924
194.53767818843016, 3.286727698298556
194.52512062157552, 3.086853092528912
194.51256305472089,2.886978487
194.50000548786625, 2.687103880989639
194.4874479210116, 2.4872292752200025
194.47489035415697, 2.287354669450366
194.46233278730233, 2.0874800636807294
194.4497752204477, 1.8876054579110786
194.43721765359305, 1.687730852141442
194.4246600867384, 1.4878562463718055
196.47991519528068, 6.484930683393699
196.46735762842604, 6.285056077624063
196.4548000615714, 6.085181471854419
196.44224249471677, 5.8853068660847825
196.42968492786213, 5.685432260315139
196.4171273610075, 5.485557654545502
196.40456979415285, 5.285683048775859
196.3920122272982, 5.085808443006222
196.37945466044357, 4.8859338372365855
196.36689709358893, 4.686059231466942
196.3543395267343, 4.486184625697305
196.3417819598797, 4.286310019927662
196.32922439302507, 4.086435414158025
196.31666682617043, 3.8865608083883814
196.3041092593158, 3.686686202618745
196.29155169246116, 3.486811596849101
196.27899412560652, 3.2869369910794646
196.26643655875188, 3.087062385309821
196.25387899189724, 2.8871877795401986
196.2413214250426, 2.687313173770548
196.22876385818796, 2.4874385680009112
196.21620629133332, 2.2875639622312747
196.20364872447868, 2.087689356461638
196.19109115762404, 1.8878147506919873
198.62307327180542, 12.881127360803085
198.61051570495079, 12.681252755033448
198.59795813809615, 12.481378149263811
198.5854005712415, 12.281503543494168
198.57284300438687, 12.081628937724531
198.56028543753223, 11.881754331954888
198.5477278706776, 11.681879726185251
198.53517030382295, 11.482005120415607
198.5226127369683, 11.28213051464597
198.51005517011367, 11.082255908876327
198.49749760325903, 10.88238130310669
198.4849400364044, 10.682506697337054
198.47238246954976, 10.48263209156741
198.45982490269517, 10.282757485797774
198.44726733584054, 10.08288288002813
198.4347097689859, 9.883008274258493
198.42215220213126,9.683133668
198.40959463527662, 9.483259062719213
198.39703706842198,9.283384457
198.38447950156734, 9.083509851179933
198.3719219347127, 8.883635245410296
198.35936436785806, 8.683760639640653
198.34680680100342, 8.483886033871016
198.33424923414879, 8.284011428101373
198.32169166729415, 8.084136822331736
198.3091341004395, 7.884262216562092
198.29657653358487, 7.684387610792456
198.28401896673023, 7.484513005022812
198.2714613998756, 7.284638399253176
198.25890383302095, 7.084763793483532
198.2463462661663, 6.884889187713895
198.23378869931167, 6.685014581944259
198.22123113245704, 6.485139976174615
198.2086735656024, 6.285265370404979
198.19611599874776, 6.085390764635335
198.18355843189312, 5.885516158865698
198.17100086503848, 5.685641553096055
198.15844329818384, 5.485766947326418
198.1458857313292, 5.2858923415567745
198.13332816447456, 5.086017735787138
198.12077059761992, 4.886143130017501
198.10821303076528, 4.686268524247858
198.09565546391065, 4.486393918478221
198.08309789705606, 4.2865193127085774
198.07054033020142, 4.086644706938941
198.05798276334679, 3.886770101169297
198.04542519649215, 3.6868954953996607
198.0328676296375, 3.487020889630017
198.02031006278287, 3.2871462838603804
198.00775249592823, 3.0872716780907368
197.9951949290736, 2.8873970723211073
197.98263736221895, 2.6875224665514565
197.9700797953643,2.487647861
197.95752222850967, 2.2877732550121834
200.64065567978378, 17.27857798051607
200.62809811292914, 17.078703374746432
200.6155405460745, 16.87882876897679
200.60298297921986, 16.678954163207152
200.59042541236522, 16.479079557437515
200.57786784551064, 16.27920495166787
200.5653103, 16.079330345898235
200.55275271180136, 15.879455740128591
200.54019514494672, 15.679581134358955
200.52763757809208, 15.479706528589311
200.51508001123744, 15.279831922819675
200.5025224443828, 15.079957317050031
200.48996487752817, 14.880082711280394
200.47740731067353, 14.680208105510758
200.4648497438189, 14.480333499741114
200.45229217696425, 14.280458893971478
200.4397346101096, 14.080584288201834
200.42717704325497, 13.880709682432197
200.41461947640033, 13.680835076662554
200.4020619095457, 13.480960470892917
200.38950434269105, 13.281085865123273
200.37694677583642, 13.081211259353637
200.36438920898178, 12.881336653583993
200.35183164212714, 12.681462047814357
200.3392740752725, 12.48158744204472
200.32671650841786, 12.281712836275076
200.31415894156322, 12.08183823050544
200.30160137470858, 11.881963624735796
200.28904380785394, 11.68208901896616
200.2764862409993, 11.482214413196516
200.26392867414467, 11.28233980742688
200.25137110729003, 11.082465201657236
200.2388135404354,10.8825906
200.22625597358075, 10.682715990117963
200.2136984067261, 10.482841384348319
200.20114083987153, 10.282966778578682
200.1885832730169, 10.083092172809039
200.17602570616225, 9.883217567039402
200.1634681393076, 9.683342961269759
200.15091057245297, 9.483468355500122
200.13835300559833, 9.283593749730478
200.1257954387437, 9.083719143960842
200.11323787188905, 8.883844538191205
200.10068030503442, 8.683969932421562
200.08812273817978, 8.484095326651925
200.07556517132514, 8.284220720882281
200.0630076044705, 8.084346115112645
200.05045003761586, 7.884471509343001
200.03789247076122, 7.684596903573365
200.02533490390658, 7.484722297803721
200.01277733705194, 7.284847692034084
200.0002197701973, 7.084973086264441
199.98766220334267, 6.885098480494804
199.97510463648803, 6.6852238747251675
199.9625470696334, 6.485349268955524
199.94998950277875, 6.285474663185887
199.9374319359241, 6.085600057416244
199.92487436906947, 5.885725451646607
199.91231680221483, 5.685850845876963
199.8997592353602, 5.485976240107327
199.88720166850555, 5.286101634337683
199.87464410165092, 5.086227028568047
199.86208653479628,4.886352423
202.5828926866343, 20.47678096561122
202.57033511977966, 20.276906359841576
202.55777755292502, 20.07703175407194
202.54521998607038, 19.877157148302295
202.53266241921574, 19.67728254253266
202.5201048523611, 19.477407936763015
202.50754728550646, 19.27753333099338
202.49498971865182, 19.077658725223735
202.48243215179718,18.87778412
202.46987458494254, 18.67790951368446
202.4573170180879, 18.478034907914818
202.44475945123327, 18.27816030214518
202.43220188437863, 18.078285696375538
202.4196443,17.87841109
202.40708675066935, 17.678536484836258
202.3945291838147, 17.47866187906662
202.38197161696007, 17.278787273296977
202.36941405010543, 17.07891266752734
202.3568564832508, 16.879038061757697
202.34429891639616, 16.67916345598806
202.33174134954152, 16.479288850218424
202.31918378268693, 16.27941424444878
202.3066262158323, 16.079539638679144
202.29406864897766,15.87966503
202.28151108212302, 15.679790427139864
202.26895351526838, 15.47991582137022
202.25639594841374, 15.280041215600583
202.2438383815591, 15.08016660983094
202.23128081470446, 14.880292004061303
202.21872324784982, 14.680417398291667
202.20616568099518, 14.480542792522023
202.19360811414055, 14.280668186752386
202.1810505472859, 14.080793580982743
202.16849298043127, 13.880918975213106
202.15593541357663, 13.681044369443462
202.1433778, 13.481169763673826
202.13082027986735, 13.281295157904182
202.1182627130127, 13.081420552134546
202.10570514615807, 12.881545946364902
202.09314757930343, 12.681671340595265
202.0805900124488, 12.481796734825629
202.06803244559416, 12.281922129055985
202.05547487873952, 12.082047523286349
202.04291731188488, 11.882172917516705
202.03035974503024, 11.682298311747068
202.0178021781756, 11.482423705977425
202.00524461132096, 11.282549100207788
201.99268704446632, 11.082674494438145
201.98012947761168, 10.882799888668508
201.96757191075704, 10.682925282898871
201.9550143439024, 10.483050677129228
201.94245677704782, 10.283176071359591
201.92989921019318, 10.083301465589948
201.91734164333855, 9.883426859820311
201.9047840764839, 9.683552254050667
201.89222650962927,9.483677648
201.87966894277463, 9.283803042511387
201.8671114,9.083928437
201.85455380906535, 8.884053830972114
201.8419962422107,8.684179225
201.82943867535607, 8.484304619432834
201.81688110850143,8.284430014
201.8043235416468, 8.084555407893554
201.79176597479216,7.884680802
201.77920840793752, 7.684806196354273
204.3367661906653, 20.676864864161765
204.32420862381065, 20.476990258392128
204.3116511, 20.277115652622484
204.29909349010137, 20.077241046852848
204.28653592324673, 19.877366441083204
204.2739783563921, 19.677491835313567
204.26142078953745, 19.477617229543924
204.24886322268281, 19.277742623774287
204.23630565582818, 19.077868018004644
204.22374808897354, 18.877993412235007
204.2111905221189, 18.67811880646537
204.19863295526426, 18.478244200695727
204.18607538840962, 18.27836959492609
204.17351782155498, 18.078494989156447
204.16096025470034, 17.87862038338681
204.1484026878457, 17.678745777617166
204.13584512099106, 17.47887117184753
204.12328755413643, 17.278996566077886
204.1107299872818, 17.07912196030825
204.09817242042715, 16.879247354538606
204.0856148535725, 16.67937274876897
204.07305728671787, 16.479498142999333
204.0604997198633, 16.27962353722969
204.04794215300865, 16.079748931460053
204.0353846, 15.879874325690409
204.02282701929937, 15.679999719920772
204.01026945244473, 15.480125114151129
203.9977118855901, 15.280250508381492
203.98515431873545, 15.080375902611848
203.97259675188081, 14.880501296842212
203.96003918502618, 14.680626691072575
203.94748161817154, 14.480752085302932
203.9349240513169, 14.280877479533295
203.92236648446226, 14.081002873763651
203.90980891760762, 13.881128267994015
206.07808212784164, 20.67707415694268
206.0655246, 20.477199551173044
206.05296699413236,20.27732495
206.04040942727772, 20.077450339633764
206.02785186042308, 19.87757573386412
206.01529429356845, 19.677701128094483
206.0027367267138, 19.47782652232484
205.99017915985917, 19.277951916555203
205.97762159300453, 19.07807731078556
205.9650640261499, 18.878202705015923
205.95250645929525, 18.678328099246286
205.9399488924406, 18.478453493476643
205.92739132558597, 18.278578887707006
205.91483375873133, 18.078704281937362
205.9022761918767, 17.878829676167726
205.88971862502206, 17.678955070398082
205.87716105816742, 17.479080464628446
205.86460349131278, 17.279205858858802
205.85204592445814, 17.079331253089165
205.8394883576035, 16.879456647319522
205.82693079074886, 16.679582041549885
205.81437322389422, 16.47970743578025
205.80181565703964, 16.279832830010605
205.7892581, 16.07995822424097
205.77670052333036, 15.880083618471325
205.76414295647572, 15.680209012701688
205.75158538962108, 15.480334406932045
207.83195563187257, 20.877158055493226
207.81939806501794, 20.67728344972359
207.8068404981633, 20.477408843953953
207.79428293130866, 20.27753423818431
207.78172536445402, 20.077659632414672
207.76916779759938, 19.87778502664503
207.75661023074474, 19.677910420875392
207.7440526638901, 19.47803581510575
207.73149509703546, 19.278161209336112
207.71893753018082, 19.078286603566468
207.70637996332619, 18.87841199779683
207.69382239647155, 18.678537392027195
207.6812648296169, 18.47866278625755
207.66870726276227, 18.278788180487915
207.65614969590763, 18.07891357471827
207.6435921, 17.879038968948635
207.63103456219835, 17.67916436317899
207.6184769953437, 17.479289757409354
207.60591942848907, 17.27941515163971
207.59336186163443, 17.079540545870074
207.5808042947798, 16.87966594010043
207.56824672792516, 16.679791334330794
207.55568916107052, 16.479916728561157
207.54313159421594, 16.280042122791514
207.5305740273613, 16.080167517021877
207.51801646050666, 15.880292911252234
207.50545889365202, 15.680418305482597
207.49290132679738, 15.480543699712953
209.5983867027582, 21.277116559813415
209.58582913590357, 21.077241954043778
209.57327156904893, 20.877367348274134
209.5607140021943, 20.677492742504498
209.54815643533965, 20.47761813673486
209.5355989, 20.277743530965218
209.52304130163037, 20.07786892519558
209.51048373477573, 19.877994319425937
209.4979261679211,19.67811971
209.48536860106645, 19.478245107886657
209.47281103421182, 19.27837050211702
209.46025346735718, 19.078495896347377
209.44769590050254, 18.87862129057774
209.4351383336479, 18.678746684808104
209.42258076679326, 18.47887207903846
209.41002319993862, 18.278997473268824
209.39746563308398, 18.07912286749918
209.38490806622934, 17.879248261729543
209.3723504993747,17.67937366
209.35979293252007, 17.479499050190263
209.34723536566543, 17.27962444442062
209.3346777988108, 17.079749838650983
209.32212023195615, 16.87987523288134
209.3095626651015, 16.680000627111703
209.29700509824687, 16.480126021342066
209.2844475313923, 16.280251415572423
209.27188996453765, 16.080376809802786
209.2593324, 15.880502204033142
209.24677483082837, 15.680627598263506
209.23421726397373, 15.480752992493862
211.41504804106233, 22.476573487212164
211.40249047420775, 22.276698881442528
211.3899329073531, 22.076824275672884
211.37737534049847, 21.876949669903247
211.36481777364384, 21.677075064133604
211.3522602067892, 21.477200458363967
211.33970263993456, 21.277325852594323
211.32714507307992, 21.077451246824687
211.31458750622528, 20.877576641055043
211.30202993937064, 20.677702035285407
211.2894724, 20.47782742951577
211.27691480566136, 20.277952823746126
211.26435723880672, 20.07807821797649
211.25179967195209, 19.878203612206846
211.23924210509745, 19.67832900643721
211.2266845382428, 19.478454400667566
211.21412697138817, 19.27857979489793
211.20156940453353, 19.078705189128286
211.1890118376789, 18.87883058335865
211.17645427082425, 18.678955977589013
211.1638967039696, 18.47908137181937
211.15133913711497, 18.279206766049732
211.13878157026033, 18.07933216028009
211.1262240034057, 17.879457554510452
211.11366643655106, 17.67958294874081
211.10110886969642, 17.479708342971172
211.08855130284178, 17.27983373720153
211.07599373598714, 17.07995913143189
211.0634361691325, 16.880084525662248
211.05087860227786, 16.68020991989261
211.03832103542322, 16.480335314122975
211.02576346856864, 16.28046070835333
211.0132059, 16.080586102583695
211.00064833485936, 15.880711496814051
210.98809076800472, 15.680836891044414
213.16892154509333, 22.676657385762717
213.1563639782387, 22.47678277999308
213.14380641138405, 22.276908174223443
213.13124884452947,22.07703357
213.11869127767483, 21.877158962684163
213.1061337108202, 21.67728435691452
213.09357614396555, 21.477409751144883
213.0810185771109, 21.27753514537524
213.06846101025627, 21.077660539605603
213.05590344340163, 20.87778593383596
213.0433459, 20.677911328066322
213.03078830969235, 20.478036722296686
213.01823074283772, 20.278162116527042
213.00567317598308, 20.078287510757406
212.99311560912844, 19.878412904987762
212.9805580422738, 19.678538299218125
212.96800047541916, 19.478663693448482
212.95544290856452, 19.278789087678845
212.94288534170988,19.07891448
212.93032777485524, 18.879039876139565
212.9177702080006, 18.67916527036993
212.90521264114597, 18.479290664600285
212.89265507429133, 18.27941605883065
212.8800975074367, 18.079541453061005
212.86753994058205, 17.879666847291368
212.8549823737274, 17.679792241521724
212.84242480687277, 17.479917635752088
212.82986724001813, 17.280043029982444
212.8173096731635, 17.080168424212808
212.80475210630885, 16.880293818443164
212.79219453945421, 16.680419212673527
212.77963697259958, 16.48054460690389
212.7670794, 16.280670001134247
212.75452183889035, 16.08079539536461
214.92279504912426, 22.87674128431327
214.91023748226962, 22.676866678543625
214.89767991541498, 22.47699207277399
214.88512234856034, 22.277117467004352
214.87256478170576, 22.07724286123471
214.86000721485112, 21.877368255465072
214.84744964799648, 21.67749364969543
214.83489208114185, 21.47761904392579
214.8223345142872, 21.277744438156148
214.80977694743257, 21.07786983238651
214.79721938057793, 20.877995226616868
214.7846618137233, 20.67812062084723
214.77210424686865, 20.478246015077595
214.7595467, 20.27837140930795
214.74698911315937, 20.078496803538314
214.73443154630473, 19.87862219776867
214.7218739794501, 19.678747591999034
214.70931641259546, 19.47887298622939
214.69675884574082, 19.278998380459754
214.68420127888618, 19.07912377469011
214.67164371203154, 18.879249168920474
214.6590861451769, 18.679374563150837
214.64652857832226, 18.479499957381194
214.63397101146762, 18.279625351611557
214.62141344461298, 18.079750745841913
214.60885587775834, 17.879876140072277
214.5962983109037, 17.680001534302633
214.58374074404907, 17.480126928532997
214.57118317719443, 17.280252322763353
214.5586256103398, 17.080377716993716
214.54606804348515, 16.880503111224073
214.5335104766305, 16.680628505454436
214.52095290977587,16.4807539
214.5083953429213, 16.280879293915156
214.49583777606665, 16.08100468814552
214.4832802, 15.881130082375876
214.47072264235737, 15.681255476606239
214.45816507550273, 15.481380870836595
214.4456075086481, 15.281506265066959
214.43304994179346, 15.081631659297315
214.42049237493882, 14.881757053527679
214.40793480808418, 14.681882447758042
214.39537724122954, 14.482007841988398
214.3828196743749, 14.282133236218762
214.37026210752026, 14.082258630449118
216.65155341944597, 22.677075971324534
216.63899585259134, 22.477201365554897
216.62643828573675, 22.27732675978526
216.61388071888211, 22.077452154015617
216.60132315202748, 21.87757754824598
216.58876558517284, 21.677702942476337
216.5762080183182,21.47782834
216.56365045146356, 21.277953730937057
216.55109288460892, 21.07807912516742
216.53853531775428, 20.878204519397777
216.52597775089964, 20.67832991362814
216.5134202, 20.478455307858503
216.50086261719036, 20.27858070208886
216.48830505033573, 20.078706096319223
216.4757474834811, 19.87883149054958
216.46318991662645, 19.678956884779943
216.4506323497718,19.47908228
216.43807478291717, 19.279207673240663
216.42551721606253, 19.07933306747102
216.4129596492079, 18.879458461701383
216.40040208235325, 18.679583855931746
216.3878445154986, 18.479709250162102
216.37528694864397, 18.279834644392466
216.36272938178934, 18.079960038622822
216.3501718149347, 17.880085432853186
216.33761424808006, 17.680210827083542
216.32505668122542, 17.480336221313905
216.31249911437078, 17.28046161554426
216.29994154751614, 17.080587009774625
216.2873839806615, 16.88071240400498
216.27482641380686, 16.680837798235345
216.26226884695222, 16.48096319246571
216.24971128009764, 16.281088586696065
216.2371537, 16.081213980926428
216.22459614638836, 15.881339375156784
216.21203857953373, 15.681464769387148
216.1994810126791, 15.481590163617504
216.18692344582445, 15.281715557847868
216.1743658789698, 15.081840952078224
216.16180831211517, 14.881966346308587
216.14925074526053, 14.68209174053895
216.1366931784059, 14.482217134769307
216.12413561155125, 14.28234252899967
216.1115780446966, 14.082467923230027
216.09902047784198, 13.88259331746039
218.29240882178527, 21.07828841794833
218.27985125493063, 20.878413812178685
218.2672937, 20.67853920640905
218.25473612122136, 20.478664600639412
218.24217855436672, 20.27878999486977
218.22962098751208, 20.078915389100132
218.21706342065744, 19.87904078333049
218.2045058538028, 19.67916617756085
218.19194828694816, 19.479291571791208
218.17939072009352, 19.27941696602157
218.16683315323888, 19.079542360251928
218.15427558638424, 18.87966775448229
218.1417180195296, 18.679793148712655
218.12916045267497, 18.47991854294301
218.11660288582033, 18.280043937173375
218.1040453189657, 18.08016933140373
218.09148775211105, 17.880294725634094
218.0789301852564, 17.68042011986445
218.06637261840177, 17.480545514094814
218.05381505154713, 17.28067090832517
218.0412574846925, 17.080796302555534
218.02869991783786, 16.88092169678589
218.01614235098322, 16.681047091016254
218.00358478412858, 16.481172485246617
217.9910272, 16.281297879476973
217.97846965041936, 16.081423273707337
217.96591208356472, 15.881548667937693
217.95335451671008, 15.681674062168057
217.94079694985544, 15.481799456398413
217.9282393830008, 15.281924850628776
217.91568181614616, 15.082050244859133
217.90312424929152, 14.882175639089496
217.89056668243688, 14.68230103331986
217.87800911558224, 14.482426427550216
217.8654515487276, 14.28255182178058
217.85289398187297, 14.082677216010936
217.84033641501833,13.88280261
217.8277788481637, 13.682928004471655
217.81522128130905, 13.483053398702019
217.8026637144544, 13.283178792932375
217.79010614759977, 13.083304187162739
217.77754858074513, 12.883429581393095
217.7649910138905, 12.683554975623458
217.75243344703586, 12.483680369853822
217.73987588018122, 12.283805764084178
217.72731831332658, 12.083931158314542
217.68964561276266, 11.484307341005618
219.70722802074107, 15.881757960718609
219.69467045388643, 15.681883354948972
219.6821128870318, 15.482008749179329
219.66955532017715, 15.282134143409692
219.6569977533225, 15.082259537640049
219.64444018646788, 14.882384931870412
219.63188261961324, 14.682510326100775
219.6193250527586, 14.482635720331132
219.60676748590396, 14.282761114561495
219.59420991904932, 14.082886508791852
219.58165235219468, 13.883011903022215
219.56909478534004, 13.683137297252571
219.5565372184854, 13.483262691482935
219.54397965163076, 13.283388085713291
219.53142208477612, 13.083513479943655
219.5188645179215, 12.88363887417401
219.50630695106685, 12.683764268404374
219.4937493842122, 12.483889662634738
219.48119181735757, 12.284015056865094
219.46863425050293, 12.084140451095458
219.4560766836483, 11.884265845325814
219.44351911679365, 11.684391239556177
219.4309615, 11.484516633786534
219.41840398308437, 11.284642028016897
219.40584641622974, 11.084767422247253
219.3932888493751, 10.884892816477617
219.38073128252046, 10.68501821070798
219.36817371566582, 10.485143604938337
219.35561614881124,10.285269
219.3430585819566, 10.085394393399056
219.33050101510196,9.885519788
219.31794344824732, 9.685645181859776
219.30538588139268,9.485770576
219.29282831453804, 9.285895970320496
219.2802707476834,9.086021365
219.26771318082876, 8.886146758781223
219.25515561397413,8.686272153
219.2425980471195, 8.486397547241943
219.23004048026485, 8.286522941472299
219.2174829134102, 8.086648335702662
219.20492534655557, 7.886773729933019
219.19236777970093, 7.686899124163382
219.1798102128463, 7.4870245183937385
219.16725264599165, 7.287149912624102
219.1546951, 7.087275306854458
219.14213751228237, 6.887400701084822
219.12957994542774, 6.687526095315185
221.43598639106273, 15.682092647729881
221.4234288242081, 15.482218041960238
221.41087125735345, 15.282343436190601
221.3983136904988, 15.082468830420957
221.38575612364417, 14.88259422465132
221.37319855678953, 14.682719618881684
221.3606409899349, 14.48284501311204
221.34808342308025, 14.282970407342404
221.33552585622562, 14.08309580157276
221.32296828937098, 13.883221195803124
221.31041072251634, 13.68334659003348
221.2978531556617, 13.483471984263844
221.28529558880706,13.28359738
221.27273802195242, 13.083722772724563
221.26018045509778, 12.88384816695492
221.24762288824314, 12.683973561185283
221.2350653213885, 12.484098955415647
221.22250775453386, 12.284224349646003
221.20995018767923, 12.084349743876366
221.1973926208246, 11.884475138106723
221.18483505396995, 11.684600532337086
221.1722774871153, 11.484725926567442
221.15971992026067, 11.284851320797806
221.14716235340603, 11.084976715028162
221.1346047865514, 10.885102109258526
221.12204721969675, 10.685227503488889
221.10948965284211, 10.485352897719245
221.09693208598753, 10.285478291949609
221.0843745191329, 10.085603686179965
221.07181695227825, 9.885729080410329
221.05925938542362, 9.685854474640685
221.04670181856898, 9.485979868871048
221.03414425171434, 9.286105263101405
221.0215866848597, 9.086230657331768
221.00902911800506, 8.886356051562132
220.99647155115042, 8.686481445792488
220.98391398429578, 8.486606840022851
220.97135641744114, 8.286732234253208
220.9587988505865, 8.086857628483571
220.94624128373187, 7.8869830227139275
220.93368371687723, 7.687108416944291
220.9211261500226, 7.487233811174647
220.90856858316795, 7.287359205405011
220.8960110163133, 7.087484599635367
220.88345344945867, 6.8876099938657305
220.87089588260403, 6.687735388096094
223.214975, 16.281925757819707
223.20241746194836, 16.08205115205007
223.18985989509372, 15.882176546280427
223.17730232823908, 15.68230194051079
223.16474476138444, 15.482427334741146
223.1521871945298, 15.28255272897151
223.13962962767516, 15.082678123201866
223.12707206082052, 14.88280351743223
223.11451449396588, 14.682928911662593
223.10195692711125, 14.48305430589295
223.0893993602566, 14.283179700123313
223.07684179340197, 14.083305094353669
223.06428422654733, 13.883430488584033
223.0517266596927, 13.683555882814389
223.03916909283805, 13.483681277044752
223.0266115259834, 13.283806671275109
223.01405395912877, 13.083932065505472
223.00149639227413, 12.884057459735828
222.9889388254195, 12.684182853966192
222.97638125856486, 12.484308248196555
222.96382369171022, 12.284433642426912
222.95126612485558, 12.084559036657275
222.93870855800094, 11.884684430887631
222.9261509911463, 11.684809825117995
222.91359342429166, 11.484935219348351
222.90103585743702, 11.285060613578715
222.88847829058238, 11.085186007809071
222.87592072372775, 10.885311402039434
222.8633631568731, 10.685436796269798
222.85080559001847, 10.485562190500154
222.83824802316389, 10.285687584730518
222.82569045630925, 10.085812978960874
222.8131328894546, 9.885938373191237
222.80057532259997, 9.686063767421594
222.78801775574533, 9.486189161651957
222.7754601888907, 9.286314555882313
222.76290262203605, 9.086439950112677
222.7503450551814,8.886565344
222.73778748832677, 8.686690738573397
222.72522992147213,8.486816133
222.7126723546175, 8.286941527034116
222.70011478776286,8.087066921
222.68755722090822, 7.887192315494836
222.67499965405358,7.68731771
222.66244208719894, 7.487443103955556
222.6498845203443, 7.2875684981859195
222.63732695348966, 7.087693892416276
222.62476938663502, 6.887819286646639
222.61221181978038, 6.687944680877003
225.20744230307207, 20.279627165993418
225.19488473621743, 20.07975256022378
225.1823271693628, 19.879877954454138
225.16976960250815,19.68000335
225.15721203565352, 19.480128742914857
225.14465446879888, 19.28025413714522
225.13209690194424, 19.080379531375577
225.1195393350896, 18.88050492560594
225.10698176823496, 18.680630319836304
225.09442420138032, 18.48075571406666
225.08186663452568, 18.280881108297024
225.06930906767104, 18.08100650252738
225.0567515008164, 17.881131896757744
225.04419393396176,17.68125729
225.03163636710713, 17.481382685218463
225.0190788002525, 17.28150807944882
225.00652123339785, 17.081633473679183
224.9939636665432, 16.88175886790954
224.98140609968857, 16.681884262139903
224.96884853283393, 16.482009656370266
224.95629096597935, 16.282135050600623
224.9437333991247, 16.082260444830986
224.93117583227007, 15.882385839061342
224.91861826541543, 15.682511233291706
224.9060606985608, 15.482636627522062
224.89350313170615, 15.282762021752426
224.88094556485152, 15.082887415982782
224.86838799799688, 14.883012810213145
224.85583043114224, 14.683138204443509
224.8432728642876, 14.483263598673865
224.83071529743296, 14.283388992904229
224.81815773057832, 14.083514387134585
224.80560016372368, 13.883639781364948
224.79304259686904, 13.683765175595305
224.7804850300144, 13.483890569825668
224.76792746315977, 13.284015964056024
224.75536989630513, 13.084141358286388
224.7428123294505, 12.884266752516744
224.73025476259585, 12.684392146747108
224.7176971957412, 12.484517540977471
224.70513962888657, 12.284642935207827
224.69258206203193, 12.084768329438191
224.6800244951773, 11.884893723668547
224.66746692832265, 11.68501911789891
224.65490936146801, 11.485144512129267
224.64235179461338, 11.28526990635963
224.62979422775874, 11.085395300589987
224.6172366609041, 10.88552069482035
224.60467909404946, 10.685646089050714
224.59212152719482, 10.48577148328107
224.57956396034024, 10.285896877511433
224.5670063934856, 10.08602227174179
224.55444882663096, 9.886147665972153
224.54189125977632,9.68627306
224.52933369292168, 9.486398454432873
224.51677612606704,9.286523849
224.5042185592124, 9.086649242893593
224.49166099235777, 8.886774637123956
224.47910342550313, 8.686900031354313
224.4665458586485, 8.487025425584676
224.45398829179385, 8.287150819815032
224.4414307249392, 8.087276214045396
224.42887315808457, 7.887401608275752
224.41631559122993, 7.6875270025061155
224.4037580243753, 7.487652396736472
226.96131580710306, 20.47971106454397
226.94875824024842, 20.279836458774327
226.93620067339378, 20.07996185300469
226.92364310653915, 19.880087247235046
226.9110855396845, 19.68021264146541
226.89852797282987, 19.480338035695766
226.88597040597523, 19.28046342992613
226.8734128391206, 19.080588824156486
226.86085527226595, 18.88071421838685
226.8482977054113, 18.680839612617213
226.83574013855667, 18.48096500684757
226.82318257170203, 18.281090401077932
226.8106250048474, 18.08121579530829
226.79806743799276, 17.881341189538652
226.78550987113812, 17.68146658376901
226.77295230428348, 17.481591977999372
226.76039473742884, 17.28171737222973
226.7478371705742, 17.081842766460092
226.73527960371956, 16.881968160690448
226.72272203686492, 16.68209355492081
226.71016447001028, 16.482218949151175
226.6976069031557, 16.28234434338153
226.68504933630106, 16.082469737611895
226.67249176944642, 15.882595131842251
226.65993420259178, 15.682720526072615
226.64737663573715, 15.482845920302971
226.6348190688825, 15.282971314533334
226.62226150202787, 15.08309670876369
226.60970393517323, 14.883222102994054
226.5971463683186, 14.683347497224418
228.70263174427936, 20.47992035732488
228.69007417742472, 20.280045751555235
228.67751661057008,20.08017115
228.66495904371544, 19.880296540015955
228.6524014768608, 19.68042193424632
228.63984391000616, 19.480547328476675
228.62728634315152, 19.28067272270704
228.6147287762969, 19.080798116937395
228.60217120944225, 18.880923511167758
228.5896136425876, 18.68104890539812
228.57705607573297, 18.481174299628478
228.56449850887833, 18.28129969385884
228.5519409420237, 18.081425088089198
228.53938337516905, 17.88155048231956
228.5268258083144, 17.681675876549917
228.51426824145977, 17.48180127078028
228.50171067460514, 17.281926665010637
228.4891531077505,17.08205206
228.47659554089586, 16.882177453471357
228.46403797404122, 16.68230284770172
228.45148040718658, 16.482428241932084
228.4389228, 16.28255363616244
228.42636527347736, 16.082679030392804
228.41380770662272, 15.88280442462316
228.40125013976808, 15.682929818853523
230.41883254774643, 20.080380438566507
230.4062749808918, 19.880505832796864
230.39371741403716, 19.680631227027227
230.38115984718252, 19.480756621257584
230.36860228032788, 19.280882015487947
230.35604471347324, 19.081007409718303
230.3434871466186, 18.881132803948667
230.33092957976396, 18.68125819817903
230.31837201290932, 18.481383592409387
230.30581444605468, 18.28150898663975
230.29325687920004, 18.081634380870106
230.2806993123454, 17.88175977510047
230.26814174549077, 17.681885169330826
230.25558417863613, 17.48201056356119
230.2430266117815, 17.282135957791546
230.23046904492685, 17.08226135202191
230.2179114780722, 16.882386746252266
230.20535391121757, 16.68251214048263
230.19279634436293, 16.482637534712993
230.18023877750835, 16.28276292894335
230.1676812106537, 16.082888323173712
230.15512364379907, 15.883013717404069
230.14256607694443, 15.683139111634432
230.1300085100898, 15.483264505864788
230.11745094323516, 15.283389900095152
230.10489337638052, 15.083515294325508
230.09233580952588, 14.883640688555872
230.07977824267124, 14.683766082786235
230.0672206758166, 14.483891477016591
230.05466310896196, 14.284016871246955
230.04210554210732, 14.084142265477311
230.02954797525268, 13.884267659707675
230.01699040839804, 13.684393053938031
230.0044328415434, 13.484518448168394
229.99187527468877, 13.28464384239875
229.97931770783413, 13.084769236629114
231.94666984839392, 16.682721433263545
231.93411228153929, 16.48284682749391
231.9215547146847, 16.282972221724265
231.90899714783006, 16.083097615954628
231.89643958097543, 15.883223010184985
231.8838820141208, 15.683348404415348
231.87132444726615, 15.483473798645704
231.8587668804115, 15.283599192876068
231.84620931355687, 15.083724587106424
231.83365174670223, 14.883849981336787
231.8210941798476, 14.683975375567151
231.80853661299295, 14.484100769797507
231.7959790461383, 14.28422616402787
231.78342147928367, 14.084351558258227
231.77086391242904, 13.88447695248859
231.7583063455744, 13.684602346718947
231.74574877871976, 13.48472774094931
231.73319121186512, 13.284853135179667
231.72063364501048, 13.08497852941003
231.70807607815584, 12.885103923640386
233.67542821871564, 16.483056120274817
233.66287065186106, 16.283181514505173
233.65031308500642, 16.083306908735537
233.63775551815178, 15.883432302965893
233.62519795129714, 15.683557697196257
233.6126403844425, 15.483683091426613
233.60008281758786, 15.283808485656976
233.58752525073322, 15.083933879887333
233.57496768387858, 14.884059274117696
233.56241011702394, 14.68418466834806
233.5498525501693, 14.484310062578416
233.53729498331467, 14.28443545680878
233.52473741646003, 14.084560851039136
233.5121798496054,13.88468625
233.49962228275075, 13.684811639499856
233.4870647158961, 13.484937033730219
233.47450714904147, 13.285062427960575
233.46194958218683, 13.085187822190939
233.4493920153322, 12.885313216421295
233.43683444847755, 12.685438610651659
235.40418658903735, 16.283390807286082
235.3916290221827, 16.083516201516446
235.37907145532807, 15.883641595746802
235.36651388847343, 15.683766989977165
235.3539563216188, 15.483892384207522
235.34139875476416, 15.284017778437885
235.32884118790952, 15.084143172668242
235.31628362105488, 14.884268566898605
235.30372605420024, 14.684393961128968
235.2911684873456, 14.484519355359325
235.27861092049096, 14.284644749589688
235.26605335363632, 14.084770143820045
235.25349578678168, 13.884895538050408
235.24093821992705, 13.685020932280764
235.2283806530724, 13.485146326511128
235.21582308621777, 13.285271720741484
235.20326551936313, 13.085397114971848
235.1907079525085, 12.885522509202204
235.17815038565385, 12.685647903432567
235.1655928187992, 12.48577329766293
235.15303525194457, 12.285898691893287
235.14047768508993, 12.08602408612365
235.1279201182353, 11.886149480354007
235.11536255138066, 11.68627487458437
235.10280498452602, 11.486400268814727
235.09024741767138, 11.28652566304509
235.07768985081674, 11.086651057275446
235.0651322839621, 10.88677645150581
235.05257471710746, 10.686901845736173
235.04001715025282, 10.48702723996653
235.02745958339824, 10.287152634196893
235.0149020165436, 10.08727802842725
235.00234444968896, 9.887403422657613
237.0450419913766, 14.684603253909877
237.03248442452195, 14.484728648140234
237.01992685766731, 14.284854042370597
237.00736929081268, 14.084979436600953
236.99481172395804, 13.885104830831317
236.9822541571034, 13.685230225061673
236.96969659024876, 13.485355619292037
236.95713902339412, 13.285481013522393
236.94458145653948, 13.085606407752756
236.93202388968484, 12.885731801983113
236.9194663228302, 12.685857196213476
236.90690875597556, 12.48598259044384
236.89435118912093, 12.286107984674196
236.8817936222663, 12.08623337890456
236.86923605541165, 11.886358773134916
236.8566785, 11.686484167365279
236.84412092170237, 11.486609561595635
236.83156335484773, 11.286734955825999
236.8190057879931, 11.086860350056355
236.80644822113845, 10.886985744286719
236.7938906542838, 10.687111138517082
236.78133308742918, 10.487236532747438
236.7687755205746, 10.287361926977802
236.75621795371995, 10.087487321208158
236.74366038686532, 9.887612715438522
236.73110282001068, 9.687738109668878
236.71854525315604, 9.487863503899241
236.7059876863014, 9.287988898129598
236.69343011944676, 9.088114292359961
236.68087255259212, 8.888239686590325
236.66831498573748, 8.688365080820681
236.65575741888284, 8.488490475051044
236.6431998520282,8.288615869
236.63064228517356, 8.088741263511764
236.61808471831893, 7.8888666577421205
236.6055271514643, 7.688992051972484
236.59296958460965,7.489117446
236.580412, 7.289242840433204
236.56785445090037,7.089368235
236.55529688404573, 6.8894936288939235
236.5427393171911, 6.689619023124287
236.53018175033645, 6.489744417354643
236.51762418348181, 6.289869811585007
236.50506661662718, 6.089995205815363
236.49250904977254, 5.8901206000457265
236.4799514829179, 5.690245994276083
236.46739391606326, 5.490371388506446
236.45483634920862, 5.290496782736803
236.44227878235398, 5.090622176967166
236.42972121549934, 4.8907475711975295
236.4171636486447, 4.690872965427886
238.72357009427975, 13.685439517842589
238.7110125274251, 13.485564912072952
238.69845496057047, 13.285690306303309
238.68589739371583, 13.085815700533672
238.6733398268612, 12.885941094764028
238.66078226000656, 12.686066488994392
238.64822469315192, 12.486191883224755
238.63566712629728, 12.286317277455112
238.62310955944264, 12.086442671685475
238.610552, 11.886568065915831
238.59799442573336, 11.686693460146195
238.58543685887872, 11.486818854376551
238.57287929202408, 11.286944248606915
238.56032172516944, 11.087069642837271
238.5477641583148, 10.887195037067634
238.53520659146017, 10.687320431297998
238.52264902460553, 10.487445825528354
238.51009145775095, 10.287571219758718
238.4975338908963, 10.087696613989074
238.48497632404167, 9.887822008219437
238.47241875718703, 9.687947402449794
238.4598611903324, 9.488072796680157
238.44730362347775, 9.288198190910514
238.4347460566231, 9.088323585140877
238.42218848976847,8.888448979
238.40963092291383, 8.688574373601597
238.3970733560592,8.488699768
238.38451578920456, 8.288825162062317
238.37195822234992,8.088950556
238.35940065549528, 7.889075950523036
238.34684308864064,7.689201345
238.3342855, 7.489326738983756
238.32172795493136, 7.2894521332141196
238.30917038807672, 7.089577527444476
238.29661282122208, 6.889702921674839
238.28405525436744, 6.689828315905203
238.2714976875128, 6.489953710135559
238.25894012065817, 6.2900791043659225
238.24638255380353, 6.090204498596279
238.2338249869489, 5.890329892826642
238.22126742009425, 5.690455287056999
238.2087098532396, 5.490580681287362
238.19615228638497, 5.290706075517718
238.18359471953033, 5.090831469748082
238.1710371526757, 4.890956863978445
238.15847958582106, 4.691082258208802
238.14592201896642, 4.491207652439165
240.75371006911274, 18.282764743325217
240.7411525022581, 18.082890137555573
240.72859493540346, 17.883015531785937
240.71603736854883, 17.683140926016293
240.7034798016942, 17.483266320246656
240.69092223483955, 17.283391714477013
240.6783646679849, 17.083517108707376
240.66580710113027, 16.883642502937732
240.65324953427563, 16.683767897168096
240.640692, 16.48389329139846
240.6281344005664, 16.284018685628816
240.61557683371177, 16.08414407985918
240.60301926685713, 15.884269474089535
240.5904617000025, 15.684394868319899
240.57790413314785, 15.484520262550255
240.56534656629321, 15.284645656780619
240.55278899943858, 15.084771051010975
240.54023143258394, 14.884896445241338
240.5276738657293, 14.685021839471702
240.51511629887466, 14.485147233702058
240.50255873202002, 14.285272627932422
240.49000116516538, 14.085398022162778
240.47744359831074, 13.885523416393141
240.4648860314561, 13.685648810623498
240.45232846460146, 13.485774204853861
240.43977089774683, 13.285899599084217
240.4272133308922, 13.086024993314581
240.41465576403755, 12.886150387544937
240.4020981971829,12.68627578
240.38954063032827, 12.486401176005664
240.37698306347363, 12.28652657023602
240.3644255, 12.086651964466384
240.35186792976435, 11.88677735869674
240.3393103629097, 11.686902752927104
240.32675279605508, 11.48702814715746
240.31419522920044, 11.287153541387823
240.3016376623458, 11.08727893561818
240.28908009549116, 10.887404329848543
240.27652252863652, 10.687529724078907
240.26396496178188, 10.487655118309263
240.2514073949273, 10.287780512539626
240.23884982807266, 10.087905906769983
240.22629226121802, 9.888031301000346
240.21373469436338, 9.688156695230703
240.20117712750874, 9.488282089461066
240.1886195606541, 9.288407483691422
240.17606199379946, 9.088532877921786
240.16350442694483,8.888658272
240.1509468600902, 8.688783666382506
240.13838929323555, 8.488909060612869
240.1258317263809, 8.289034454843225
240.11327415952627, 8.089159849073589
240.10071659267163, 7.889285243303945
240.088159, 7.6894106375343085
240.07560145896235, 7.489536031764665
240.06304389210771, 7.289661425995028
240.05048632525308, 7.089786820225385
240.03792875839844, 6.889912214455748
240.0253711915438, 6.6900376086861115
240.01281362468916, 6.490163002916468
240.00025605783452, 6.290288397146831
239.98769849097988, 6.090413791377188
239.97514092412524, 5.890539185607551
239.9625833572706, 5.690664579837907
239.95002579041596, 5.490789974068271
239.93746822356132, 5.290915368298627
239.9249106567067, 5.091040762528991
239.91235308985205, 4.891166156759354
239.8997955229974,4.691291551
239.88723795614277, 4.491416945220074
242.93454084620134, 25.27858523804351
242.9219832793467, 25.078710632273875
242.90942571249207, 24.87883602650423
242.89686814563743, 24.678961420734595
242.8843105787828, 24.47908681496496
242.87175301192815, 24.279212209195315
242.8591954450735, 24.079337603425678
242.84663787821887, 23.879462997656034
242.83408031136423, 23.679588391886398
242.8215227445096, 23.479713786116754
242.80896517765495, 23.279839180347118
242.79640761080032, 23.079964574577474
242.78385004394568, 22.880089968807837
242.77129247709104, 22.680215363038194
242.7587349102364, 22.480340757268557
242.74617734338176, 22.28046615149892
242.73361977652718, 22.080591545729277
242.72106220967254, 21.88071693995964
242.7085046428179, 21.680842334189997
242.69594707596326, 21.48096772842036
242.68338950910862, 21.281093122650717
242.67083194225398, 21.08121851688108
242.65827437539934, 20.881343911111436
242.6457168085447,20.68146931
242.63315924169007, 20.481594699572163
242.62060167483543, 20.28172009380252
242.6080441079808, 20.081845488032883
242.59548654112615, 19.88197088226324
242.5829289742715, 19.682096276493603
242.57037140741687, 19.48222167072396
242.55781384056223, 19.282347064954322
242.5452562737076, 19.08247245918468
242.53269870685295, 18.882597853415042
242.52014113999832, 18.682723247645406
242.50758357314368, 18.482848641875762
242.49502600628904, 18.282974036106125
242.4824684394344, 18.083099430336482
242.46991087257976, 17.883224824566845
242.45735330572512,17.68335022
242.44479573887048, 17.483475613027565
242.43223817201584, 17.28360100725792
242.4196806051612, 17.083726401488285
242.40712303830657, 16.88385179571864
242.39456547145193, 16.683977189949005
242.3820079045973, 16.484102584179368
242.3694503377427, 16.284227978409724
242.35689277088807, 16.084353372640088
242.34433520403343, 15.884478766870444
242.3317776371788, 15.684604161100808
242.31922007032415, 15.484729555331164
242.3066625034695, 15.284854949561527
242.29410493661487, 15.084980343791884
242.28154736976023, 14.885105738022247
242.2689898029056, 14.68523113225261
242.25643223605095, 14.485356526482967
242.24387466919632, 14.28548192071333
242.23131710234168, 14.085607314943687
242.21875953548704, 13.88573270917405
242.2062019686324, 13.685858103404406
242.19364440177776, 13.48598349763477
242.18108683492312, 13.286108891865126
242.16852926806848, 13.08623428609549
242.15597170121384, 12.886359680325846
242.1434141343592, 12.68648507455621
242.13085656750457, 12.486610468786573
242.11829900064993, 12.28673586301693
242.1057414337953, 12.086861257247293
242.09318386694065, 11.886986651477649
242.0806263, 11.687112045708012
242.06806873323137, 11.487237439938369
242.05551116637673, 11.287362834168732
242.0429535995221, 11.087488228399089
242.03039603266745, 10.887613622629452
242.01783846581282, 10.687739016859815
242.00528089895818, 10.487864411090172
241.9927233321036, 10.287989805320535
241.98016576524896, 10.088115199550892
241.96760819839432, 9.888240593781255
241.95505063153968, 9.688365988011611
241.94249306468504, 9.488491382241975
241.9299354978304, 9.288616776472331
241.91737793097576, 9.088742170702695
241.90482036412112, 8.888867564933058
241.89226279726648, 8.688992959163414
241.87970523041184, 8.489118353393778
241.8671476635572, 8.289243747624134
241.85459009670257, 8.089369141854498
241.84203252984793, 7.889494536084854
241.8294749629933, 7.689619930315217
241.81691739613865, 7.489745324545574
241.8043598, 7.289870718775937
241.79180226242937, 7.089996113006293
241.77924469557473, 6.890121507236657
241.7666871287201,6.690246901
241.75412956186545, 6.490372295697377
241.74157199501082,6.29049769
245.36652296038272, 36.27189784815461
245.35396539352809, 36.07202324238497
245.34140782667345, 35.872148636615336
245.3288502598188, 35.67227403084569
245.31629269296417, 35.47239942507605
245.30373512610953, 35.27252481930641
245.2911775592549, 35.072650213536775
245.27861999240025, 34.87277560776713
245.2660624255456, 34.67290100199749
245.25350485869097, 34.47302639622785
245.24094729183633, 34.273151790458215
245.22838972498175, 34.07327718468857
245.2158321581271, 33.873402578918935
245.20327459127247, 33.67352797314929
245.19071702441784, 33.473653367379654
245.1781594575632, 33.27377876161001
245.16560189070856, 33.073904155840374
245.15304432385392, 32.87402955007073
245.14048675699928, 32.674154944301094
245.12792919014464, 32.47428033853146
245.1153716, 32.274405732761814
245.10281405643536, 32.07453112699218
245.09025648958072, 31.874656521222533
245.07769892272609, 31.674781915452897
245.06514135587145, 31.474907309683253
245.0525837890168, 31.275032703913617
245.04002622216217, 31.075158098143973
245.02746865530753, 30.875283492374336
245.0149110884529, 30.675408886604693
245.00235352159825, 30.475534280835056
244.9897959547436, 30.27565967506542
244.97723838788897, 30.075785069295776
244.96468082103434, 29.87591046352614
244.9521232541797, 29.676035857756496
244.93956568732506, 29.47616125198686
244.92700812047042, 29.276286646217216
244.91445055361578, 29.07641204044758
244.90189298676114, 28.876537434677935
244.8893354199065,28.67666283
244.87677785305186, 28.476788223138662
244.86422028619722, 28.27691361736902
244.85166271934264, 28.077039011599382
244.8391052, 27.87716440582974
244.82654758563336,27.6772898
244.81399001877872, 27.477415194290458
244.8014324519241, 27.27754058852082
244.78887488506945, 27.077665982751178
244.7763173182148, 26.87779137698154
244.76375975136017, 26.677916771211898
244.75120218450553, 26.47804216544226
244.7386446176509, 26.278167559672625
244.72608705079625, 26.07829295390298
244.7135294839416, 25.878418348133344
244.70097191708697,25.67854374
244.68841435023234, 25.478669136594064
244.6758567833777, 25.27879453082442
244.66329921652306, 25.078919925054784
244.65074164966842, 24.87904531928514
244.63818408281378, 24.679170713515504
244.62562651595914, 24.479296107745867
244.6130689491045, 24.279421501976223
244.60051138224986, 24.079546896206587
244.58795381539522, 23.879672290436943
244.57539624854059, 23.679797684667307
244.56283868168595, 23.479923078897663
244.5502811148313, 23.280048473128026
244.53772354797667, 23.080173867358383
244.52516598112203, 22.880299261588746
244.5126084142674, 22.680424655819102
244.50005084741275, 22.480550050049466
244.48749328055817, 22.28067544427983
244.47493571370353, 22.080800838510186
244.4623781468489, 21.88092623274055
244.44982057999425, 21.681051626970905
244.4372630131396, 21.48117702120127
244.42470544628497, 21.281302415431625
244.41214787943034, 21.08142780966199
244.3995903125757, 20.881553203892345
244.38703274572106, 20.68167859812271
244.37447517886642, 20.481803992353072
244.36191761201178, 20.28192938658343
244.34936004515714, 20.08205478081379
244.3368024783025, 19.882180175044148
244.32424491144786, 19.68230556927451
244.31168734459322, 19.482430963504868
244.29912977773859, 19.28255635773523
244.28657221088395, 19.082681751965588
244.2740146440293, 18.88280714619595
244.26145707717467, 18.682932540426314
244.24889951032003, 18.48305793465667
244.2363419434654, 18.283183328887034
244.22378437661075, 18.08330872311739
244.2112268097561, 17.883434117347754
244.19866924290147, 17.68355951157811
244.18611167604683, 17.483684905808474
244.1735541091922, 17.28381030003883
244.16099654233756, 17.083935694269194
244.14843897548292, 16.88406108849955
244.13588140862828, 16.684186482729913
244.12332384177364, 16.484311876960277
244.11076627491906, 16.284437271190633
244.09820870806442, 16.084562665420997
244.08565114120978, 15.884688059651353
244.07309357435514, 15.684813453881716
244.0605360075005, 15.484938848112073
244.04797844064586, 15.285064242342436
244.03542087379122, 15.085189636572792
244.02286330693659, 14.885315030803156
244.01030574008195, 14.68544042503352
243.9977481732273, 14.485565819263876
243.98519060637267, 14.285691213494239
243.97263303951803, 14.085816607724595
243.9600754726634, 13.885942001954959
243.94751790580875, 13.686067396185315
243.9349603389541, 13.486192790415679
243.92240277209947, 13.286318184646035
243.90984520524484, 13.086443578876398
243.8972876383902, 12.886568973106755
243.88473007153556, 12.686694367337118
243.87217250468092, 12.486819761567482
243.85961493782628, 12.286945155797838
243.80938467040772, 11.487446732719278
243.79682710355308, 11.287572126949641
243.78426953669845, 11.087697521179997
243.7717119698438, 10.88782291541036
247.4217781, 41.26897228517652
247.40922050207035, 41.06909767940688
247.39666293521572, 40.86922307363724
247.38410536836108, 40.66934846786759
247.37154780150644, 40.469473862097956
247.3589902346518, 40.26959925632832
247.34643266779722, 40.069724650558676
247.33387510094258, 39.86985004478903
247.32131753408794, 39.669975439019396
247.3087599672333, 39.47010083324976
247.29620240037866, 39.27022622748012
247.28364483352402, 39.07035162171048
247.27108726666938, 38.870477015940835
247.25852969981474,38.67060241
247.2459721329601, 38.47072780440156
247.23341456610547, 38.27085319863192
247.22085699925083, 38.070978592862275
247.2082994323962, 37.87110398709264
247.19574186554155,37.67122938
247.1831842986869, 37.47135477555336
247.17062673183227, 37.27148016978372
247.15806916497763, 37.07160556401408
247.1455116, 36.87173095824444
247.13295403126835, 36.671856352474805
247.12039646441372, 36.47198174670516
247.10783889755908, 36.27210714093552
247.09528133070444, 36.07223253516588
247.0827237638498, 35.872357929396244
247.07016619699516,35.67248332
247.05760863014052, 35.47260871785696
247.04505106328588, 35.27273411208732
247.03249349643124, 35.072859506317684
247.0199359295766, 34.87298490054805
247.00737836272197, 34.673110294778404
246.99482079586733, 34.47323568900877
246.9822632290127, 34.27336108323913
246.9697056621581, 34.07348647746949
246.95714809530347, 33.87361187169985
246.94459052844883, 33.67373726593021
246.9320329615942, 33.47386266016057
246.91947539473955, 33.27398805439093
246.9069178278849, 33.07411344862129
246.89436026103027, 32.874238842851646
246.88180269417563, 32.67436423708201
246.8692451, 32.47448963131237
246.85668756046636, 32.27461502554273
246.84412999361172, 32.07474041977309
246.83157242675708, 31.87486581400345
246.81901485990244, 31.674991208233813
246.8064572930478, 31.47511660246417
246.79389972619316, 31.275241996694533
246.78134215933852, 31.07536739092489
246.76878459248388, 30.875492785155252
246.75622702562924, 30.67561817938561
246.7436694587746, 30.475743573615972
246.73111189191997, 30.275868967846336
246.71855432506533, 30.075994362076692
246.7059967582107, 29.876119756307055
246.69343919135605, 29.67624515053741
246.6808816245014, 29.476370544767775
246.66832405764677, 29.27649593899813
246.65576649079213, 29.076621333228495
246.6432089239375, 28.87674672745885
246.63065135708285, 28.676872121689215
246.61809379022822, 28.476997515919578
246.60553622337358, 28.277122910149934
246.5929787, 28.077248304380298
246.58042108966436, 27.877373698610654
246.56786352280972, 27.677499092841018
246.55530595595508, 27.477624487071374
246.54274838910044, 27.277749881301737
246.5301908222458, 27.077875275532094
246.51763325539116, 26.878000669762457
246.50507568853652, 26.678126063992813
246.49251812168188, 26.478251458223177
246.47996055482724, 26.27837685245354
246.4674029879726, 26.078502246683897
246.45484542111797, 25.87862764091426
246.44228785426333, 25.678753035144616
246.4297302874087, 25.47887842937498
246.41717272055405, 25.279003823605336
246.4046151536994,25.07912922
246.39205758684477, 24.879254612066056
246.37950001999013, 24.67938000629642
246.3669424531355, 24.479505400526783
246.35438488628085, 24.27963079475714
246.34182731942622, 24.079756188987503
246.32926975257158, 23.87988158321786
246.31671218571694, 23.680006977448222
246.3041546188623, 23.48013237167858
246.29159705200766, 23.280257765908942
246.27903948515302,23.08038316
246.26648191829838, 22.880508554369662
246.25392435144374, 22.68063394860002
246.2413667845891, 22.480759342830382
246.22880921773447, 22.280884737060745
246.21625165087988,22.08101013
246.20369408402524, 21.881135525521465
246.1911365171706, 21.68126091975182
246.17857895031597, 21.481386313982185
246.16602138346133, 21.28151170821254
246.1534638166067, 21.081637102442905
246.14090624975205, 20.88176249667326
249.18820913981062, 41.668930789496706
249.17565157295599, 41.46905618372706
249.16309400610135, 41.269181577957426
249.1505364392467, 41.06930697218779
249.13797887239207, 40.86943236641815
249.12542130553743, 40.66955776064851
249.1128637386828, 40.469683154878865
249.10030617182815, 40.26980854910923
249.08774860497357, 40.06993394333959
249.07519103811893, 39.87005933756995
249.0626334712643, 39.670184731800305
249.05007590440965, 39.47031012603067
249.0375183, 39.27043552026103
249.02496077070037, 39.070560914491395
249.01240320384574, 38.87068630872175
248.9998456369911, 38.67081170295211
248.98728807013646, 38.47093709718247
248.97473050328182, 38.271062491412835
248.96217293642718, 38.07118788564319
248.94961536957254, 37.87131327987355
248.9370578027179, 37.67143867410391
248.92450023586326, 37.471564068334274
248.91194266900862, 37.27168946256464
248.89938510215399, 37.071814856794994
248.88682753529935, 36.87194025102535
248.8742699684447, 36.672065645255714
248.86171240159007, 36.47219103948608
248.84915483473543, 36.27231643371643
248.8365972678808, 36.07244182794679
248.82403970102615, 35.87256722217715
248.8114821341715, 35.67269261640752
248.79892456731687, 35.47281801063787
248.78636700046223, 35.272943404868236
248.7738094336076, 35.07306879909859
248.47242782909632, 30.276078260627244
250.92952507698692, 41.669140082277615
250.91696751013228, 41.46926547650797
250.90440994327764, 41.269390870738334
250.8918524,41.06951626
250.87929480956836, 40.86964165919906
250.86673724271373, 40.66976705342942
250.8541796758591, 40.469892447659774
250.84162210900445, 40.27001784189014
250.82906454214987,40.07014324
250.81650697529523, 39.87026863035086
250.8039494084406, 39.67039402458121
250.79139184158595, 39.47051941881158
250.7788342747313, 39.27064481304194
250.76627670787667, 39.070770207272304
250.75371914102203, 38.87089560150266
250.7411615741674, 38.671020995733016
250.72860400731275, 38.47114638996338
250.71604644045811, 38.27127178419374
250.70348887360348,38.07139718
250.69093130674884, 37.871522572654456
250.6783737398942, 37.67164796688482
250.66581617303956, 37.47177336111518
250.65325860618492, 37.271898755345546
250.64070103933028,37.07202415
250.62814347247564, 36.87214954380626
250.6155859, 36.67227493803662
250.60302833876636, 36.472400332266986
252.67084101416327, 41.66934937505853
252.65828344730863, 41.46947476928889
252.6457259, 41.26960016351925
252.63316831359936, 41.06972555774961
252.62061074674472, 40.86985095197997
252.60805317989008, 40.66997634621033
252.59549561303544, 40.47010174044069
252.5829380461808, 40.270227134671046
252.57038047932622, 40.07035252890141
252.55782291247158, 39.87047792313177
252.54526534561694, 39.67060331736213
252.5327077787623, 39.470728711592486
252.52015021190766, 39.27085410582285
252.50759264505302, 39.07097950005321
252.49503507819838, 38.871104894283576
252.48247751134375, 38.67123028851393
252.4699199444891, 38.47135568274429
252.45736237763447, 38.27148107697465
252.44480481077983, 38.071606471205016
252.4322472439252, 37.87173186543537
252.41968967707055, 37.67185725966573
252.4071321102159, 37.47198265389609
252.39457454336127, 37.272108048126455
252.38201697650663, 37.07223344235682
252.3694594, 36.872358836587175
254.41215695133963, 41.66955866783944
254.3995994,41.46968406
254.38704181763035, 41.269809456300166
254.3744842507757, 41.06993485053052
254.36192668392107, 40.87006024476088
254.34936911706643, 40.67018563899124
254.3368115502118, 40.470311033221606
254.32425398335715, 40.27043642745196
254.31169641650257, 40.07056182168232
254.29913884964793, 39.87068721591268
254.2865812827933, 39.670812610143045
254.27402371593865,39.470938
254.26146614908401, 39.271063398603765
254.24890858222938, 39.07118879283412
254.23635101537474, 38.871314187064485
254.2237934485201, 38.67143958129485
254.21123588166546, 38.471564975525204
254.19867831481082, 38.27169036975556
254.18612074795618, 38.071815763985924
254.17356318110154, 37.87194115821629
254.1610056142469, 37.672066552446644
254.14844804739226,37.47219195
254.13589048053763, 37.272317340907364
254.1233329, 37.07244273513773
254.11077534682835, 36.87256812936809
254.0982177799737, 36.67269352359845
254.08566021311907,36.47281892
254.07310264626443, 36.27294431205917
254.0605450794098, 36.07306970628953
254.04798751255515, 35.87319510051989
254.0354299457005, 35.67332049475024
254.02287237884588, 35.473445888980606
254.01031481199124, 35.27357128321097
253.9977572451366, 35.07369667744133
253.98519967828196, 34.87382207167169
253.97264211142732, 34.673947465902046
253.96008454457268, 34.47407286013241
253.94752697771804, 34.27419825436277
253.93496941086346, 34.07432364859313
253.92241184400882, 33.87444904282349
253.90985427715418, 33.67457443705385
253.89729671029954, 33.47469983128421
253.8847391434449, 33.27482522551457
253.87218157659026, 33.07495061974493
253.85962400973563, 32.87507601397529
253.8470664, 32.67520140820565
253.83450887602635, 32.475326802436015
253.8219513091717, 32.27545219666637
253.80939374231707, 32.075577590896735
253.79683617546243, 31.87570298512709
253.7842786086078, 31.675828379357455
253.77172104175315, 31.47595377358781
253.75916347489851, 31.276079167818175
253.74660590804388, 31.07620456204853
253.73404834118924, 30.876329956278894
253.7214907743346, 30.67645535050925
253.70893320747996, 30.476580744739614
253.69637564062532, 30.276706138969978
253.68381807377068, 30.076831533200334
253.67126050691604, 29.876956927430697
253.6587029400614, 29.677082321661054
253.64614537320676, 29.477207715891417
253.63358780635212, 29.277333110121774
253.6210302394975, 29.077458504352137
253.4452243035326, 26.279214023577183
256.11580018795206, 41.07014414331143
256.1032426210974, 40.87026953754179
256.0906850542428, 40.67039493177215
256.07812748738814, 40.470520326002514
256.0655699205335, 40.27064572023287
256.0530123536789, 40.07077111446323
256.0404547868243, 39.87089650869359
256.02789721996965, 39.671021902923954
256.0153397, 39.47114729715431
256.00278208626037, 39.271272691384674
255.99022451940573, 39.07139808561503
255.9776669525511, 38.87152347984539
255.96510938569645, 38.67164887407576
255.9525518188418, 38.47177426830611
255.93999425198717, 38.27189966253647
255.92743668513253, 38.07202505676683
255.9148791182779,37.87215045
255.90232155142326, 37.67227584522755
255.88976398456862, 37.47240123945791
255.87720641771398, 37.27252663368827
255.86464885085934, 37.072652027918636
255.8520912840047,36.87277742
255.83953371715006, 36.672902816379356
255.82697615029542, 36.47302821060971
255.81441858344078, 36.273153604840076
255.80186101658614, 36.07327899907044
255.7893034497315, 35.873404393300795
255.77674588287687, 35.67352978753115
255.76418831602223, 35.473655181761515
255.7516307491676, 35.27378057599188
255.73907318231295, 35.07390597022224
255.7265156154583,34.87403136
255.71395804860367, 34.674156758682955
255.70140048174903, 34.47428215291332
255.6888429148944, 34.27440754714368
255.6762853480398, 34.07453294137404
255.66372778118517,33.87465834
255.65117021433053, 33.67478372983476
255.6386126474759, 33.47490912406512
255.62605508062126, 33.27503451829548
255.61349751376662, 33.07515991252584
255.60093994691198,32.87528531
255.58838238005734, 32.67541070098656
255.5758248132027, 32.475536095216924
255.56326724634806, 32.27566148944728
255.55070967949342, 32.075786883677644
255.53815211263878,31.87591228
255.52559454578414, 31.676037672138364
255.5130369789295, 31.47616306636872
255.50047941207487, 31.276288460599083
255.48792184522023, 31.07641385482944
255.4753642783656, 30.876539249059803
255.46280671151095, 30.67666464329016
255.4502491446563, 30.476790037520523
255.43769157780167, 30.276915431750886
255.42513401094703, 30.077040825981243
255.4125764440924, 29.877166220211606
255.40001887723776, 29.677291614441963
255.38746131038312, 29.477417008672326
255.37490374352848, 29.277542402902682
255.36234617667384, 29.077667797133046
255.3497886098192, 28.877793191363402
255.33723104296456, 28.677918585593765
255.32467347610992, 28.47804397982413
255.31211590925528, 28.278169374054485
255.2995583424007, 28.07829476828485
255.28700077554606, 27.878420162515205
255.27444320869142, 27.67854555674557
255.26188564183678, 27.478670950975925
255.24932807498215, 27.27879634520629
255.2367705081275, 27.078921739436645
255.22421294127287, 26.879047133667008
255.21165537441823, 26.679172527897364
255.1990978075636, 26.479297922127728
255.18654024070895, 26.27942331635809
255.1739826738543, 26.079548710588448
257.54317695376244, 36.07348829185135
257.5306193869078, 35.87361368608171
257.51806182005316, 35.67373908031207
257.5055042531985, 35.473864474542424
257.4929466863439, 35.27398986877279
257.48038911948925, 35.07411526300315
257.4678315526346, 34.87424065723351
257.45527398577997, 34.67436605146386
257.44271641892533, 34.47449144569423
257.4301588520707, 34.27461683992459
257.4176012852161, 34.07474223415495
257.40504371836147, 33.87486762838531
257.39248615150683, 33.674993022615666
257.3799285846522, 33.47511841684603
257.36737101779755, 33.275243811076386
257.3548134509429, 33.07536920530675
257.3422558840883, 32.875494599537106
257.32969831723364, 32.67561999376747
257.3171408, 32.47574538799783
257.30458318352436, 32.27587078222819
257.2920256166697, 32.07599617645855
257.2794680498151, 31.87612157068891
257.26691048296044, 31.676246964919272
257.2543529161058, 31.47637235914963
257.24179534925116, 31.276497753379992
257.2292377823965, 31.07662314761035
257.2166802155419, 30.876748541840712
257.20412264868725, 30.67687393607107
257.1915650818326, 30.47699933030143
257.17900751497797, 30.277124724531795
257.16644994812333, 30.07725011876215
257.1538923812687, 29.877375512992515
257.14133481441405, 29.67750090722287
257.1287772475594, 29.477626301453235
257.1162196807048, 29.27775169568359
257.10366211385013, 29.077877089913954
257.0911045469955, 28.87800248414431
257.07854698014086, 28.678127878374674
257.0659894132862, 28.478253272605038
257.0534318464316, 28.278378666835394
257.0408743, 28.078504061065757
257.02831671272236, 27.878629455296114
257.0157591458677, 27.678754849526477
257.0032015790131, 27.478880243756834
256.99064401215844, 27.279005637987197
256.9780864453038, 27.079131032217553
256.96552887844916, 26.879256426447917
256.9529713115945, 26.679381820678273
256.9404137447399, 26.479507214908637
256.92785617788525,26.27963261
256.9152986110306, 26.079758003369356
259.3221655915027, 36.67332140194118
259.30960802464807, 36.47344679617154
259.29705045779343, 36.27357219040189
259.2844928909388, 36.07369758463226
259.27193532408415, 35.87382297886262
259.2593777572295, 35.673948373092976
259.2468201903749, 35.47407376732333
259.23426262352024, 35.274199161553696
259.2217050566656, 35.07432455578406
259.20914748981096, 34.87444995001442
259.1965899229563, 34.67457534424478
259.1840323561017, 34.47470073847514
259.17147478924704, 34.274826132705506
259.15891722239246, 34.07495152693586
259.1463596555378, 33.875076921166226
259.1338020886832, 33.67520231539658
259.12124452182854, 33.475327709626946
259.1086869549739,33.2754531
259.09612938811927, 33.075578498087665
259.0835718212646, 32.87570389231802
259.0710143, 32.675829286548385
259.05845668755535, 32.47595468077875
259.0458991207007, 32.276080075009105
259.03334155384607, 32.07620546923947
259.02078398699143, 31.876330863469825
259.0082264201368, 31.67645625770019
258.99566885328215, 31.476581651930545
258.9831112864275, 31.276707046160908
258.9705537195729, 31.076832440391264
258.95799615271824, 30.876957834621628
258.9454385858636, 30.677083228851984
258.93288101900896, 30.477208623082348
258.9203234521543, 30.27733401731271
258.9077658852997, 30.077459411543067
258.89520831844504, 29.87758480577343
258.8826507515904, 29.677710200003787
258.87009318473577, 29.47783559423415
258.8575356178811, 29.277960988464507
258.8449780510265, 29.07808638269487
258.8198629173172, 28.67833717115559
258.80730535046257, 28.478462565385954
258.79474778360793, 28.27858795961631
258.78219021675335, 28.078713353846673
258.7696326498987, 27.87883874807703
258.75707508304407, 27.678964142307393
261.06348152867906, 36.67353069472209
261.0509239618244, 36.47365608895245
261.0383663949698, 36.27378148318281
261.02580882811515, 36.073906877413165
261.0132512612605, 35.87403227164353
261.00069369440587, 35.67415766587389
260.98813612755123, 35.47428306010425
260.9755785606966, 35.27440845433461
260.96302099384195, 35.07453384856497
260.9504634269873, 34.87465924279533
260.9379058601327, 34.67478463702569
260.92534829327803, 34.47491003125605
260.9127907264234, 34.275035425486415
260.9002331595688, 34.07516081971677
260.8876755927142, 33.875286213947135
260.87511802585954, 33.67541160817749
260.8625604590049, 33.475537002407854
260.85000289215026, 33.27566239663821
260.8374453252956, 33.075787790868574
260.8248878, 32.87591318509893
260.81233019158634, 32.676038579329294
260.7997726247317, 32.47616397355966
260.78721505787706, 32.276289367790014
262.817355, 36.873614593272634
262.80479746585536,36.67373999
262.7922398990007, 36.47386538173336
262.7796823321461, 36.27399077596372
262.76712476529144, 36.074116170194074
262.7545671984368, 35.87424156442444
262.74200963158216,35.67436696
262.7294520647275, 35.47449235288516
262.7168944978729, 35.27461774711552
262.70433693101825, 35.07474314134588
262.6917793641636, 34.87486853557624
262.67922179730897,34.67499393
262.66666423045433, 34.47511932403696
262.6541066635997, 34.275244718267324
262.6415490967451, 34.07537011249768
262.62899152989047, 33.87549550672804
262.61643396303583,33.6756209
262.6038763961812, 33.47574629518876
262.59131882932655, 33.27587168941912
262.5787612624719, 33.07599708364948
262.5662036956173, 32.87612247787984
262.55364612876264,32.67624787
262.5410886, 32.476373266340566
262.52853099505336, 32.27649866057092
262.5159734281987, 32.076624054801286
262.5034158613441, 31.876749449031642
262.49085829448944, 31.676874843262006
262.4783007276348, 31.477000237492362
262.46574316078016, 31.277125631722726
262.4531855939255, 31.077251025953082
264.55867096988635, 36.87382388605355
264.5461134030317, 36.67394928028391
264.5335558361771, 36.47407467451427
264.52099826932243, 36.27420006874463
264.5084407024678, 36.07432546297499
264.49588313561316, 35.874450857205346
264.4833255687585, 35.67457625143571
264.4707680019039, 35.47470164566607
264.45821043504924, 35.27482703989644
264.4456528681946, 35.07495243412679
264.43309530133996, 34.87507782835715
264.4205377344853, 34.675203222587506
264.4079801676307, 34.47532861681787
264.39542260077604, 34.27545401104823
264.38286503392146, 34.07557940527859
264.3703074670668, 33.87570479950895
264.3577499002122, 33.67583019373931
264.34519233335755, 33.47595558796967
264.3326347665029, 33.27608098220003
264.32007719964827, 33.07620637643039
264.3075196327936, 32.87633177066075
264.2949621, 32.67645716489111
264.28240449908435, 32.476582559121475
264.2698469322297, 32.27670795335183
264.2572893653751, 32.076833347582195
264.24473179852043, 31.87695874181255
264.2321742316658, 31.677084136042915
264.21961666481116, 31.47720953027327
264.2070590979565, 31.277334924503634
264.1945015311019, 31.07746031873399
264.18194396424724, 30.877585712964354
264.1693863973926, 30.67771110719471
264.15682883053796, 30.477836501425074
264.1442712636833, 30.277961895655437
264.1317136968287, 30.078087289885794
264.11915612997404, 29.878212684116157
264.1065985631194, 29.678338078346513
264.09404099626477, 29.478463472576877
264.0814834294101, 29.278588866807233
264.0689258625555, 29.078714261037597
264.05636829570085, 28.878839655267953
264.0438107288462, 28.678965049498316
264.0312531619916, 28.47909044372868
266.62648364528326, 42.07077292884509
266.6139260784286, 41.87089832307545
266.6013685, 41.671023717305815
266.58881094471934, 41.47114911153617
266.5762533778647, 41.271274505766534
266.56369581101006, 41.07139989999689
266.5511382441554, 40.871525294227254
266.5385806773008, 40.67165068845762
266.52602311044615, 40.471776082687974
266.5134655435915, 40.27190147691833
266.5009079767369, 40.072026871148694
266.4883504098823, 39.87215226537906
266.47579284302765, 39.67227765960941
266.4632353, 39.47240305383977
266.45067770931837, 39.27252844807013
266.43812014246373,39.07265384
266.4255625756091, 38.87277923653086
266.41300500875445, 38.67290463076122
266.4004474418998, 38.47303002499157
266.3878898750452, 38.273155419221936
266.37533230819054,38.07328081
266.3627747413359, 37.873406207682656
266.35021717448126, 37.67353160191301
266.3376596076266, 37.473656996143376
266.325102, 37.27378239037374
266.31254447391734,37.07390778
266.2999869070627, 36.87403317883446
266.28742934020806, 36.674158573064815
266.2748717733534, 36.47428396729518
266.2623142064988, 36.27440936152554
266.24975663964415,36.07453476
266.2371990727895, 35.874660149986255
266.22464150593487, 35.67478554421662
266.21208393908023, 35.47491093844698
266.1995263722256, 35.275036332677345
266.18696880537095,35.07516173
266.1744112385163, 34.875287121138065
266.1618536716617, 34.67541251536842
266.14929610480704, 34.475537909598785
266.1367385379524, 34.27566330382915
266.1241809710978, 34.075788698059505
266.1116234042432, 33.87591409228987
266.09906583738854, 33.676039486520224
266.0865082705339, 33.47616488075059
266.07395070367926, 33.276290274980944
266.0613931368246, 33.07641566921131
266.0488356, 32.876541063441664
266.03627800311534, 32.67666645767203
266.0237204362607, 32.47679185190239
266.01116286940606, 32.27691724613275
265.9986053025514, 32.07704264036311
265.9860477356968, 31.877168034593467
265.97349016884215, 31.67729342882383
265.9609326019875, 31.477418823054187
265.94837503513287, 31.27754421728455
265.93581746827823, 31.077669611514906
265.9232599014236, 30.87779500574527
265.91070233456895, 30.677920399975626
265.8981447677143, 30.47804579420599
265.8855872008597, 30.278171188436353
265.87302963400504, 30.07829658266671
265.8604720671504, 29.878421976897073
265.84791450029576, 29.67854737112743
265.8353569334411, 29.478672765357793
265.8227993665865, 29.27879815958815
265.81024179973184, 29.078923553818512
265.7976842328772, 28.87904894804887
265.78512666602256, 28.679174342279232
265.7725690991679, 28.479299736509596
268.50593281786064, 44.26960288509204
268.4933753, 44.069728279322405
268.48081768415136, 43.86985367355276
268.4682601172967, 43.66997906778312
268.4557025504421, 43.47010446201348
268.44314498358744, 43.270229856243844
268.4305874167328, 43.07035525047421
268.41802984987817, 42.870480644704564
268.4054722830235, 42.67060603893492
268.3929147161689, 42.470731433165284
268.38035714931425, 42.27085682739565
268.3677995824596, 42.070982221626004
268.355242, 41.87110761585636
268.34268444875033, 41.67123301008672
268.3301268818957, 41.47135840431709
268.31756931504106, 41.27148379854745
268.3050117481864, 41.07160919277781
268.2924541813318, 40.87173458700816
268.27989661447714, 40.671859981238526
268.2673390476225, 40.47198537546889
268.25478148076786, 40.272110769699246
268.2422239139133,40.07223616
268.22966634705864, 39.872361558159966
268.2171088, 39.67248695239033
268.20455121334936, 39.472612346620686
268.1919936464947, 39.27273774085105
268.1794360796401, 39.072863135081406
268.16687851278544, 38.87298852931177
268.1543209459308, 38.67311392354213
268.14176337907617, 38.47323931777249
268.1292058122215, 38.273364712002845
268.1166482453669, 38.07349010623321
268.10409067851225, 37.87361550046357
268.0915331116576, 37.67374089469393
268.0789755, 37.473866288924285
268.06641797794833, 37.27399168315465
268.0538604110937, 37.07411707738501
268.04130284423906, 36.874242471615375
268.0287452773844, 36.67436786584573
268.0161877105298, 36.47449326007609
268.00363014367514, 36.27461865430645
267.9910725768205, 36.074744048536814
267.97851500996586, 35.87486944276717
267.9659574431112, 35.67499483699753
267.9533998762566, 35.47512023122789
267.94084230940194, 35.275245625458254
267.9282847425473, 35.07537101968862
267.91572717569267, 34.875496413918974
267.9031696, 34.67562180814933
267.8906120419834, 34.475747202379694
267.87805447512875, 34.27587259661006
267.86549690827417, 34.07599799084041
267.8529393414195, 33.87612338507078
267.8403817745649, 33.67624877930113
267.82782420771025,33.47637417
267.8152666408556, 33.27649956776185
267.8027091, 33.076624961992216
267.79015150714633, 32.87675035622257
267.7775939402917, 32.676875750452936
267.76503637343706,32.47700114
267.7524788065824, 32.277126538913656
267.7399212397278, 32.07725193314402
267.72736367287314, 31.877377327374376
267.7148061060185, 31.67750272160474
267.70224853916386, 31.477628115835095
267.6896909723092, 31.27775351006546
267.6771334054546, 31.077878904295815
267.63946070489067,30.47825509
267.6269031, 30.278380481217262
267.6143455711814, 30.078505875447618
267.60178800432675, 29.87863126967798
267.5766728706175,29.47888206
267.56411530376283, 29.279007452369058
267.5515577369082, 29.07913284659942
267.53900017005355, 28.879258240829778
270.32259415616477, 45.469059812490784
270.31003658931013, 45.26918520672115
270.2974790224555, 45.06931060095151
270.28492145560085, 44.869435995181874
270.2723638887462, 44.66956138941223
270.2598063218916, 44.46968678364259
270.24724875503694, 44.26981217787295
270.2346911881823, 44.06993757210331
270.22213362132766, 43.87006296633367
270.2095761, 43.670188360564026
270.1970184876184, 43.47031375479439
270.18446092076374, 43.27043914902475
270.1719033539091, 43.07056454325512
270.15934578705446, 42.87068993748547
270.1467882201998, 42.67081533171583
270.1342306533452, 42.47094072594619
270.12167308649055, 42.271066120176556
270.1091155196359, 42.07119151440691
270.09655795278127, 41.87131690863727
270.08400038592663, 41.67144230286763
270.0714428, 41.471567697097996
270.05888525221735, 41.27169309132836
270.0463276853627, 41.071818485558715
270.0337701185081, 40.87194387978907
270.02121255165343, 40.672069274019435
270.0086549847988,40.47219467
269.99609741794416, 40.272320062480155
269.9835398510896, 40.07244545671051
269.97098228423494, 39.872570850940875
269.9584247173803, 39.67269624517124
269.94586715052566, 39.472821639401594
269.9333096, 39.27294703363196
269.9207520168164, 39.073072427862314
269.90819444996174, 38.87319782209268
269.8956368831071, 38.67332321632304
269.88307931625246,38.47344861
269.8705217493978, 38.273574004783754
269.8579641825432, 38.07369939901412
269.84540661568855, 37.87382479324448
269.8328490488339, 37.67395018747484
269.82029148197927, 37.47407558170519
269.80773391512463, 37.27420097593556
269.7951763, 37.07432637016592
269.78261878141535, 36.874451764396284
269.7700612145607, 36.67457715862664
272.12669792761426, 46.468642134119904
272.1141403607596, 46.26876752835026
272.10158279390504, 46.068892922580616
272.0890252270504, 45.86901831681098
272.07646766019576, 45.66914371104134
272.0639100933411,45.46926911
272.0513525264865, 45.26939449950206
272.03879495963184, 45.06951989373242
272.0262373927772, 44.86964528796278
272.01367982592257, 44.669770682193146
272.0011222590679,44.46989608
271.9885646922133, 44.27002147065386
271.97600712535865, 44.07014686488422
271.9634496, 43.870272259114586
271.95089199164937, 43.67039765334494
271.93833442479473,43.47052305
271.9257768579401, 43.27064844180566
271.91321929108545, 43.070773836036025
271.9006617242308, 42.87089923026639
271.8881041573762, 42.671024624496745
271.87554659052154,42.47115002
271.8629890236669, 42.271275412957465
271.85043145681226, 42.07140080718783
271.8378738899576, 41.871526201418185
271.8253163, 41.67165159564854
271.81275875624834, 41.471776989878904
271.8002011893937, 41.27190238410927
271.78764362253906, 41.07202777833963
271.7750860556844, 40.87215317256999
271.7625284888298, 40.672278566800344
271.74997092197515, 40.47240396103071
271.7374133551205, 40.27252935526107
271.7248557882659, 40.07265474949143
271.7122982214113, 39.87278014372178
271.69974065455665, 39.67290553795215
271.6871831, 39.47303093218251
271.67462552084737, 39.273156326412874
271.66206795399273, 39.07328172064323
271.6495103871381, 38.87340711487359
271.63695282028345, 38.67353250910395
271.6243952534288, 38.47365790333431
271.6118376865742, 38.27378329756467
271.59928011971954, 38.073908691795026
271.5867225528649, 37.87403408602539
271.57416498601026, 37.67415948025575
271.5616074191556, 37.47428487448611
271.5490499, 37.27441026871647
271.53649228544634, 37.07453566294683
271.5239347185917, 36.87466105717719
271.51137715173707, 36.674786451407556
271.4988195848824, 36.47491184563791
271.4862620180278, 36.27503723986827
271.47370445117315, 36.07516263409863
271.4611468843185, 35.875288028328995
271.44858931746387, 35.67541342255935
271.43603175060923, 35.47553881678971
271.4234741837546, 35.27566421102007
271.41091661689995, 35.075789605250435
271.3983590500453, 34.87591499948079
271.3858014831907, 34.67604039371115
271.37324391633604, 34.47616578794151
271.3606863494814, 34.276291182171875
271.3481287826268, 34.07641657640223
271.3355712157722, 33.876541970632594
271.32301364891754, 33.67666736486295
271.3104560820629, 33.476792759093314
271.29789851520826, 33.27691815332367
271.2853409483536, 33.077043547554034
271.2727834, 32.87716894178439
271.26022581464434, 32.677294336014754
271.2476682477897, 32.47741973024512
271.23511068093507, 32.27754512447547
271.2225531140804, 32.07767051870584
271.2099955472258, 31.877795912936193
271.19743798037115, 31.677921307166557
271.1848804135165, 31.478046701396913
271.17232284666187, 31.278172095627276
271.15976527980723, 31.078297489857633
273.8680138647906, 46.46885142690081
273.8554563, 46.26897682113117
273.8428987310814, 46.069102215361525
273.83034116422675, 45.86922760959189
273.8177835973721, 45.66935300382225
273.8052260305175, 45.46947839805261
273.79266846366284, 45.26960379228297
273.7801108968082, 45.06972918651333
273.76755332995356, 44.86985458074369
273.7549957630989, 44.669979974974055
273.7424381962443, 44.47010536920441
273.72988062938964, 44.27023076343477
273.7173231, 44.07035615766513
273.70476549568036, 43.870481551895494
273.6922079288257, 43.67060694612585
273.6796503619711, 43.47073234035621
273.66709279511645, 43.27085773458657
273.6545352282618, 43.070983128816934
273.64197766140717,42.87110852
273.62942009455253, 42.671233917277654
273.6168625276979, 42.47135931150801
273.60430496084325, 42.271484705738374
273.5917473939886, 42.07161009996874
273.5791898, 41.87173549419909
273.56663226027933, 41.67186088842945
273.5540746934247, 41.47198628265981
273.54151712657006, 41.27211167689018
273.5289595597154, 41.07223707112054
273.5164019928608, 40.872362465350896
273.50384442600614, 40.67248785958125
273.4912868591515, 40.472613253811616
273.47872929229686, 40.27273864804198
273.4661717254423, 40.072864042272336
273.45361415858764, 39.87298943650269
273.4410566, 39.673114830733056
273.42849902487836, 39.47324022496342
273.4159414580237, 39.27336561919378
273.4033838911691, 39.07349101342414
273.39082632431445, 38.873616407654495
273.3782687574598, 38.67374180188486
273.36571119060517, 38.47386719611522
273.35315362375053, 38.27399259034558
273.3405960568959, 38.074117984575935
273.32803849004125,37.87424338
273.3154809231866, 37.67436877303666
273.3029234, 37.47449416726702
273.29036578947733, 37.27461956149738
273.2778082226227, 37.07474495572774
273.26525065576806,36.87487035
273.2526930889134, 36.674995744188465
273.2401355220588, 36.47512113841882
273.22757795520414, 36.27524653264918
273.2150203883495, 36.07537192687954
273.20246282149486, 35.875497321109904
273.1899052546402, 35.67562271534026
273.1773476877856, 35.47574810957062
273.16479012093095, 35.27587350380098
273.1522325540763, 35.075998898031344
273.13967498722167, 34.87612429226171
273.12711742036703, 34.67624968649206
273.1145598535124, 34.47637508072243
273.10200228665775, 34.27650047495279
273.08944471980317, 34.07662586918315
273.07688715294853, 33.87675126341351
273.0643295860939, 33.67687665764387
273.05177201923925, 33.47700205187423
273.0392144523846, 33.277127446104586
273.0266569, 33.07725284033495
273.01409931867533, 32.877378234565306
273.0015417518207, 32.67750362879567
272.98898418496606, 32.47762902302603
272.9764266181114, 32.27775441725639
272.9638690512568, 32.07787981148675
272.95131148440214, 31.87800520571711
272.9387539175475, 31.678130599947472
272.92619635069286, 31.47825599417783
272.9136387838382, 31.278381388408192
272.9010812169836, 31.07850678263855
272.88852365012895, 30.878632176868912
272.8759660832743, 30.67875757109927
272.86340851641967, 30.478882965329632
272.85085094956503, 30.279008359559995
272.8382933827104, 30.07913375379035
275.58421466825774, 46.06931150814244
275.3079481974557, 41.672070181210366
275.29539063060105, 41.47219557544072
275.2828330637464, 41.272320969671085
275.27027549689177, 41.07244636390145
275.25771793003713, 40.87257175813181
275.2451603631825, 40.67269715236217
275.23260279632785, 40.472822546592525
275.2200452294732, 40.27294794082289
275.20748766261863, 40.07307333505325
275.1949301, 39.87319872928361
275.18237252890935, 39.673324123513964
275.1698149620547, 39.47344951774433
275.1572573952001, 39.27357491197469
275.14469982834544, 39.073700306205055
275.1321422614908, 38.87382570043541
275.11958469463616, 38.67395109466577
275.1070271277815, 38.47407648889613
275.0944695609269, 38.274201883126494
275.08191199407224, 38.07432727735685
275.0693544272176, 37.87445267158721
275.05679686036297, 37.67457806581757
275.0442392935083, 37.474703460047934
275.0316817266537,37.27482885
275.01912415979905, 37.074954248508654
275.0065665929444, 36.87507964273901
274.99400902608977, 36.67520503696937
274.98145145923513, 36.47533043119974
274.9688938923805, 36.27545582543009
274.95633632552585, 36.07558121966045
274.9437787586712, 35.87570661389081
274.9312211918166, 35.675832008121176
274.91866362496194, 35.47595740235153
274.9061060581073, 35.276082796581896
274.89354849125266, 35.07620819081225
274.8809909, 34.876333585042616
274.8684333575434, 34.67645897927297
274.85587579068874, 34.476584373503336
274.8433182238341,34.27670977
274.8307606569795, 34.076835161964055
274.8182030901249, 33.87696055619442
274.80564552327024, 33.677085950424775
274.7930879564156, 33.47721134465514
274.78053038956097, 33.277336738885495
274.7679728227063, 33.07746213311586
274.7554152558517, 32.877587527346215
274.74285768899705, 32.67771292157658
274.7303001221424, 32.47783831580694
274.71774255528777,32.27796371
274.70518498843313, 32.07808910426766
274.6926274215785, 31.878214498498018
274.68006985472385, 31.67833989272838
274.6675122878692, 31.478465286958738
274.6549547210146,31.27859068
274.64239715415994, 31.078716075419457
274.6298395873053, 30.87884146964982
274.61728202045066, 30.678966863880177
274.6047245, 30.47909225811054
274.5921668867414, 30.279217652340904
274.57960931988674, 30.07934304657126
277.0618217014866, 41.87215407976092
277.0492641, 41.672279473991274
277.03670656777734, 41.47240486822163
277.0241490009227, 41.272530262451994
277.01159143406807, 41.07265565668236
276.9990338672134, 40.87278105091272
276.9864763003588, 40.67290644514308
276.97391873350415, 40.473031839373434
276.9613611666495,40.27315723
276.9488035997949, 40.07328262783416
276.9362460329403, 39.87340802206452
276.92368846608565, 39.67353341629487
276.9111309, 39.47365881052524
276.8985733323764,39.2737842
276.88601576552173, 39.07390959898596
276.8734581986671, 38.87403499321632
276.86090063181246, 38.674160387446676
276.8483430649578, 38.47428578167704
276.8357854981032,38.27441118
276.82322793124854, 38.07453657013776
276.8106703643939, 37.874661964368116
276.79811279753926, 37.67478735859848
276.7855552306846, 37.47491275282884
276.7729977, 37.275038147059206
276.76044009697534, 37.07516354128956
276.7478825301207, 36.87528893551992
276.73532496326607, 36.67541432975028
276.7227673964114, 36.475539723980646
276.7102098295568,36.27566512
276.69765226270215, 36.07579051244136
276.6850946958475, 35.87591590667172
276.6725371289929, 35.676041300902085
276.65997956213823, 35.47616669513244
276.6474219952836, 35.276292089362805
276.63486442842895, 35.07641748359316
276.6223068615743, 34.876542877823525
276.6097492947197, 34.67666827205388
276.59719172786504, 34.476793666284244
276.5846341610104, 34.27691906051461
276.5720765941558, 34.077044454744964
276.5595190273012, 33.87716984897533
276.54696146044654, 33.677295243205684
276.5344038935919, 33.47742063743605
276.52184632673726, 33.277546031666404
276.5092887598826, 33.07767142589677
276.4967312, 32.877796820127124
276.48417362617334, 32.67792221435749
276.4716160593187, 32.47804760858785
276.45905849246407, 32.27817300281821
276.4465009256094, 32.07829839704857
276.4339433587548, 31.878423791278927
276.42138579190015, 31.67854918550929
276.4088282250455, 31.478674579739646
276.3962706581909, 31.27879997397001
276.38371309133623, 31.078925368200366
276.3711555244816, 30.87905076243073
276.35859795762696, 30.679176156661086
276.3460403907723, 30.47930155089145
276.3334828239177, 30.279426945121813
276.32092525706304, 30.07955233935217
279.0040587083372, 45.07035706485607
278.99150114148256, 44.870482459086425
278.9789435746279, 44.67060785331678
278.9663860077733, 44.470733247547145
278.95382844091864, 44.27085864177751
278.9412709, 44.070984036007864
278.92871330720936, 43.87110943023822
278.9161557403547, 43.671234824468584
278.9035981735001, 43.47136021869895
278.89104060664545, 43.27148561292931
278.8784830397908, 43.07161100715967
278.86592547293617, 42.871736401390024
278.85336790608153, 42.67186179562039
278.8408103392269, 42.47198718985075
278.82825277237225, 42.27211258408111
278.8156952055176, 42.07223797831146
278.8031376, 41.87236337254183
278.79058007180834, 41.67248876677219
278.7780225049537, 41.47261416100255
278.76546493809906, 41.27273955523291
278.7529073712444, 41.072864949463266
278.7403498043898, 40.87299034369363
278.72779223753514, 40.67311573792399
278.7152346706805, 40.47324113215435
278.70267710382586, 40.273366526384706
278.6901195369713, 40.07349192061507
278.67756197011664, 39.87361731484543
278.6650044, 39.67374270907579
278.65244683640736, 39.473868103306145
278.6398892695527, 39.27399349753651
278.6273317026981, 39.07411889176687
278.61477413584345, 38.874244285997236
278.6022165689888, 38.67436968022759
278.58965900213417, 38.47449507445795
278.57710143527953, 38.27462046868831
278.5645438684249, 38.074745862918675
278.55198630157025, 37.87487125714903
278.5394287347156, 37.67499665137939
278.5268712, 37.47512204560975
278.51431360100634, 37.275247439840115
278.5017560341517, 37.07537283407048
278.48919846729706, 36.875498228300835
278.4766409004424, 36.67562362253119
278.4640833335878, 36.475749016761554
278.45152576673314, 36.27587441099192
278.4389681998785, 36.075999805222274
278.42641063302386, 35.87612519945263
278.4138530661692, 35.676250593682994
278.4012954993146, 35.47637598791336
278.38873793245995, 35.27650138214372
278.3761803656053, 35.07662677637408
278.36362279875067, 34.87675217060443
278.35106523189603, 34.67687756483479
278.3385076650414, 34.47700295906515
278.32595009818675, 34.27712835329552
278.31339253133217, 34.07725374752587
278.30083496447753, 33.877379141756236
278.2882773976229, 33.67750453598659
278.27571983076825, 33.477629930216956
278.2631622639136, 33.27775532444731
278.2506047, 33.077880718677676
278.23804713020434, 32.87800611290803
278.2254895633497, 32.678131507138396
278.21293199649506, 32.47825690136876
278.2003744296404, 32.278382295599116
278.1878168627858, 32.07850768982948
278.17525929593114, 31.878633084059835
278.1627017290765,31.67875848
278.15014416222186, 31.478883872520555
278.1375865953672, 31.27900926675092
278.1250290285126, 31.079134660981275
278.11247146165795, 30.87926005521164
280.78304734607747, 45.67019017494589
280.7704897792228, 45.47031556917625
280.7579322123682, 45.270440963406614
280.74537464551355, 45.07056635763698
280.7328170786589, 44.870691751867334
280.7202595118043, 44.67081714609769
280.70770194494963, 44.47094254032805
280.6951444, 44.27106793455842
280.68258681124036, 44.07119332878877
280.6700292443857, 43.87131872301913
280.6574716775311, 43.67144411724949
280.64491411067644, 43.471569511479856
280.6323565438218, 43.27169490571022
280.61979897696716, 43.071820299940576
280.6072414101125, 42.87194569417093
280.5946838432579, 42.672071088401296
280.58212627640324, 42.47219648263166
280.5695687095486, 42.272321876862016
280.55701114269397, 42.07244727109237
280.5444535758393, 41.872572665322735
280.5318960089847,41.67269806
280.51933844213005, 41.472823453783455
280.5067808752754, 41.27294884801382
280.49422330842077, 41.073074242244175
280.48166574156613, 40.87319963647454
280.4691081747115,40.67332503
280.45655060785685, 40.47345042493526
280.4439930410022, 40.273575819165615
280.43143547414763, 40.07370121339598
280.4188779, 39.87382660762634
280.40632034043836,39.673952
280.3937627735837, 39.474077396087054
280.3812052067291, 39.27420279031742
280.36864763987444, 39.07432818454778
280.3560900730198, 38.874453578778144
280.34353250616516,38.67457897
280.3309749393105, 38.47470436723886
280.3184173724559, 38.27482976146922
280.30585980560124, 38.074955155699584
280.2933022387466, 37.87508054992994
280.28074467189197,37.67520594
280.2681871050373, 37.47533133839066
280.2556295381827, 37.27545673262102
280.24307197132805, 37.07558212685139
280.2305144044734, 36.87570752108174
280.2179568376188,36.67583292
280.20539927076413, 36.47595830954246
280.1928417039095, 36.27608370377283
280.18028413705485, 36.07620909800318
280.1677265702002, 35.87633449223354
280.1551690033456,35.67645989
280.14261143649094, 35.476585280694266
280.1300538696363, 35.27671067492463
280.11749630278166, 35.076836069154986
280.1049387, 34.87696146338535
280.0923811690724, 34.677086857615706
280.07982360221774, 34.47721225184607
282.53692085010846, 45.87027407349645
282.5243632832538,45.67039947
282.5118057163992, 45.47052486195716
282.49924814954454, 45.27065025618752
282.4866905826899, 45.070775650417886
282.47413301583526, 44.87090104464825
282.4615754489806, 44.671026438878606
282.4490179, 44.47115183310896
282.43646031527135, 44.271277227339326
282.4239027484167, 44.07140262156969
282.41134518156207, 43.871528015800045
282.39878761470743,43.67165341
282.3862300478528, 43.471778804260765
282.37367248099815, 43.27190419849113
282.3611149141435, 43.07202959272149
282.3485573472889, 42.87215498695185
282.33599978043424, 42.672280381182205
282.3234422135796, 42.47240577541257
282.31088464672496, 42.27253116964293
282.2983270798703, 42.07265656387329
284.2531216535755, 45.47073415473807
284.24056408672084, 45.27085954896843
284.2280065198662, 45.070984943198795
284.21544895301156, 44.87111033742916
284.1903338193023, 44.47136112588987
284.17777625244764, 44.271486520120234
284.1652187,44.07161191
284.15266111873837, 43.871737308580954
284.1401035518837, 43.67186270281131
284.1275459850291, 43.471988097041674
284.11498841817445, 43.27211349127204
284.1024308513198,43.07223889
284.08987328446517, 42.87236427973276
284.07731571761053, 42.67248967396311
284.0647581507559, 42.47261506819348
284.05220058390125, 42.27274046242384
284.0396430170466,42.07286586
284.0270855, 41.87299125088455
284.01452788333734, 41.673116645114916
284.0019703164827, 41.47324203934528
283.98941274962806, 41.27336743357564
283.9768551827734,41.07349283
283.9642976159188, 40.873618222036356
283.95174004906414, 40.67374361626672
283.9391824822095, 40.47386901049708
283.92662491535486, 40.27399440472744
283.9140673485003, 40.074119798957796
283.90150978164564, 39.87424519318816
283.8889522, 39.67437058741852
283.87639464793637, 39.47449598164888
283.8638370810817, 39.27462137587924
283.8512795142271,39.07474677
283.83872194737245, 38.87487216433996
283.8261643805178, 38.674997558570325
283.81360681366317, 38.47512295280068
283.80104924680853, 38.27524834703104
283.7884916799539,38.07537374
283.77593411309925, 37.875499135491765
283.7633765462446, 37.67562452972212
283.750819, 37.47574992395248
283.73826141253534, 37.27587531818284
283.7257038456807, 37.076000712413204
285.9190922, 44.27169581290114
285.90653462276936, 44.07182120713151
285.8939770559147, 43.87194660136187
285.8814194890601, 43.672071995592226
285.86886192220544, 43.47219738982258
285.8563043553508, 43.272322784052946
285.84374678849616, 43.07244817828331
285.8311892216415, 42.87257357251367
285.8186316547869, 42.67269896674403
285.80607408793225, 42.472824360974386
285.7935165210776, 42.27294975520475
285.78095895422297, 42.07307514943511
285.7684013873683, 41.87320054366547
285.7558438205137, 41.673325937895825
285.74328625365905, 41.47345133212619
285.7307286868044, 41.27357672635655
285.7181711199498, 41.073702120586915
285.70561355309513, 40.87382751481727
285.6930559862405, 40.67395290904763
285.68049841938586, 40.47407830327799
285.6679408525312, 40.274203697508355
285.65538328567663, 40.07432909173871
285.6428257, 39.87445448596907
285.63026815196736, 39.67457988019943
285.6177105851127, 39.474705274429795
285.6051530182581, 39.27483066866016
285.59259545140344, 39.074956062890514
285.5800378845488, 38.87508145712087
285.56748031769416, 38.675206851351234
285.5549227508395,38.47533225
285.5423651839849, 38.275457639811954
285.52980761713025, 38.07558303404231
285.5172500502756, 37.875708428272674
285.50469248342097, 37.67583382250304
285.49213491656633, 37.47595921673339
285.4795773497117, 37.27608461096376
285.46701978285705, 37.07621000519411
285.4544622160024, 36.87633539942448
285.4419046491478, 36.67646079365484
285.42934708229313,36.47658619
287.6478505599457, 44.072030499912415
287.63529299309107, 43.87215589414278
287.62273542623643, 43.67228128837314
287.6101778593818,43.47240668
287.59762029252715, 43.27253207683386
287.5850627256725, 43.07265747106422
287.5725051588179, 42.87278286529458
287.55994759196324, 42.672908259524945
287.5473900251086,42.47303365
287.53483245825396, 42.27315904798566
287.5222748913993, 42.07328444221602
287.5097173245447, 41.873409836446385
287.49715975769004, 41.67353523067674
287.4846021908354,41.47366062
287.47204462398076, 41.27378601913746
287.4594870571261, 41.073911413367824
287.4469294902715, 40.87403680759819
287.43437192341685, 40.674162201828544
287.4218143565622,40.4742876
287.40925678970757, 40.274412990289264
287.3966992, 40.07453838451963
287.38414165599835, 39.874663778749984
287.3715840891437, 39.67478917298034
287.35902652228907,39.47491457
287.34646895543443, 39.27503996144107
287.3339113885798, 39.07516535567143
287.32135382172515, 38.87529074990179
287.3087962548705, 38.67541614413214
287.2962386880159, 38.475541538362506
287.28368112116124, 38.27566693259287
287.2711235543066, 38.075792326823226
287.25856598745196, 37.87591772105358
287.2460084205973, 37.676043115283946
287.2334508537427, 37.47616850951431
287.22089328688804, 37.27629390374467
287.2083357200334, 37.07641929797503
287.19577815317876, 36.876544692205385
287.1832205863241, 36.67667008643575
287.1706630194695, 36.47679548066611
287.15810545261485, 36.27692087489647
287.1455478857602, 36.077046269126825
287.13299031890557, 35.87717166335719
287.12043275205093, 35.67729705758755
287.1078751851963, 35.47742245181791
287.09531761834165, 35.27754784604827
289.03755462519223, 38.475750831143415
289.0249970583376, 38.27587622537378
289.01243949148295, 38.076001619604135
288.9998819246283, 37.87612701383449
288.9873243577737, 37.676252408064855
288.97476679091903, 37.47637780229522
288.9622092240644, 37.27650319652558
288.94965165720976, 37.07662859075594
288.9370940903551, 36.876753984986294
288.9245365235005, 36.67687937921666
288.91197895664584, 36.47700477344702
288.8994213897912, 36.27713016767738
288.88686382293656, 36.077255561907734
288.8743062560819,35.87738096
288.8617486892273, 35.67750635036846
288.84919112237264, 35.47763174459882
288.8366336, 35.27775713882918
288.82407598866337, 35.07788253305954
290.7788705623685, 38.475960123924324
290.7663129955139, 38.27608551815469
290.75375542865925, 38.07621091238505
290.7411978618046, 37.87633630661541
290.72864029494997, 37.67646170084576
290.71608272809533, 37.47658709507613
290.7035251612407, 37.27671248930649
290.69096759438605, 37.076837883536854
290.6784100275314, 36.87696327776721
290.6658524606768, 36.677088671997566
290.65329489382214, 36.47721406622793
290.6407373269675, 36.27733946045829
290.62817976011286, 36.07746485468865
290.6156221932582, 35.877590248919006
290.6030646264036, 35.67771564314937
290.59050705954894, 35.47784103737973
290.5779494926943, 35.277966431610096
292.6708773018005, 40.874664685940914
292.65831973494585, 40.67479008017128
292.6457621680912, 40.474915474401634
292.63320460123657, 40.27504086863199
292.620647, 40.07516626286235
292.60808946752735, 39.87529165709272
292.5955319006727, 39.67541705132307
292.5829743338181, 39.47554244555343
292.57041676696343, 39.27566783978379
292.5578592001088, 39.07579323401416
292.54530163325416, 38.87591862824452
292.5327440663995, 38.676044022474876
292.5201864995449, 38.47616941670523
292.50762893269024, 38.276294810935596
292.4950713658356, 38.07642020516596
292.48251379898096, 37.876545599396316
292.4699562321263, 37.67667099362667
292.4573986652717, 37.476796387857036
292.44484109841704,37.27692178
292.4322835315624, 37.07704717631776
292.41972596470777, 36.87717257054812
292.4071683978531, 36.677297964778475
292.3946108309985, 36.47742335900884
292.38205326414385,36.27754875
294.4875386401047, 42.07412161333966
294.47498107325004, 41.87424700757002
294.4624235063954, 41.67437240180038
294.44986593954076, 41.47449779603075
294.4373083726861, 41.27462319026111
294.4247508058315, 41.074748584491466
294.41219323897684, 40.87487397872182
294.3996356721222, 40.674999372952186
294.38707810526756, 40.47512476718255
294.3745205384129, 40.275250161412906
294.36196297155834, 40.07537555564326
294.3494054047037, 39.875500949873626
294.33684783784906, 39.67562634410399
294.3242902709944, 39.475751738334345
294.3117327041398, 39.27587713256471
294.29917513728515, 39.076002526795065
294.2866175704305, 38.87612792102543
294.27406000357587, 38.67625331525579
294.26150243672123, 38.47637870948615
294.2489448698666, 38.276504103716505
294.23638730301195, 38.07662949794687
294.2238297361573, 37.87675489217723
294.2112721693027, 37.67688028640759
294.19871460244804, 37.477005680637944
294.1861570355934, 37.27713107486831
294.17359946873876, 37.07725646909867
294.1610419018841, 36.877381863329035
294.1484843350295, 36.67750725755939
294.13592676817484, 36.47763265178975
294.1233692013202, 36.27775804602011
296.3544302458274, 44.07307696381697
296.3418726789728, 43.87320235804733
296.32931511211814, 43.673327752277686
296.3167575452635, 43.47345314650805
296.30419997840886, 43.27357854073841
296.2916424115542, 43.073703934968776
296.2790848446996, 42.87382932919913
296.26652727784494, 42.67395472342949
296.2539697109903, 42.47408011765985
296.24141214413567, 42.274205511890216
296.2288546, 42.07433090612057
296.2162970104264, 41.87445630035093
296.20373944357175, 41.67458169458129
296.1911818767171, 41.474707088811655
296.17862430986247, 41.27483248304202
296.16606674300783, 41.074957877272375
296.1535091761532, 40.87508327150273
296.14095160929855, 40.675208665733095
296.1283940424439, 40.47533405996346
296.1158364755893, 40.275459454193815
296.1032789087347, 40.07558484842417
296.09072134188006, 39.875710242654534
296.0781637750254,39.67583564
296.0656062081708, 39.475961031115254
296.05304864131614, 39.27608642534562
296.0404910744615, 39.076211819575974
296.02793350760686, 38.87633721380634
296.0153759407522,38.67646261
296.0028183738976, 38.47658800226706
295.99026080704294, 38.276713396497414
295.9777032401883, 38.07683879072778
295.96514567333367, 37.87696418495814
295.9525881,37.67708958
295.9400305396244, 37.47721497341885
295.92747297276975, 37.27734036764922
295.9149154059151, 37.07746576187958
295.90235783906047, 36.87759115610994
295.88980027220583,36.67771655
295.8772427053512, 36.477841944570656
298.10830374985835, 44.27316086236752
298.0957461830037, 44.07328625659788
298.0831886161491, 43.873411650828245
298.07063104929443,43.67353705
298.0580734824398, 43.47366243928896
298.04551591558516, 43.27378783351932
298.0329583487305, 43.073913227749685
298.0204007818759, 42.87403862198005
298.00784321502124, 42.674164016210405
297.9952856481666, 42.47428941044076
297.98272808131196, 42.274414804671125
297.9701705144573, 42.07454019890149
297.9576129476027, 41.874665593131844
297.94505538074804,41.67479099
297.9324978138934, 41.474916381592564
299.8496196870347, 44.27337015514843
299.83706212018006, 44.07349554937879
299.8245045533254, 43.873620943609154
299.8119469864708, 43.67374633783951
299.79938941961615, 43.47387173206987
299.7868318527615, 43.27399712630023
299.77427428590687, 43.074122520530594
299.76171671905223, 42.87424791476096
299.7491591521976, 42.67437330899131
299.73660158534295, 42.47449870322167
299.7240440184883, 42.27462409745203
299.7114864516337,42.07474949
299.69892888477904, 41.87487488591275
299.6863713179244, 41.67500028014311
299.67381375106976, 41.47512567437347
299.6612561842151, 41.275251068603836
299.6486986173605,41.07537646
299.63614105050584, 40.875501857064556
299.5984683499419, 40.27587803975564
299.58591078308734, 40.076003433985996
299.5733532162327, 39.87612882821635
301.5783780573564,44.07370484
301.5658204905018, 43.87383023639006
301.55326292364714, 43.673955630620426
301.5407053567925, 43.47408102485078
301.52814778993786, 43.274206419081146
301.5155902230832,43.07433181
301.5030326562286, 42.874457207541866
301.49047508937394, 42.67458260177223
301.4779175225193, 42.474707996002586
301.46535995566467, 42.27483339023294
301.4528024, 42.074958784463306
301.4402448219554, 41.87508417869367
301.42768725510075, 41.675209572924025
301.4151296882461, 41.47533496715438
301.4025721213915, 41.275460361384745
301.39001455453683, 41.07558575561511
301.3774569876822, 40.87571114984547
301.36489942082756, 40.67583654407583
301.3523418539729, 40.475961938306185
301.3397842871183, 40.27608733253655
301.3272267202637, 40.07621272676691
301.31466915340906, 39.87633812099727
301.3021115865544, 39.676463515227624
301.2895540196998, 39.47658890945799
301.27699645284514, 39.27671430368835
301.2644388859905, 39.076839697918714
301.25188131913586, 38.87696509214907
301.2393237522812, 38.67709048637943
301.2267661854266, 38.47721588060979
301.21420861857194, 38.277341274840154
301.2016510517173, 38.07746666907051
301.18909348486267, 37.87759206330087
301.1765359, 37.67771745753123
301.1639783511534, 37.477842851761594
301.15142078429875, 37.27796824599196
301.1388632174441, 37.07809364022231
301.1263056505895, 36.87821903445267
301.11374808373483, 36.67834442868303
301.1011905168802,36.47846982
301.08863295002556, 36.27859521714375
303.1941183259864, 42.075168077244214
303.18156075913174, 41.87529347147458
303.1690031922771, 41.675418865704934
303.15644562542246, 41.47554425993529
303.1438880585678, 41.275669654165654
303.1313304917132, 41.07579504839602
303.11877292485855, 40.87592044262638
303.1062153580039, 40.67604583685674
303.09365779114927, 40.47617123108709
303.08110022429463, 40.27629662531746
303.06854265744005, 40.07642201954782
303.0559850905854, 39.87654741377818
303.04342752373077, 39.67667280800853
303.03086995687613, 39.476798202238896
303.0183123900215, 39.27692359646926
303.00575482316685, 39.07704899069962
302.9931972563122, 38.87717438492998
302.9806396894576, 38.677299779160336
302.96808212260294,38.47742517
302.9555245557483, 38.27755056762106
302.94296698889366, 38.07767596185142
302.9304094, 37.877801356081775
302.9178518551844, 37.67792675031214
302.90529428832974,37.47805214
302.8927367214751, 37.278177538772866
302.88017915462046, 37.07830293300322
302.8676215877658, 36.87842832723358
302.8550640209112, 36.67855372146394
302.84250645405655, 36.478679115694305
302.8299488872019, 36.27880450992466
302.81739132034727, 36.07892990415502
302.80483375349263, 35.87905529838538
302.7922762, 35.679180692615745
302.77971861978335,35.47930609
302.7671610529287, 35.279431481076465
302.7546034860741, 35.07955687530682
302.74204591921944, 34.879682269537184
302.7294883523648, 34.67980766376754
302.71693078551016, 34.479933057997904
302.7043732186555, 34.28005845222827
302.69181565180094, 34.080183846458624
302.6792580849463, 33.88030924068899
302.66670051809166, 33.680434634919344
302.654143, 33.48056002914971
302.6415853843824, 33.28068542338006
302.62902781752774, 33.08081081761043
302.6164702506731, 32.88093621184078
302.60391268381846, 32.68106160607115
302.5913551169638, 32.48118700030151
302.5787975501092, 32.28131239453187
302.56623998325455, 32.08143778876223
302.5536824163999, 31.881563182992586
302.54112484954527, 31.68168857722295
302.52856728269063, 31.481813971453306
302.5160097, 31.28193936568367
302.50345214898135, 31.082064759914026
302.4908945821267, 30.88219015414439
302.4783370152721, 30.682315548374746
302.46577944841744, 30.48244094260511
302.4532218815628, 30.282566336835472
302.44066431470816, 30.08269173106583
302.4281067478535, 29.882817125296192
302.4155491809989, 29.68294251952655
302.40299161414424, 29.483067913756912
302.3904340472896, 29.28319330798727
302.37787648043496, 29.083318702217632
302.3653189135803, 28.883444096447988
302.3527613467257, 28.68356949067835
302.34020377987105, 28.483694884908715
302.3276462130164, 28.28382027913907
302.3150886461618, 28.083945673369435
302.3025310793072, 27.88407106759979
302.28997351245255, 27.684196461830155
302.2774159455979, 27.48432185606051
302.26485837874327, 27.284447250290874
302.25230081188863, 27.08457264452123
302.2397432, 26.884698038751594
302.22718567817935, 26.68482343298195
302.2146281113247, 26.484948827212314
302.2020705444701, 26.285074221442677
302.18951297761544, 26.085199615673034
302.1769554107608, 25.885325009903397
302.16439784390616, 25.685450404133753
302.1518402770515, 25.485575798364117
302.1392827101969, 25.285701192594473
302.12672514334224, 25.085826586824837
302.1141675764876, 24.885951981055193
302.10161000963296, 24.686077375285556
302.0890524427783, 24.48620276951592
302.0764948759237, 24.286328163746276
302.06393730906905, 24.08645355797664
302.0513797422144, 23.886578952206996
304.70939805977923, 38.47763446617161
304.6968404929246, 38.27775986040197
304.68428292606995, 38.077885254632335
304.6717253592153, 37.87801064886269
304.6591677923607, 37.67813604309305
304.64661022550604, 37.47826143732341
304.6340526586514, 37.278386831553775
304.62149509179676, 37.07851222578414
304.6089375249421, 36.878637620014494
304.5963799580875, 36.67876301424485
304.58382239123284, 36.478888408475214
304.5712648243782, 36.27901380270558
304.55870725752357, 36.079139196935934
304.5461496906689, 35.87926459116629
304.5335921238143, 35.679389985396654
304.52103455695965, 35.47951537962702
304.508477, 35.27964077385738
304.49591942325037, 35.07976616808774
304.48336185639573, 34.87989156231809
304.4708042895411, 34.68001695654845
304.45824672268645, 34.48014235077881
304.4456891558318, 34.280267745009176
304.43313158897723, 34.08039313923953
304.4205740221226, 33.880518533469896
304.40801645526795, 33.68064392770025
304.3954588884133, 33.480769321930616
304.3829013215587, 33.28089471616097
304.37034375470404, 33.081020110391336
304.3577861878494, 32.88114550462169
304.34522862099476, 32.681270898852055
304.3326710541401, 32.48139629308242
304.3201134872855, 32.281521687312775
304.30755592043084, 32.08164708154314
304.2949983535762, 31.881772475773495
304.28244078672157, 31.68189787000386
304.2698832198669, 31.482023264234215
304.2573256530123, 31.28214865846458
304.24476808615765, 31.082274052694935
304.2322105, 30.882399446925298
304.21965295244837, 30.682524841155654
304.20709538559373, 30.482650235386018
304.1945378187391, 30.28277562961638
304.18198025188445, 30.082901023846738
304.1694226850298,29.88302642
304.1568651181752, 29.683151812307457
304.14430755132054, 29.48327720653782
304.1317499844659, 29.283402600768177
304.11919241761126, 29.08352799499854
304.1066348507566, 28.883653389228897
304.0940773, 28.68377878345926
304.08151971704734, 28.483904177689624
304.0689621501927, 28.28402957191998
304.0564045833381, 28.084154966150344
304.0438470164835,27.88428036
304.03128944962884, 27.684405754611063
304.0187318827742, 27.48453114884142
304.00617431591957, 27.284656543071783
303.9936167490649, 27.08478193730214
303.9810591822103, 26.884907331532503
303.96850161535565, 26.68503272576286
303.955944, 26.485158119993223
303.94338648164637, 26.285283514223586
303.93082891479173, 26.085408908453942
303.9182713479371, 25.885534302684306
303.90571378108245, 25.685659696914662
303.8931562142278, 25.485785091145026
303.8805986473732, 25.285910485375382
303.86804108051854, 25.086035879605745
303.8554835136639,24.88616127
303.84292594680926, 24.686286668066465
303.8303683799546, 24.48641206229683
303.8178108, 24.286537456527185
303.80525324624534, 24.08666285075755
303.7926956793907, 23.886788244987905
306.4632715638102, 38.67771836472216
306.4507139969556, 38.47784375895252
306.43815643010095, 38.27796915318288
306.4255988632463, 38.078094547413244
306.41304129639167,37.87821994
306.40048372953703, 37.678345335873956
306.3879261626824, 37.47847073010432
306.37536859582775, 37.27859612433468
306.3628110289731, 37.07872151856505
306.3502534621185,36.87884691
306.33769589526383, 36.67897230702576
306.3251383284092, 36.47909770125612
306.31258076155456, 36.279223095486486
306.3000231946999, 36.07934848971684
306.2874656278453,35.87947388
306.27490806099064, 35.67959927817756
306.2623505, 35.479724672407926
306.24979292728136, 35.27985006663829
306.2372353604267, 35.079975460868646
306.2246777935721, 34.88010085509901
306.21212022671745, 34.680226249329365
306.1995626598628, 34.48035164355973
306.18700509300817, 34.28047703779009
306.1744475261536, 34.08060243202045
306.16188995929895, 33.88072782625081
306.1493323924443, 33.68085322048117
306.13677482558967, 33.48097861471153
306.12421725873503, 33.28110400894189
306.1116596918804, 33.08122940317225
306.09910212502575, 32.88135479740261
306.0865445581711, 32.68148019163297
306.0739869913165, 32.481605585863335
306.06142942446183, 32.28173098009369
306.0488718576072, 32.081856374324055
306.03631429075256, 31.88198176855441
306.0237567238979, 31.682107162784774
306.0111991570433, 31.48223255701513
305.99864159018864, 31.282357951245494
305.986084, 31.08248334547585
305.97352645647936, 30.882608739706214
305.9609688896247, 30.68273413393657
305.9484113227701, 30.482859528166934
305.93585375591545, 30.282984922397297
305.9232961890608, 30.083110316627653
305.91073862220617, 29.883235710858017
305.89818105535153, 29.683361105088373
305.8856234884969, 29.483486499318737
305.87306592164225, 29.283611893549093
305.8605083547876, 29.083737287779456
305.8479508, 28.883862682009813
305.83539322107833, 28.683988076240176
305.8228356542237, 28.48411347047054
305.81027808736906, 28.284238864700896
305.7977205205145, 28.08436425893126
305.78516295365984, 27.884489653161616
305.7726053868052, 27.68461504739198
305.76004781995056, 27.484740441622336
305.7474902530959,27.28486584
305.7349326862413, 27.084991230083055
305.72237511938664, 26.88511662431342
305.7098176, 26.685242018543775
305.69725998567736, 26.48536741277414
305.6847024188227, 26.285492807004502
305.6721448519681, 26.08561820123486
305.65958728511345, 25.88574359546522
305.6470297182588, 25.685868989695578
305.63447215140417, 25.48599438392594
305.62191458454953, 25.286119778156298
305.6093570176949, 25.08624517238666
305.59679945084025, 24.886370566617018
305.5842418839856, 24.68649596084738
305.5716843, 24.486621355077745
305.55912675027633,24.28674675
305.5465691834217, 24.086872143538464
305.53401161656706, 23.88699753776882
308.3301631695329, 40.67667371519947
308.31760560267827, 40.476799109429834
308.30504803582363, 40.27692450366019
308.29249046896905, 40.07704989789055
308.2799329021144, 39.87717529212091
308.26737533525977, 39.67730068635127
308.25481776840513, 39.47742608058163
308.2422602015505, 39.27755147481199
308.22970263469585, 39.07767686904235
308.2171450678412, 38.87780226327271
308.2045875009866, 38.677927657503076
308.19202993413194, 38.47805305173343
308.1794723672773, 38.27817844596379
308.16691480042266, 38.07830384019415
308.1543572, 37.878429234424516
308.1417996667134, 37.67855462865487
308.12924209985874, 37.47868002288523
308.1166845330041, 37.27880541711559
308.10412696614947, 37.078930811345955
308.0915693992948, 36.87905620557632
308.0790118324402, 36.679181599806675
308.06645426558555, 36.47930699403703
308.0538966987309, 36.279432388267395
308.04133913187627, 36.07955778249776
308.02878156502163, 35.879683176728115
308.016224, 35.67980857095847
308.00366643131235, 35.479933965188835
307.9911088644577,35.28005936
307.9785512976031, 35.08018475364956
307.96599373074844, 34.88031014787992
307.9534361638938, 34.680435542110274
307.94087859703916, 34.48056093634064
307.9283210301845,34.28068633
307.91576346332994, 34.08081172480136
307.9032058964753, 33.88093711903172
307.89064832962066, 33.68106251326208
307.8780908, 33.48118790749244
307.8655331959114,33.2813133
307.85297562905674, 33.08143869595316
307.8404180622021, 32.88156409018352
307.82786049534747, 32.68168948441388
307.8153029284928, 32.48181487864424
307.8027453616382,32.28194027
307.79018779478355, 32.08206566710496
307.7776302279289, 31.88219106133532
307.76507266107427, 31.682316455565683
307.75251509421963, 31.48244184979604
307.7399575, 31.282567244026403
307.72739996051035, 31.08269263825676
307.7148423936557, 30.882818032487123
307.7022848268011, 30.68294342671748
307.68972725994644, 30.483068820947842
307.6771696930918, 30.283194215178206
307.66461212623716, 30.083319609408562
307.6520545593825, 29.883445003638926
307.6394969925279, 29.683570397869282
307.62693942567324, 29.483695792099645
307.6143818588186,29.28382119
307.60182429196396, 29.083946580560365
307.5892667251093, 28.88407197479072
307.5767091582547, 28.684197369021085
307.56415159140005, 28.48432276325145
307.5515940245454, 28.284448157481805
307.5390364576908, 28.084573551712168
307.5264788908362, 27.884698945942525
307.51392132398155, 27.684824340172888
307.5013637571269, 27.484949734403244
307.48880619027227, 27.285075128633608
307.47624862341763, 27.085200522863964
307.4636911, 26.885325917094328
307.45113348970835, 26.685451311324684
307.4385759228537, 26.485576705555047
307.4260183559991, 26.28570209978541
307.41346078914444, 26.085827494015767
307.4009032222898, 25.88595288824613
310.07147910670926, 40.67688300798038
310.0589215398546, 40.47700840221074
310.046364,40.2771338
310.0338064061454, 40.077259190671455
310.02124883929076, 39.87738458490182
310.0086912724361, 39.67750997913218
309.9961337055815, 39.47763537336254
309.98357613872685,39.27776077
309.9710185718722, 39.07788616182326
309.95846100501757, 38.87801155605362
309.94590343816293, 38.678136950283985
309.9333458713083, 38.47826234451434
309.92078830445365,38.27838774
309.9082307, 38.07851313297506
309.8956731707444, 37.878638527205425
309.88311560388973, 37.67876392143578
309.8705580370351, 37.47888931566614
309.85800047018046,37.27901471
309.8454429033258, 37.079140104126864
309.8328853364712, 36.87926549835723
309.82032776961654, 36.679390892587584
309.8077702027619, 36.47951628681794
309.7700975, 35.879892469509024
309.73242480163407, 35.28026865220011
309.71986723477943, 35.08039404643047
309.7073096679248, 34.88051944066083
309.69475210107015, 34.68064483489118
309.6821945342155, 34.480770229121546
309.6696369673609, 34.28089562335191
309.6570794005063, 34.081021017582266
309.64452183365165, 33.88114641181263
309.6319643, 33.681271806042986
309.6194066999424, 33.48139720027335
309.60684913308774, 33.281522594503706
309.5942915662331, 33.08164798873407
309.58173399937846, 32.881773382964425
309.5691764325238, 32.68189877719479
309.5566188656692, 32.48202417142515
309.54406129881454, 32.28214956565551
309.45615833083207, 30.88302732526803
309.4310431971228, 30.48327811372875
309.41848563026815, 30.283403507959115
309.4059280634135, 30.08352890218947
309.3682553628496, 29.483905084880554
309.35569779599496, 29.28403047911091
309.2301221274486, 27.285284421414516
311.81279504388556, 40.67709230076129
311.8002374770309, 40.47721769499165
311.7876799101763, 40.277343089222015
311.7751223433217, 40.07746848345237
311.76256477646706, 39.87759387768273
311.7500072096124, 39.67771927191309
311.7374496427578, 39.477844666143454
311.72489207590314, 39.27797006037382
311.7123345090485, 39.078095454604174
311.69977694219386, 38.87822084883453
311.6872193753392, 38.678346243064894
311.6746618084846, 38.47847163729526
311.66210424162995, 38.278597031525614
311.6495466747753, 38.07872242575597
311.63698910792067, 37.87884781998633
311.62443154106603,37.67897321
311.6118739742114, 37.47909860844705
311.59931640735675, 37.27922400267742
311.5867588405021, 37.07934939690777
311.5742012736475, 36.879474791138136
311.56164370679284,36.67960019
313.54155341420727, 40.47742698777256
313.52899584735263, 40.27755238200292
313.51643828049805, 40.07767777623328
313.5038807136434, 39.877803170463636
313.4913231467888,39.67792856
313.47876557993413, 39.47805395892436
313.4662080130795, 39.27817935315473
313.45365044622486, 39.07830474738508
313.4410928793702, 38.87843014161544
313.4285353125156,38.67855554
313.41597774566094, 38.478680930076166
313.4034201788063, 38.27880632430652
313.39086261195166, 38.07893171853688
313.378305, 37.87905711276724
313.3657474782424, 37.679182506997606
313.35318991138774, 37.47930790122796
313.3406323445331, 37.279433295458325
313.32807477767847, 37.07955868968868
313.3155172108238, 36.879684083919045
313.3029596439692, 36.67980947814941
313.29040207711455, 36.479934872379765
315.32054205194754, 41.07726009786239
315.3079844850929, 40.877385492092756
315.29542691823826, 40.67751088632311
315.2828693513836, 40.47763628055347
315.2703118, 40.27776167478383
315.2577542176744, 40.077887069014196
315.24519665081976, 39.87801246324455
315.2326390839651, 39.67813785747491
315.2200815171105, 39.47826325170527
315.20752395025585, 39.278388645935635
315.1949663834012,39.07851404
315.18240881654657, 38.878639434396355
315.16985124969193, 38.67876482862671
315.1572936828373, 38.478890222857075
315.14473611598265, 38.27901561708744
315.1321785, 38.079141011317795
315.1196209822734, 37.87926640554815
315.10706341541874, 37.679391799778514
315.0945058485641, 37.47951719400888
315.08194828170946, 37.27964258823924
315.0693907148548,37.07976798
315.0568331480002, 36.879893376699954
315.04427558114554, 36.68001877093032
315.0317180142909, 36.48014416516068
317.06185798912384,41.07746939
317.0493004222692, 40.877594784873665
317.03674285541456, 40.67772017910402
317.0241852885599, 40.47784557333438
317.0116277217053, 40.27797096756474
316.9990701548507, 40.078096361795104
316.98651258799606, 39.87822175602546
316.9739550211414, 39.67834715025582
316.9613974542868, 39.47847254448618
316.94883988743214, 39.278597938716544
316.9362823205775, 39.07872333294691
316.92372475372287, 38.878848727177264
316.9111671868682, 38.67897412140762
316.8986096200136, 38.479099515637984
316.88605205315895, 38.27922490986835
316.8734944863043,38.0793503
316.86093691944967, 37.87947569832906
316.84837935259503, 37.67960109255942
316.8358217857404, 37.47972648678979
316.82326421888575, 37.27985188102015
316.8107066520311, 37.079977275250506
316.7981490851765, 36.88010266948086
316.78559151832184, 36.680228063711226
316.7730339514672, 36.48035345794159
316.76047638461256, 36.280478852171946
316.7479188177579,36.08060425
316.7353612509033, 35.880729640632666
316.72280368404864, 35.68085503486303
316.7102461, 35.480980429093385
316.69768855033936, 35.28110582332375
316.6851309834847, 35.081231217554105
316.6725734166301, 34.88135661178447
316.66001584977545, 34.681482006014825
316.6474582829208, 34.48160740024519
316.63490071606617, 34.28173279447555
316.6223431492116, 34.08185818870591
316.60978558235695, 33.88198358293627
316.5972280155023, 33.68210897716663
316.58467044864767, 33.48223437139699
316.57211288179303, 33.28235976562735
316.5595553149384, 33.08248515985771
316.54699774808375, 32.88261055408807
316.5344401812291, 32.68273594831843
316.5218826143745, 32.482861342548794
316.50932504751984, 32.28298673677915
316.4967674806652, 32.083112131009514
316.48420991381056, 31.88323752523987
316.4716523469559, 31.683362919470234
316.4590947801013, 31.48348831370059
316.44653721324664, 31.283613707930954
316.4339796, 31.08373910216131
316.42142207953736, 30.883864496391674
316.4088645126827, 30.68398989062203
316.3963069458281, 30.484115284852393
316.38374937897345, 30.284240679082757
316.3711918121188, 30.084366073313113
316.35863424526417, 29.884491467543477
316.32096154470025, 29.284867650234553
316.3084039778456, 29.084993044464916
316.2958464, 28.885118438695272
318.79061635944555, 40.877804077654574
318.7780587925909, 40.67792947188494
318.7655012257363, 40.47805486611529
318.75294365888163, 40.27818026034565
318.74038609202705, 40.07830565457601
318.7278285251724, 39.87843104880638
318.7152709583178, 39.67855644303673
318.70271339146313, 39.47868183726709
318.6901558246085, 39.27880723149745
318.67759825775386, 39.078932625727816
318.6650406908992, 38.87905801995818
318.6524831240446, 38.679183414188536
318.63992555718994, 38.47930880841889
318.6273679903353, 38.279434202649256
318.61481042348066, 38.07955959687962
318.6022529, 37.879684991109976
318.5896952897714, 37.67981038534033
318.57713772291675, 37.479935779570695
318.5645801560621, 37.28006117380106
318.55202258920747, 37.08018656803142
318.53946502235283, 36.88031196226178
318.5269074554982, 36.680437356492135
318.51434988864355,36.48056275
318.5017923217889, 36.28068814495286
318.4892347549343, 36.08081353918322
318.47667718807963, 35.880938933413574
318.4641196, 35.68106432764394
318.45156205437036,35.48118972
318.4390044875157, 35.281315116104665
318.4264469206611, 35.08144051033502
318.41388935380644, 34.88156590456538
318.4013317869518, 34.681691298795734
318.38877422009716,34.48181669
318.3762166532425, 34.28194208725646
318.36365908638794, 34.08206748148682
318.3511015195333, 33.88219287571718
318.33854395267866, 33.68231826994754
318.3259864,33.48244366
318.3134288189694, 33.28256905840826
318.30087125211475, 33.08269445263862
318.2883136852601, 32.882819846868976
318.27575611840547, 32.68294524109934
318.26319855155083,32.48307064
318.2506409846962, 32.28319602956006
318.23808341784155, 32.08332142379042
318.2255258509869, 31.88344681802078
318.2129682841323, 31.683572212251143
318.20041071727763,31.48369761
318.1878532, 31.283823000711863
318.17529558356836, 31.08394839494222
318.1627380167137, 30.884073789172582
318.1501804498591, 30.68419918340294
318.13762288300444, 30.484324577633302
318.1250653161498, 30.284449971863665
318.11250774929516, 30.084575366094022
318.0999501824405, 29.884700760324385
318.0873926155859, 29.68482615455474
318.07483504873125, 29.484951548785105
318.0622774818766, 29.28507694301546
318.04971991502197, 29.085202337245825
318.0371623481673, 28.88532773147618
318.0246047813127, 28.685453125706545
318.01204721445805, 28.485578519936908
317.9994896476034, 28.285703914167264
317.98693208074883, 28.085829308397628
317.9743745138942, 27.885954702627984
317.96181694703955, 27.686080096858348
317.9492593801849, 27.486205491088704
317.9367018133303, 27.286330885319067
317.92414424647563, 27.086456279549424
317.9115867, 26.886581673779787
317.89902911276636, 26.686707068010143
317.8864715459117, 26.486832462240507
317.8739139790571, 26.28695785647087
317.86135641220244, 26.087083250701227
317.8487988453478, 25.88720864493159
320.40635662807557, 38.87926731273909
320.39379906122093, 38.679392706969445
320.3812414943663,38.4795181
320.36868392751165, 38.279643495430165
320.3561264, 38.07976888966053
320.3435687938024, 37.879894283890884
320.33101122694774, 37.68001967812124
320.3184536600931, 37.480145072351604
320.30589609323846, 37.28027046658197
320.2933385263838, 37.08039586081233
320.2807809595292, 36.88052125504269
320.26822339267454, 36.680646649273044
320.2556658258199, 36.48077204350341
320.24310825896526, 36.28089743773377
320.2305506921106, 36.08102283196413
320.2179931, 35.88114822619448
320.20543555840135, 35.68127362042485
320.1928779915467, 35.48139901465521
320.18032042469207, 35.28152440888557
320.16776285783743, 35.08164980311593
320.1552052909828, 34.88177519734629
320.14264772412815, 34.68190059157665
320.1300901572735, 34.48202598580701
320.1175325904189, 34.28215138003738
320.1049750235643, 34.08227677426773
320.09241745670965, 33.882402168498096
320.0798599, 33.68252756272845
320.0673023230004, 33.482652956958816
320.05474475614574, 33.28277835118917
320.0421871892911, 33.082903745419536
320.02962962243646, 32.88302913964989
320.0170720555818, 32.683154533880256
320.0045144887272, 32.48327992811062
319.99195692187254, 32.283405322340975
319.9793993550179, 32.08353071657134
319.96684178816326, 31.883656110801695
319.9542842213086, 31.68378150503206
319.9417267, 31.483906899262415
319.92916908759935, 31.28403229349278
319.9166115207447, 31.084157687723135
319.90405395389007, 30.884283081953498
319.89149638703543, 30.684408476183854
319.8789388201808, 30.484533870414218
319.86638125332615, 30.28465926464458
319.8538236864715, 30.084784658874938
319.8412661196169,29.88491005
319.82870855276224, 29.685035447335657
319.8161509859076, 29.48516084156602
319.80359341905296, 29.285286235796377
319.7910358521983, 29.08541163002674
319.7784782853437, 28.885537024257097
319.76592071848904, 28.68566241848746
319.7533631516344, 28.485787812717824
319.74080558477976, 28.28591320694818
319.7282480179252, 28.086038601178544
319.71569045107054,27.886164
319.7031328842159, 27.686289389639263
319.69057531736127, 27.48641478386962
319.6780177505066, 27.286540178099983
319.6654602, 27.08666557233034
319.65290261679735, 26.886790966560703
319.6403450499427, 26.68691636079106
319.62778748308807, 26.487041755021423
319.61522991623343, 26.287167149251786
319.6026723493788, 26.087292543482143
319.59011478252415, 25.887417937712506
322.16023013210656, 39.079351211289634
322.1476725652519,38.87947661
322.1351149983973, 38.67960199975036
322.12255743154265, 38.47972739398072
322.1099999, 38.27985278821107
322.09744229783337, 38.07997818244144
322.08488473097873,37.88010358
322.0723271641241, 37.68022897090216
322.05976959726945, 37.48035436513251
322.0472120304148, 37.280479759362876
322.0346544635602, 37.08060515359324
322.02209689670553,36.88073055
322.0095393298509, 36.68085594205396
321.99698176299626, 36.480981336284316
321.9844241961416, 36.28110673051468
321.9718666, 36.08123212474504
321.95930906243234,35.88135752
321.9467514955777, 35.681482913205755
321.93419392872306, 35.48160830743612
321.9216363618684, 35.28173370166648
321.9090787950138, 35.081859095896846
321.89652122815914,34.88198449
321.8839636613045, 34.68210988435756
321.87140609444987, 34.48223527858792
321.8588485275952, 34.282360672818285
321.84629096074065, 34.08248606704864
321.8337334, 33.882611461279005
321.82117582703137, 33.68273685550936
321.80861826017673, 33.482862249739725
321.7960606933221, 33.28298764397008
321.78350312646745, 33.083113038200445
321.7709455596128,32.88323843
321.7583879927582, 32.683363826661164
321.74583042590353, 32.48348922089153
321.7332728590489, 32.283614615121884
321.72071529219426, 32.08374000935225
321.7081577253396, 31.883865403582604
321.6956002, 31.683990797812967
321.68304259163034, 31.484116192043324
321.6704850247757, 31.284241586273687
321.65792745792106, 31.084366980504043
321.6453698910664, 30.884492374734407
321.6328123242118, 30.684617768964763
321.62025475735715, 30.484743163195127
321.6076971905025, 30.28486855742549
321.59513962364787, 30.084993951655846
321.5825820567932, 29.88511934588621
321.5700244899386, 29.685244740116566
321.55746692308395, 29.48537013434693
321.5449093562293, 29.285495528577286
321.5323517893747, 29.08562092280765
321.51979422252003, 28.885746317038006
321.5072366556654, 28.68587171126837
321.49467908881076, 28.485997105498733
321.4821215219561, 28.28612249972909
321.46956395510153, 28.086247893959452
321.4570063882469, 27.88637328818981
321.44444882139226, 27.686498682420172
321.4318912545376, 27.48662407665053
321.4193337, 27.286749470880892
321.40677612082834, 27.08687486511125
321.3942185539737, 26.88700025934161
321.38166098711906, 26.687125653571968
321.3691034202644, 26.48725104780233
321.3565458534098, 26.287376442032695
323.97689147041064, 40.27880813868839
323.96433390355605, 40.07893353291875
323.9517763367014,39.87905893
323.9392187698468, 39.679184321379466
323.92666120299214, 39.47930971560983
323.9141036361375, 39.27943510984019
323.90154606928286, 39.07956050407055
323.8889885024282, 38.879685898300906
323.8764309355736, 38.67981129253127
323.86387336871894, 38.47993668676163
323.8513158018643, 38.28006208099199
323.83875823500966, 38.080187475222345
323.8262007, 37.88031286945271
323.8136431013004, 37.68043826368307
323.80108553444575, 37.48056365791343
323.7885279675911, 37.28068905214379
323.77597040073647, 37.08081444637415
323.76341283388183, 36.88093984060451
323.7508552670272, 36.681065234834875
323.73829770017255, 36.48119062906523
323.7257401333179, 36.28131602329559
323.7131825664633, 36.08144141752595
323.70062499960864, 35.881566811756315
323.6880674, 35.68169220598667
323.67550986589936, 35.48181760021703
323.6629522990447, 35.28194299444739
323.6503947321901, 35.082068388677754
323.63783716533544, 34.88219378290811
323.6252795984808, 34.68231917713847
323.61272203162616, 34.48244457136883
323.6001644647715, 34.282569965599194
323.58760689791694, 34.08269535982955
323.5750493310623, 33.882820754059914
323.56249176420766, 33.68294614829027
323.5499342, 33.483071542520634
323.5373766304984, 33.28319693675099
323.52481906364375, 33.08332233098135
323.5122614967891, 32.88344772521171
323.49970392993447, 32.68357311944207
323.48714636307983, 32.48369851367244
323.4745887962252, 32.28382390790279
323.46203122937055, 32.083949302133156
323.4494736625159, 31.884074696363513
323.4369160956613, 31.684200090593876
323.42435852880664, 31.484325484824232
323.411801, 31.284450879054596
323.39924339509736, 31.084576273284952
323.3866858282427, 30.884701667515316
323.3741282613881, 30.684827061745672
323.36157069453344, 30.484952455976035
323.3490131276788,30.28507785
325.89401334355193, 43.07726191224425
325.8814557766973, 42.87738730647462
325.86889820984265, 42.67751270070497
325.8563406, 42.47763809493533
325.8437830761334, 42.27776348916569
325.83122550927874, 42.07788888339606
325.8186679424241, 41.87801427762641
325.80611037556946, 41.67813967185677
325.7935528087148, 41.47826506608713
325.7809952418602, 41.278390460317496
325.76843767500554, 41.07851585454786
325.7558801081509, 40.878641248778216
325.74332254129627, 40.67876664300857
325.7307649744416, 40.478892037238936
325.7182074,40.27901743
325.7056498407324, 40.079142825699655
325.69309227387777, 39.87926821993001
325.6805347070231, 39.679393614160375
325.6679771401685, 39.47951900839074
325.65541957331385,39.2796444
325.6428620064592, 39.07976979685146
325.6303044396046, 38.879895191081815
325.61774687274993, 38.68002058531218
325.6051893058953, 38.48014597954254
325.59263173904066,38.28027137
325.5800742, 38.080396768003254
325.5675166053314, 37.88052216223362
325.55495903847674, 37.68064755646398
325.5424014716221, 37.48077295069434
325.52984390476746,37.28089834
325.5172863379128, 37.08102373915506
325.5047287710582, 36.88114913338542
325.49217120420354, 36.681274527615784
325.4796136373489, 36.48139992184614
325.46705607049427,36.28152532
325.4544985036396, 36.08165071030686
325.4419409, 35.881776104537224
325.42938336993035, 35.68190149876758
325.4168258030757, 35.482026892997936
325.40426823622107,35.28215229
325.39171066936643, 35.08227768145866
325.3791531025118, 34.88240307568903
325.36659553565715, 34.68252846991938
325.3540379688025, 34.482653864149746
325.3414804019479, 34.28277925838011
325.3289228350933, 34.082904652610466
325.31636526823866, 33.88303004684083
325.3038077, 33.683155441071186
325.2912501345294, 33.48328083530155
327.66044441443756, 43.47722041656444
327.6478868475829, 43.277345810794806
327.6353292807283, 43.07747120502516
327.62277171387365, 42.877596599255526
327.6102141, 42.67772199348589
327.59765658016437, 42.477847387716245
327.58509901330973,42.27797278
327.5725414464551, 42.078098176176965
327.55998387960045, 41.87822357040733
327.5474263127458, 41.678348964637685
327.5348687458912, 41.47847435886804
327.52231117903654, 41.278599753098405
327.5097536121819, 41.07872514732877
327.49719604532726, 40.87885054155913
327.4846384784726, 40.67897593578949
327.4720809, 40.479101330019844
327.45952334476334, 40.27922672425021
327.44696577790876, 40.07935211848057
327.4344082110541, 39.87947751271093
327.4218506441995, 39.679602906941284
327.40929307734484, 39.47972830117165
327.3967355104902, 39.27985369540201
327.38417794363556, 39.079979089632374
327.3716203767809, 38.88010448386273
327.3590628099263, 38.68022987809309
327.34650524307165, 38.48035527232345
327.3339477, 38.280480666553814
327.32139010936237, 38.08060606078417
327.30883254250773, 37.880731455014526
327.2962749756531, 37.68085684924489
327.28371740879845, 37.48098224347525
327.2711598419438, 37.28110763770562
327.2586022750892, 37.08123303193597
327.24604470823454, 36.88135842616633
327.2334871413799, 36.68148382039669
327.22092957452526, 36.481609214627056
327.2083720076706, 36.28173460885741
327.1958144, 36.08186000308777
327.18325687396134, 35.88198539731813
327.1706993071067, 35.682110791548496
327.15814174025206, 35.48223618577885
327.1455841733974, 35.282361580009216
327.1330266065428, 35.08248697423957
327.12046903968815, 34.882612368469935
327.1079114728335, 34.68273776270029
327.09535390597887, 34.482863156930655
327.08279633912423, 34.28298855116102
327.07023877226965, 34.083113945391375
327.0576812, 33.88323933962174
327.04512363856037, 33.683364733852095
327.03256607170573, 33.48349012808246
327.0200085048511, 33.283615522312815
327.00745093799645, 33.08374091654318
326.9948933711418, 32.883866310773534
326.9823358042872,32.68399171
326.96977823743254, 32.48411709923426
326.9572206705779, 32.28424249346462
326.94466310372326, 32.08436788769498
326.9321055368686, 31.884493281925337
326.919548,31.68461868
326.90699040315934, 31.484744070386057
329.4017603516139, 43.47742970934535
329.3892027847593, 43.277555103575715
329.37664521790464, 43.07768049780607
329.3640877, 42.877805892036434
329.35153008419536,42.67793129
329.3389725173407, 42.478056680497154
329.3264149504861, 42.27818207472751
329.31385738363144, 42.078307468957874
329.3012998167768, 41.87843286318824
329.28874224992217, 41.678558257418594
329.2761846830675, 41.47868365164895
329.2636271162129, 41.27880904587931
329.25106954935825, 41.07893444010968
329.2385119825036, 40.87905983434004
329.22595441564897,40.67918523
329.21339684879433, 40.47931062280075
329.2008392819397, 40.27943601703112
329.1882817150851, 40.07956141126148
329.1757241482305, 39.879686805491836
329.16316658137583, 39.67981219972219
329.1506090145212, 39.479937593952556
329.13805144766656, 39.28006298818292
329.1254938808119, 39.08018838241328
329.1129363139573, 38.88031377664364
329.10037874710264, 38.680439170873996
329.0878212, 38.48056456510436
329.07526361339336, 38.28068995933472
329.0627060465387, 38.08081535356508
329.0501484796841, 37.880940747795435
329.03759091282944,37.68106614
329.0250333459748, 37.48119153625616
329.01247577912017, 37.281316930486526
328.9999182122655, 37.08144232471688
328.9873606454109, 36.88156771894724
328.97480307855625,36.68169311
328.9622455117016, 36.481818507407965
328.94968794484697, 36.28194390163832
328.93713037799233, 36.08206929586868
328.9245728111377, 35.88219469009904
328.91201524428305, 35.682320084329405
328.8994576774284, 35.48244547855976
328.8869001105738, 35.282570872790124
328.87434254371914, 35.08269626702048
328.8617849768645, 34.882821661250844
328.84922741000986,34.68294706
328.8366698431552, 34.483072449711564
328.8241122763006, 34.28319784394193
328.8115547, 34.083323238172284
328.79899714259136, 33.88344863240265
328.7864395757367,33.68357403
328.7738820088821, 33.48369942086337
328.76132444202744, 33.28382481509372
328.7487668751728, 33.08395020932409
328.73620930831817, 32.88407560355444
328.7236517414635, 32.68420099778481
328.7110941746089, 32.48432639201517
328.69853660775425, 32.284451786245526
328.6859790408996, 32.08457718047589
328.67342147404497, 31.884702574706246
328.66086390719033, 31.68482796893661
328.6483063403357, 31.484953363166966
328.63574877348105, 31.28507875739733
328.6231912066264, 31.085204151627686
328.6106336397718, 30.88532954585805
328.59807607291714, 30.685454940088405
328.5855185060625, 30.48558033431877
328.57296093920786, 30.285705728549132
328.5604033723532, 30.08583112277949
328.5478458054986, 29.885956517009852
330.9547127859706, 40.47951991558167
330.9421552, 40.279645309812025
330.9295976522614, 40.07977070404239
330.87936738484285, 39.28027228096383
330.8668098179882, 39.08039767519419
330.8542522511336, 38.880523069424555
330.84169468427893, 38.68064846365491
330.8291371174243, 38.48077385788527
330.81657955056966, 38.28089925211563
330.804022, 38.081024646345995
330.7914644168604, 37.88115004057635
330.77890685000574, 37.68127543480671
330.7663492831511, 37.48140082903707
330.75379171629646, 37.281526223267434
330.7412341494418,37.08165162
330.7286765825872, 36.881777011728154
330.71611901573254, 36.68190240595851
330.7035614488779, 36.482027800188874
330.69100388202327, 36.28215319441924
330.6784463151686, 36.082278588649594
330.6658887, 35.88240398287995
330.65333118145935, 35.68252937711031
330.6407736146047, 35.48265477134068
330.6282160477501, 35.28278016557104
330.61565848089543,35.08290556
330.6031009140408, 34.88303095403175
330.59054334718616, 34.68315634826211
330.5779857803315, 34.48328174249247
330.5654282134769, 34.283407136722836
330.5528706466223, 34.08353253095319
330.54031307976766, 33.883657925183556
330.5277555, 33.68378331941391
330.5151979460584, 33.483908713644276
330.50264037920374, 33.28403410787463
330.4900828123491, 33.084159502104995
330.47752524549446, 32.88428489633535
330.4649676786398, 32.684410290565715
330.4524101117852, 32.48453568479608
330.43985254493055, 32.284661079026435
330.4272949780759,32.08478647
330.41473741122127, 31.884911867487155
330.40217984436663, 31.685037261717518
330.3896223, 31.485162655947875
330.37706471065735, 31.285288050178238
330.3645071438027, 31.085413444408594
330.3519495769481, 30.885538838638958
330.33939201009343, 30.685664232869314
330.3268344432388, 30.485789627099678
330.31427687638416, 30.28591502133004
330.3017193095295, 30.086040415560397
330.2891617426749, 29.88616580979076
330.27660417582024, 29.686291204021117
330.2640466089656, 29.48641659825148
332.4951076534728, 37.28173551604834
332.4825500866182, 37.08186091027871
332.46999251976354, 36.88198630450906
332.4574349529089, 36.68211169873942
332.44487738605426, 36.48223709296978
332.4323198191996, 36.282362487200146
332.4197623,36.08248788
332.40720468549034, 35.88261327566086
332.3946471186357, 35.68273866989122
332.38208955178106, 35.482864064121586
332.3695319849264, 35.28298945835195
332.3569744180718, 35.083114852582305
332.34441685121715, 34.88324024681267
332.3318592843625, 34.683365641043025
332.31930171750787, 34.48349103527339
332.30674415065323, 34.28361642950375
332.29418658379865, 34.08374182373411
332.281629, 33.88386721796447
332.26907145008937, 33.68399261219483
332.25651388323473, 33.48411800642519
332.2439563163801, 33.28424340065555
332.23139874952545, 33.08436879488591
332.2188411826708, 32.88449418911627
332.2062836158162, 32.68461958334663
332.19372604896154, 32.484744977576995
332.1811684821069, 32.28487037180735
332.16861091525226, 32.084995766037714
332.1560533483976, 31.88512116026807
332.1434958, 31.685246554498434
332.13093821468834, 31.48537194872879
332.1183806478337, 31.285497342959154
332.10582308097906, 31.08562273718951
332.0932655141244, 30.885748131419874
332.0807079472698, 30.68587352565023
332.06815038041515, 30.485998919880593
332.0555928135605, 30.286124314110957
332.04303524670587, 30.086249708341313
332.03047767985123, 29.886375102571677
332.0179201129966, 29.686500496802033
332.00536254614195, 29.486625891032396
334.23642359064917, 37.28194480882925
334.2238660237945, 37.082070203059615
334.2113084569399, 36.88219559728998
334.19875089008525, 36.682320991520335
334.1861933232306, 36.48244638575069
334.1736358, 36.282571779981055
334.16107818952133, 36.08269717421142
334.1485206226667, 35.882822568441775
334.13596305581206, 35.68294796267213
334.1234054889574, 35.483073356902494
334.1108479221028, 35.28319875113286
334.09829035524814, 35.08332414536322
334.0857327883935, 34.88344953959358
334.07317522153886, 34.683574933823934
334.0606176546842,34.48370033
334.0480600878296, 34.28382572228466
334.0355025, 34.08395111651502
334.02294495412036, 33.88407651074538
334.0103873872657, 33.68420190497574
333.9978298204111,33.4843273
333.98527225355645, 33.28445269343646
333.9727146867018, 33.08457808766682
333.96015711984717, 32.884703481897176
333.94759955299253, 32.68482887612754
333.9350419861379,32.48495427
333.92248441928325, 32.28507966458826
333.9099268524286, 32.08520505881862
333.8973693, 31.88533045304898
333.88481171871933, 31.685455847279343
333.8722541518647,31.48558124
333.85969658501006, 31.285706635740063
333.8471390181554, 31.08583202997042
333.8345814513008, 30.885957424200782
333.82202388444614, 30.68608281843114
333.8094663175915, 30.486208212661502
333.79690875073686, 30.286333606891866
333.7843511838822, 30.086459001122222
333.7717936170276, 29.886584395352585
333.75923605017294, 29.68670978958294
333.7466784833183, 29.486835183813305
335.99029709468016,37.48202871
335.9777395278255, 37.28215410161016
335.9651819609709, 37.082279495840524
335.95262439411624, 36.88240489007089
335.9400668272616, 36.682530284301244
335.92750926040696,36.48265568
335.9149516935523, 36.28278107276196
335.9023941266977, 36.08290646699233
335.88983655984305, 35.88303186122268
335.8772789929884, 35.68315725545304
335.86472142613377,35.48328265
335.85216385927913, 35.28340804391377
335.8396062924245, 35.08353343814413
335.82704872556985, 34.883658832374486
335.8144911587152, 34.68378422660484
335.8019335918606, 34.483909620835206
335.78937602500594, 34.28403501506557
335.77681845815135, 34.084160409295926
335.7642608912967, 33.88428580352629
335.7517033244421, 33.684411197756646
335.73914575758744, 33.48453659198701
338.03299463636773, 42.27922853863207
338.0204370695131, 42.07935393286243
338.00787950265845, 41.87947932709279
337.9953219358038, 41.679604721323145
337.9827643689492, 41.47973011555351
337.97020680209454, 41.27985550978387
337.9576492352399, 41.079980904014235
337.94509166838526, 40.88010629824459
337.9325341015306, 40.68023169247495
337.9199765, 40.48035708670531
337.90741896782134, 40.280482480935675
337.89486140096676, 40.08060787516603
337.8823038341121, 39.88073326939639
337.8697462672575, 39.68085866362675
337.85718870040284, 39.480984057857114
337.8446311335482, 39.28110945208748
337.83207356669357, 39.081234846317834
337.8195159998389, 38.88136024054819
337.8069584329843, 38.681485634778554
337.79440086612965, 38.48161102900892
337.7818433, 38.28173642323927
337.76928573242037, 38.08186181746963
337.75672816556573, 37.88198721169999
337.7441705987111, 37.68211260593036
337.73161303185645, 37.48223800016071
337.7190554650018, 37.282363394391076
337.7064978981472, 37.08248878862143
337.69394033129254, 36.882614182851796
337.6813827644379, 36.68273957708216
337.66882519758326, 36.482864971312516
337.6562676307286, 36.28299036554287
337.6437101, 36.083115759773236
337.63115249701934,35.88324115
337.6185949301647, 35.683366548233955
337.60603736331007, 35.48349194246431
339.7743105735441, 42.27943783141298
339.76175300668945, 42.07956322564334
339.7491954398348,41.87968862
339.73663787298017, 41.67981401410405
339.72408030612553, 41.47993940833442
339.7115227392709, 41.28006480256478
339.69896517241625, 41.080190196795144
339.6864076055616,40.88031559
339.67385, 40.680440985255856
339.66129247185233, 40.48056637948622
339.6487349049977, 40.28069177371658
339.6361773381431, 40.08081716794694
339.6236197712885, 39.880942562177296
339.61106220443384, 39.68106795640766
339.5985046375792, 39.48119335063802
339.58594707072456, 39.281318744868386
339.5733895038699, 39.08144413909874
339.5608319370153,38.88156953
339.54827437016064, 38.68169492755946
339.5357168, 38.481820321789826
339.52315923645136, 38.28194571602018
339.5106016695967, 38.08207111025054
339.4980441027421,37.8821965
339.48548653588745, 37.682321898711265
339.4729289690328, 37.48244729294162
339.46037140217817, 37.282572687171985
339.44781383532353, 37.08269808140234
339.4352562684689, 36.882823475632705
339.42269870161425, 36.68294886986307
339.4101411347596, 36.483074264093425
339.3975836, 36.28319965832378
339.38502600105033, 36.083325052554144
339.3724684341957, 35.88345044678451
339.35991086734106, 35.683575841014864
339.3473533004864, 35.48370123524522
341.51562651072044, 42.279647124193886
341.5030689438658, 42.07977251842425
341.49051137701116, 41.87989791265461
341.4779538101565, 41.68002330688497
341.4653962433019, 41.480148701115326
341.45283867644724, 41.28027409534569
341.4402811095926, 41.08039948957605
341.42772354273797, 40.880524883806416
341.4151659758833, 40.68065027803677
341.4026084090287, 40.48077567226713
341.39005084217405, 40.28090106649749
341.37749327531947, 40.081026460727855
341.3649357084648, 39.88115185495821
341.3523781416102, 39.68127724918857
341.33982057475555, 39.48140264341893
341.3272630079009, 39.281528037649295
341.31470544104627, 39.08165343187966
341.30214787419163, 38.881778826110015
341.2895903, 38.68190422034037
341.27703274048235, 38.482029614570735
341.2644751736277,38.28215501
341.2519176067731, 38.082280403031454
341.23936003991844, 37.88240579726181
341.2268024730638, 37.682531191492174
341.21424490620916, 37.48265658572254
341.2016873393545,37.28278198
341.1891297724999, 37.08290737418326
341.17657220564524, 36.883032768413614
341.1640146387906, 36.68315816264398
341.15145707193597, 36.48328355687434
341.1388995050813,36.28340895
341.1263419382267, 36.08353434533505
341.11378437137205, 35.88365973956542
341.1012268045174, 35.68378513379578
341.08866923766277, 35.483910528026136
341.07611167080813,35.28403592
341.0635541039535, 35.084161316486856
341.05099653709885, 34.88428671071722
341.0384389702442, 34.684412104947576
341.0258814033896, 34.48453749917794
341.01332383653494,34.28466289
341.00076626968035, 34.08478828763866
340.9882087028257, 33.88491368186902
340.9756511359711, 33.68503907609938
340.96309356911644, 33.48516447032974
340.9505360022618,33.28528986
340.93797843540716, 33.08541525879046
340.9254208685525, 32.88554065302082
340.9128633016979, 32.68566604725118
340.90030573484324, 32.485791441481545
340.8877481679886,32.28591684
340.87519060113397, 32.086042229942265
340.8626330342793, 31.88616762417262
340.8500754674247, 31.686293018402985
340.83751790057005, 31.48641841263334
340.8249603337154, 31.286543806863705
340.81240276686077, 31.08666920109406
340.79984520000613, 30.886794595324425
340.7872876331515, 30.68691998955478
343.20671218047823, 41.480357993896234
343.1941546136236,41.28048339
343.18159704676896, 41.08060878235696
343.1690394799143, 40.880734176587325
343.1564819130597, 40.68085957081768
343.14392434620504, 40.48098496504804
343.1313667793504,40.28111036
343.1188092124958, 40.081235753508764
343.1062516456412, 39.88136114773912
343.09369407878654, 39.68148654196948
343.0811365119319, 39.48161193619984
343.06857894507726, 39.281737330430204
343.0560213782226, 39.08186272466057
343.0434638, 38.88198811889092
343.03090624451335, 38.68211351312128
343.0183486776587, 38.48223890735164
343.00579111080407, 38.28236430158201
342.99323354394943, 38.08248969581236
342.9806759770948, 37.88261509004272
342.96811841024015, 37.68274048427308
342.9555608433855, 37.482865878503446
342.9430032765309, 37.28299127273381
342.93044570967623, 37.083116666964166
342.9178881428216, 36.88324206119452
342.90533057596696, 36.683367455424886
342.8927730091123, 36.48349284965525
342.8802154422577, 36.283618243885606
342.86765787540304, 36.08374363811596
342.8551003085484, 35.883869032346325
342.84254274169376, 35.68399442657669
342.8299851748391, 35.484119820807045
342.8174276079845, 35.28424521503741
342.80487004112985, 35.084370609267765
342.7923124742752, 34.88449600349813
342.77975490742057, 34.684621397728485
342.76719734056593, 34.48474679195885
342.7546397737113, 34.28487218618921
342.7420822068567, 34.08499758041957
342.72952464000207, 33.88512297464993
342.71696707314743, 33.68524836888029
342.7044095062928, 33.48537376311065
342.69185193943815, 33.28549915734101
342.6792943725835, 33.08562455157137
342.6667368057289, 32.88574994580173
342.65417923887424, 32.68587534003209
342.6416216720196, 32.486000734262454
342.62906410516496, 32.28612612849281
342.6165065383103, 32.086251522723174
342.6039489714557, 31.88637691695353
342.59139140460104, 31.686502311183894
342.5788338377464, 31.48662770541425
342.56627627089176, 31.286753099644613
342.5537187040371, 31.08687849387497
342.5411611371825, 30.887003888105333
342.52860357032785, 30.68712928233569
342.5160460034732, 30.487254676566053
342.50348843661857, 30.287380070796416
344.7973373153989, 39.082072017441476
344.7847797485443, 38.88219741167184
344.77222218168964, 38.682322805902196
344.7596646, 38.48244820013255
344.74710704798036, 38.282573594362916
344.7345494811257, 38.08269898859328
344.7219919142711, 37.882824382823635
344.70943434741645, 37.68294977705399
344.6968767805618, 37.483075171284355
344.68431921370717, 37.28320056551472
344.67176164685253, 37.08332595974508
344.6592040799979, 36.88345135397544
344.64664651314325, 36.683576748205795
344.6340889462886, 36.48370214243616
344.6215314, 36.28382753666652
344.60897381257934, 36.08395293089688
344.5964162457247, 35.884078325127234
344.58385867887006,35.68420372
344.5713011120154, 35.48432911358796
344.5587435451608, 35.284454507818324
344.54618597830614, 35.08457990204868
344.5336284114515, 34.88470529627904
344.52107084459686, 34.68483069050939
344.5085132777422, 34.48495608473976
344.4959557108876, 34.28508147897012
344.4833981, 34.08520687320048
344.47084057717836, 33.88533226743084
344.4582830103237,33.68545766
344.4457254434691, 33.48558305589156
344.43316787661445, 33.285708450121916
344.4206103097598, 33.08583384435228
344.40805274290517, 32.885959238582636
344.39549517605053,32.68608463
344.3829376091959, 32.48621002704336
344.37038004234125, 32.28633542127372
344.3578224754866, 32.08646081550408
344.3452649, 31.88658620973444
344.33270734177734, 31.686711603964802
344.3201497749227, 31.48683699819516
344.30759220806806, 31.286962392425522
344.2950346412134, 31.08708778665588
344.2824770743588, 30.887213180886242
344.26991950750414,30.68733858
344.2573619406495, 30.487463969346962
344.24480437379486, 30.287589363577325
344.2322468069402, 30.08771475780768
344.2196892400856, 29.887840152038045
344.20713167323095,29.68796555
344.1945741063763, 29.488090940498765
344.18201653952167, 29.28821633472912
344.16945897266703, 29.088341728959485
344.1569014058124, 28.88846712318984
344.14434383895775, 28.688592517420204
344.1317862721031, 28.488717911650568
344.1192287052485, 28.288843305880924
344.1066711383939, 28.088968700111288
344.09411357153925, 27.889094094341644
344.0815560046846, 27.689219488572007
344.0689984, 27.489344882802364
344.05644087097534, 27.289470277032727
344.0438833041207, 27.089595671263083
344.03132573726606, 26.889721065493447
344.0187681704114, 26.689846459723803
344.0062106035568, 26.489971853954167
343.99365303670214, 26.29009724818453
343.9810954698475, 26.090222642414886
343.96853790299286, 25.89034803664525
343.9559803361382, 25.690473430875606
343.9434227692836, 25.49059882510597
343.93086520242895, 25.290724219336326
343.9183076355743, 25.09084961356669
343.90575006871967, 24.890975007797046
343.89319250186503, 24.69110040202741
343.8806349350104, 24.491225796257773
343.8429622344465, 23.89160197894885
346.0740232789537, 31.68692089674572
346.06146571209905, 31.487046290976075
346.0489081452444, 31.287171685206438
346.0363505783898, 31.087297079436794
346.02379301153513, 30.887422473667158
346.0112354446805, 30.687547867897514
345.99867787782586, 30.487673262127878
345.9861203109712, 30.28779865635824
345.9735627441166, 30.087924050588597
345.96100517726194, 29.88804944481896
345.9484476104073, 29.688174839049317
345.93589004355266, 29.48830023327968
345.9233325, 29.288425627510037
345.9107749098434,29.08855102
345.89821734298874, 28.888676415970757
345.8856597761341, 28.68880181020112
345.87310220927947, 28.488927204431484
345.8605446424248, 28.28905259866184
345.84798707557024, 28.089177992892203
345.8354295087156, 27.88930338712256
345.82287194186097, 27.689428781352923
345.8103143750063, 27.48955417558328
345.7977568081517, 27.289679569813643
345.78519924129705,27.08980496
345.7726416744424, 26.889930358274363
345.7600841075878, 26.69005575250472
345.74752654073313, 26.490181146735083
345.7349689738785, 26.290306540965446
345.72241140702386, 26.090431935195802
345.7098538401692, 25.890557329426166
345.6972962733146, 25.690682723656522
345.68473870645994, 25.490808117886885
345.6721811396053, 25.290933512117242
345.65962357275066, 25.091058906347605
345.647066, 24.89118430057796
345.6345084390414, 24.691309694808325
345.62195087218674, 24.49143508903869
345.6093933053321, 24.291560483269045
345.59683573847747, 24.09168587749941
345.5842781716228, 23.891811271729765
345.5717206047682, 23.691936665960128
345.55916303791355, 23.492062060190484
345.5466054710589, 23.292187454420848
347.75255138185685, 30.687757160678423
347.7399938150022, 30.487882554908786
347.72743624814757, 30.28800794913915
347.71487868129293, 30.088133343369506
347.7023211144383, 29.88825873759987
347.68976354758365, 29.688384131830226
347.677206, 29.48850952606059
347.6646484138744, 29.288634920290946
347.65209084701974, 29.08876031452131
347.6395332801651, 28.888885708751666
347.62697571331046, 28.68901110298203
347.6144181464558, 28.489136497212392
347.6018605796012, 28.28926189144275
347.5893030127466, 28.089387285673112
347.57674544589196, 27.88951267990347
347.5641878790373, 27.689638074133832
347.5516303121827, 27.48976346836419
347.53907274532804, 27.28988886259455
347.5265151784734, 27.090014256824908
347.51395761161876, 26.89013965105527
347.5014000447641, 26.690265045285628
347.4888424779095, 26.49039043951599
347.47628491105485, 26.290515833746355
347.4637273442002, 26.09064122797671
347.45116977734557, 25.890766622207074
347.43861221049093, 25.69089201643743
347.4260546436363, 25.491017410667794
347.41349707678165, 25.29114280489815
347.4009395, 25.091268199128514
347.3883819430724, 24.89139359335887
347.37582437621774, 24.691518987589234
347.3632668093631, 24.491644381819597
347.35070924250846, 24.291769776049954
347.3381516756538, 24.091895170280317
347.3255941087992, 23.892020564510673
347.31303654194454, 23.692145958741037
347.3004789750899, 23.492271352971393
347.28792140823526, 23.292396747201757
347.2753638413806, 23.092522141432113
349.50642488588784, 30.887841059228975
349.4938673190332, 30.68796645345933
349.48130975217856, 30.488091847689695
349.4687521853239, 30.28821724192006
349.4561946184693, 30.088342636150415
349.44363705161464, 29.88846803038078
349.4310795, 29.688593424611135
349.41852191790537, 29.488718818841498
349.4059643510507, 29.288844213071854
349.3934067841961, 29.088969607302218
349.38084921734145, 28.889095001532574
349.3682916504868, 28.689220395762938
349.35573408363217,28.48934579
349.34317651677753, 28.289471184223657
349.33061894992295, 28.08959657845402
349.3180613830683, 27.889721972684377
349.3055038162137, 27.68984736691474
349.29294624935903, 27.489972761145097
349.2803886825044, 27.29009815537546
349.26783111564976, 27.090223549605817
349.2552735487951, 26.89034894383618
349.2427159819405, 26.690474338066537
349.23015841508584,26.49059973
349.2176008482312, 26.290725126527263
349.20504328137656, 26.09085052075762
349.1924857145219, 25.890975914987983
349.1799281476673, 25.69110130921834
349.16737058081264, 25.491226703448703
349.154813, 25.29135209767906
349.14225544710337, 25.091477491909423
349.1296978802487, 24.89160288613978
349.1171403133941, 24.691728280370143
349.10458274653945, 24.491853674600506
349.0920251796848, 24.291979068830862
349.0794676128302, 24.092104463061226
349.06691004597553, 23.892229857291582
349.0543524791209, 23.692355251521946
349.04179491226625, 23.492480645752302
349.0292373454116, 23.292606039982665
349.0166798, 23.09273143421302
351.44866189273836, 34.08604404432412
351.4361043258837, 33.88616943855448
351.4235467590291, 33.68629483278484
351.41098919217444,33.48642023
351.3984316253198, 33.28654562124556
351.38587405846516, 33.08667101547592
351.3733164916105, 32.88679640970628
351.3607589247559, 32.68692180393664
351.34820135790125, 32.487047198167005
351.3356437910466, 32.28717259239736
351.32308622419197, 32.087297986627725
351.31052865733733, 31.88742338085808
351.2979710904827, 31.687548775088445
351.28541352362805,31.48767417
351.2728559567734, 31.287799563549164
351.2602983899188, 31.08792495777952
351.24774082306413, 30.888050352009884
351.2351832562095, 30.68817574624024
351.22262568935486, 30.488301140470604
351.2100681225002, 30.288426534700967
351.1975105556456, 30.088551928931324
351.18495298879094, 29.888677323161687
351.1723954219363, 29.688802717392043
351.15983785508166, 29.488928111622407
351.1472803, 29.289053505852763
351.1347227213724, 29.089178900083127
351.12216515451775, 28.889304294313483
351.1096075876631, 28.689429688543846
351.09705002080847, 28.48955508277421
351.0844924539538, 28.289680477004566
351.07193488709925, 28.08980587123493
351.0593773202446, 27.889931265465286
351.04681975338997, 27.69005665969565
351.03426218653533, 27.490182053926006
351.0217046196807, 27.29030744815637
351.00914705282605, 27.090432842386726
350.9965894859714, 26.89055823661709
350.9840319191168, 26.690683630847445
350.97147435226213, 26.49080902507781
350.9589167854075, 26.290934419308172
350.94635921855286, 26.09105981353853
350.9338016516982, 25.891185207768892
350.9212440848436, 25.69131060199925
350.90868651798894, 25.49143599622961
350.8961289511343, 25.291561390459968
350.88357138427966, 25.09168678469033
350.8710138, 24.891812178920688
350.8584562505704, 24.69193757315105
350.84589868371575, 24.492062967381415
350.8333411168611, 24.29218836161177
350.82078355000647, 24.092313755842135
350.80822598315183, 23.89243915007249
350.7956684162972, 23.692564544302854
350.78311084944255, 23.49268993853321
350.7705532825879, 23.292815332763574
350.7579957157333, 23.09294072699393
353.22765053047857, 34.68587715441395
353.21509296362393, 34.486002548644315
353.2025353967693, 34.28612794287468
353.1899778299147, 34.086253337105035
353.17742026306007,33.88637873
353.16486269620543, 33.686504125565754
353.1523051293508, 33.48662951979612
353.13974756249615, 33.286754914026474
353.1271899956415, 33.08688030825684
353.1146324287869, 32.887005702487194
353.10207486193224, 32.68713109671756
353.0895172950776, 32.48725649094792
353.07695972822296, 32.28738188517828
353.0644021613683, 32.08750727940864
353.0518445945137, 31.887632673638997
353.03928702765904, 31.68775806786936
353.0267294608044, 31.487883462099717
353.01417189394977, 31.28800885633008
353.0016143270951, 31.088134250560437
352.9890567602405,30.88825964
352.97649919338585, 30.688385039021156
352.9639416265312, 30.48851043325152
352.95138405967657, 30.288635827481883
354.98152403450956, 34.885961052964504
354.9689664676549, 34.68608644719486
354.9564089008003, 34.486211841425224
354.94385133394564, 34.28633723565559
354.93129376709106, 34.08646262988594
354.9187362002364, 33.88658802411631
354.9061786333818, 33.68671341834666
354.89362106652715, 33.48683881257703
354.8810634996725, 33.28696420680738
354.86850593281787, 33.087089601037746
354.85594836596323,32.887215
354.8433907991086, 32.687340389498466
354.83083323225395, 32.48746578372883
354.8182756653993, 32.287591177959186
354.8057180985447, 32.08771657218955
354.79316053169003, 31.887841966419906
354.7806029648354, 31.68796736065027
354.76804539798076, 31.488092754880626
354.7554878311261, 31.28821814911099
354.7429302642715, 31.088343543341345
354.73037269741684, 30.88846893757171
354.7178151305622, 30.688594331802065
354.70525756370756, 30.48871972603243
354.6926999968529, 30.288845120262792
354.6801424299983, 30.08897051449315
354.66758486314365, 29.88909590872351
354.6550273, 29.689221302953868
354.64246972943437, 29.48934669718423
354.6299121625797, 29.289472091414588
356.7228399716859, 34.88617034574541
356.7102824048313, 34.68629573997577
356.69772483797664, 34.48642113420613
356.6851673, 34.286546528436496
356.6726097042674, 34.08667192266685
356.6600521374128, 33.886797316897216
356.64749457055814, 33.68692271112757
356.6349370037035, 33.487048105357935
356.62237943684886, 33.28717349958829
356.6098218699942, 33.087298893818655
356.5972643031396, 32.88742428804901
356.58470673628494, 32.687549682279375
356.5721491694303, 32.48767507650974
356.55959160257567, 32.287800470740095
356.547034, 32.08792586497046
356.5344764688664, 31.888051259200815
356.52191890201175, 31.688176653431178
356.5093613351571, 31.488302047661534
356.49680376830247, 31.288427441891898
356.48424620144783, 31.088552836122254
356.4716886345932, 30.888678230352618
356.45913106773855, 30.688803624582974
356.4465735008839, 30.488929018813337
356.4340159340293,30.28905441
356.42145836717464, 30.089179807274057
356.4089008, 29.88930520150442
356.39634323346536, 29.689430595734777
356.3837856666107, 29.48955598996514
356.3712280997561, 29.289681384195497
356.35867053290144, 29.08980677842586
358.45159834200757, 34.686505032756685
358.43904077515293, 34.48663042698705
358.4264832082983, 34.28675582121741
358.4139256414437, 34.08688121544777
358.4013680745891, 33.88700660967813
358.38881050773443, 33.68713200390849
358.3762529408798, 33.48725739813885
358.36369537402516, 33.28738279236921
358.3511378071705, 33.08750818659957
358.3385802403159, 32.88763358082993
358.32602267346124, 32.68775897506029
358.3134651066066, 32.487884369290654
358.30090753975196, 32.28800976352101
358.2883499728973, 32.088135157751374
358.2757924060427, 31.88826055198173
358.26323483918804, 31.688385946212094
358.2506772723334, 31.48851134044245
358.23811970547877, 31.288636734672814
358.2255621386241, 31.08876212890317
358.2130045717695, 30.888887523133533
358.20044700491485, 30.68901291736389
358.1878894380602, 30.489138311594253
358.1753318712056, 30.289263705824617
358.16277430435093, 30.089389100054973
358.1502167374963, 29.889514494285336
358.13765917064165, 29.689639888515693
358.1251016, 29.489765282746056
358.1125440369324, 29.289890676976412
358.09998647007774, 29.090016071206776
360.5570837179684, 40.48307789285715
360.54452615111376, 40.28320328708751
360.5319685842592, 40.083328681317866
360.51941101740454, 39.88345407554823
360.5068534505499, 39.68357946977859
360.49429588369526, 39.48370486400895
360.4817383168406, 39.28383025823931
360.4691807, 39.08395565246967
360.45662318313134, 38.88408104670003
360.4440656162767, 38.684206440930396
360.43150804942206, 38.48433183516075
360.4189504825674, 38.28445722939111
360.4063929157128, 38.08458262362147
360.39383534885815, 37.884708017851835
360.3812777820035, 37.68483341208219
360.36872021514887, 37.48495880631255
360.35616264829423, 37.28508420054291
360.3436050814396, 37.085209594773275
360.33104751458495, 36.88533498900364
360.3184899477303, 36.685460383233995
360.3059323808757, 36.48558577746435
360.29337481402104, 36.285711171694714
360.2808172471664, 36.08583656592508
360.26825968031176, 35.885961960155434
360.2557021134571, 35.68608735438579
360.2431445466025, 35.486212748616154
360.23058697974784, 35.28633814284652
360.2180294128932, 35.08646353707688
360.20547184603856, 34.88658893130724
360.1929142791839, 34.686714325537594
360.1803567123293, 34.48683971976796
360.16779914547465, 34.28696511399832
360.15524157862006, 34.08709050822868
360.1426840117654, 33.88721590245904
360.1301264449108,33.6873413
360.11756887805615, 33.48746669091976
360.1050113112015, 33.287592085150116
360.09245374434687, 33.08771747938048
360.07989617749223, 32.887842873610836
360.0673386106376,32.68796827
360.05478104378295, 32.48809366207156
360.0422234769283, 32.28821905630192
360.0296659100737, 32.08834445053228
360.01710834321904, 31.88846984476264
360.0045507763644, 31.688595238993003
359.99199320950976, 31.48872063322336
359.9794356426551, 31.288846027453722
359.9668780758005, 31.08897142168408
359.95432050894584, 30.889096815914442
359.9417629420912,30.68922221
359.92920537523656, 30.489347604375162
359.9166478083819, 30.289472998605525
359.9040902415273, 30.08959839283588
362.29839965514475, 40.48328718563806
362.2858420882901, 40.28341257986842
362.2732845214355, 40.083537974098775
362.2607269545809, 39.88366336832914
362.24816938772625,39.68378876
362.2356118208716, 39.48391415678986
362.2230543, 39.28403955102022
362.21049668716233, 39.08416494525058
362.1979391203077, 38.88429033948094
362.18538155345306, 38.684415733711305
362.1728239865984, 38.48454112794166
362.1602664197438, 38.28466652217202
362.14770885288914, 38.08479191640238
362.1351512860345, 37.884917310632744
362.12259371917986,37.6850427
362.1100361523252, 37.48516809909346
362.0974785854706, 37.28529349332382
362.08492101861594, 37.085418887554184
362.0723634517613, 36.88554428178455
362.05980588490667,36.68566968
362.0472483, 36.48579507024526
362.0346907511974, 36.28592046447562
362.02213318434275, 36.08604585870599
362.0095756174881, 35.88617125293634
361.99701805063347,35.68629665
361.98446048377883, 35.48642204139706
361.9719029169242, 35.286547435627426
361.95934535006955, 35.08667282985779
361.9467877832149, 34.886798224088146
361.9342302163603,34.68692362
361.92167264950564, 34.487049012548866
361.9091151, 34.28717440677923
361.8965575157964, 34.087299801009586
361.8839999489418, 33.88742519523995
361.87144238208714, 33.687550589470305
361.8588848152325, 33.48767598370067
361.84632724837786, 33.287801377931025
361.8337696815232, 33.08792677216139
361.8212121146686, 32.888052166391745
361.80865454781394, 32.68817756062211
361.7960969809593, 32.48830295485247
361.78353941410467, 32.28842834908283
361.7709818, 32.08855374331319
361.7584242803954, 31.888679137543548
361.74586671354075, 31.68880453177391
361.7333091466861, 31.488929926004268
361.7207515798315, 31.28905532023463
364.02715802546646, 40.283621872649334
364.0146004586119, 40.08374726687969
364.00204289175724, 39.88387266111005
363.9894853249026, 39.68399805534041
363.97692775804796, 39.484123449570774
363.9643701911933, 39.28424884380114
363.9518126243387, 39.084374238031494
363.93925505748405, 38.88449963226185
363.9266974906294, 38.68462502649221
363.91413992377477, 38.48475042072258
363.90158235692013, 38.28487581495293
363.8890247900655, 38.08500120918329
363.87646722321085, 37.88512660341365
363.8639096563562, 37.685251997644016
363.8513520895016, 37.48537739187437
363.83879452264694, 37.285502786104736
363.8262369557923, 37.08562818033509
363.81367938893766, 36.885753574565456
363.8011218, 36.68587896879582
363.7885642552284, 36.486004363026176
363.77600668837374, 36.28612975725653
363.7634491215191, 36.086255151486895
363.75089155466446, 35.88638054571726
363.7383339878098, 35.686505939947615
363.7257764209552, 35.48663133417797
363.71321885410055, 35.286756728408335
363.7006612872459,35.08688212
363.68810372039127, 34.887007516869055
363.67554615353663, 34.68713291109941
363.6629886, 34.487258305329775
363.65043101982735, 34.28738369956014
363.63787345297277, 34.087509093790494
363.62531588611813, 33.88763448802086
363.6127583192635, 33.687759882251214
363.60020075240885, 33.48788527648158
363.5876431855542, 33.288010670711934
363.5750856186996,33.08813606
363.56252805184494, 32.888261459172654
363.5499704849903, 32.68838685340302
363.53741291813566, 32.48851224763338
363.5248554, 32.28863764186374
363.5122977844264,32.08876304
363.49974021757174, 31.888888430324457
363.4871826507171, 31.68901382455482
363.47462508386246, 31.489139218785176
363.4620675170078, 31.28926461301554
363.4495099501532, 31.089390007245896
363.43695238329855, 30.88951540147626
363.4243948164439, 30.689640795706616
363.41183724958927, 30.48976618993698
363.39927968273463, 30.289891584167343
363.3867221,30.09001698
363.37416454902535, 29.890142372628063
363.3616069821707, 29.69026776685842
363.3490494153161, 29.490393161088782
363.33649184846143, 29.29051855531914
363.3239342816068, 29.090643949549502
363.31137671475216, 28.89076934377986
363.2988191478975, 28.690894738010222
363.2862615810429, 28.491020132240585
363.27370401418824, 28.29114552647094
363.26114644733366, 28.091270920701305
363.2485889, 27.89139631493166
363.2360313136244, 27.691521709162025
365.6931286,39.08458353
365.68057099466034, 38.88470892504276
365.6680134278057, 38.68483431927312
365.65545586095107, 38.484959713503486
365.6428982940964, 38.28508510773384
365.6303407272418,38.0852105
365.61778316038715, 37.88533589619456
365.6052255935325, 37.685461290424925
365.59266802667787, 37.48558668465528
365.58011045982323, 37.285712078885645
365.5675528929686,37.08583747
365.55499532611395, 36.885962867346365
365.5424377592593, 36.68608826157673
365.5298801924047, 36.486213655807084
365.51732262555004, 36.28633905003744
365.5047650586954, 36.086464444267804
365.49220749184076, 35.88658983849817
365.4796499249861, 35.686715232728524
365.4670923581315, 35.48684062695888
365.45453479127684, 35.286966021189244
365.4419772244222, 35.08709141541961
365.42941965756756, 34.88721680964997
365.4168620907129, 34.68734220388033
365.4043045238583, 34.48746759811069
365.39174695700365, 34.287592992341054
365.37918939014907, 34.08771838657141
365.3666318232944, 33.887843780801774
365.3540742564398, 33.68796917503213
365.34151668958515, 33.48809456926249
365.3289591227305, 33.28821996349285
365.31640155587587, 33.08834535772321
365.30384398902123, 32.88847075195357
365.2912864221666, 32.68859614618393
365.27872885531195, 32.488721540414296
365.2661712884573, 32.28884693464465
365.2536137216027, 32.088972328875016
365.24105615474804, 31.889097723105372
365.2284985878934, 31.689223117335736
365.21594102103876, 31.489348511566092
365.2033834541841, 31.289473905796456
365.1908258873295, 31.089599300026812
365.17826832047484, 30.889724694257175
365.1657107536202, 30.689850088487532
365.15315318676556, 30.489975482717895
365.1405956199109, 30.29010087694826
365.1280380530563, 30.090226271178615
365.11548048620165, 29.89035166540898
365.1029229, 29.690477059639335
365.09036535249237,29.49060245
365.07780778563773, 29.290727848100055
365.0652502187831, 29.090853242330418
365.05269265192845, 28.890978636560774
365.0401350850738, 28.691104030791138
365.0275775182192,28.49122943
365.01501995136454, 28.291354819251858
365.00246238450995, 28.09148021348222
364.9899048176553, 27.891605607712577
364.9773472508007, 27.69173100194294
364.96478968394604, 27.491856396173297
364.9522321170914, 27.29198179040366
364.93967455023676, 27.092107184634017
367.2963112632903, 36.88617216012727
367.28375369643567, 36.68629755435764
367.2711961,36.48642295
367.2586385627264, 36.28654834281836
367.24608099587175, 36.08667373704871
367.2335234290171, 35.886799131279076
367.2209658621625, 35.68692452550944
367.20840829530783, 35.487049919739796
367.1958507284532, 35.28717531397016
367.18329316159856, 35.087300708200516
367.1707355947439, 34.88742610243088
367.1581780278893, 34.687551496661236
367.14562046103464,34.48767689
367.1330629, 34.28780228512196
367.1205053273254, 34.08792767935232
367.1079477604708, 33.88805307358268
367.09539019361614, 33.68817846781304
367.0828326267615,33.48830386
367.07027505990686, 33.28842925627376
367.0577174930522, 33.08855465050412
367.0451599261976, 32.88868004473448
367.03260235934295, 32.68880543896484
367.0200447924883, 32.488930833195205
367.00748722563367, 32.28905622742556
366.99492965877903, 32.089181621655925
366.9823720919244, 31.88930701588628
366.96981452506975, 31.689432410116645
366.9572569582151,31.4895578
366.9446993913605, 31.289683198577364
366.93214182450583, 31.08980859280772
366.9195842576512, 30.889933987038084
366.90702669079656, 30.69005938126844
366.8944691239419, 30.490184775498804
366.8819115570873, 30.290310169729167
366.86935399023264, 30.090435563959524
366.8567964, 29.890560958189887
366.84423885652336, 29.690686352420244
366.8316812896687, 29.490811746650607
366.8191237228141, 29.290937140880963
366.80656615595944, 29.091062535111327
366.7940085891048, 28.891187929341683
366.78145102225017, 28.691313323572047
366.7688934553955, 28.49143871780241
366.7563358885409, 28.291564112032766
366.7437783216863, 28.09168950626313
366.73122075483167, 27.891814900493486
366.71866318797703, 27.69194029472385
366.7061056211224, 27.492065688954206
366.69354805426775, 27.29219108318457
369.0501847673213, 37.086256058677826
369.03762720046666, 36.88638145290818
369.0250696, 36.686506847138546
369.0125120667574, 36.48663224136891
368.99995449990274, 36.286757635599265
368.9873969330481, 36.08688302982962
368.97483936619346, 35.887008424059985
368.9622817993388, 35.68713381829035
368.9497242324842, 35.487259212520705
368.93716666562955, 35.28738460675107
368.9246090987749, 35.087510000981425
368.91205153192027, 34.88763539521179
368.89949396506563, 34.687760789442144
368.8869364, 34.48788618367251
368.87437883135635, 34.28801157790287
368.86182126450177, 34.08813697213323
368.84926369764713, 33.88826236636359
368.8367061307925, 33.68838776059395
368.82414856393785, 33.48851315482431
368.8115909970832, 33.28863854905467
368.7990334302286, 33.08876394328503
368.78647586337394, 32.88888933751539
368.7739182965193, 32.68901473174575
368.76136072966466, 32.489140125976114
368.7488032, 32.28926552020647
368.7362455959554, 32.089390914436834
368.72368802910074, 31.88951630866719
368.7111304622461, 31.689641702897553
368.69857289539146, 31.48976709712791
368.6860153285368, 31.289892491358273
368.6734577616822, 31.09001788558863
368.66090019482755, 30.890143279818993
368.6483426279729, 30.69026867404935
368.63578506111827, 30.490394068279713
368.62322749426363, 30.290519462510076
368.6106699, 30.090644856740433
368.59811236055435, 29.890770250970796
368.5855547936997, 29.690895645201152
368.5729972268451, 29.491021039431516
368.56043965999044, 29.291146433661872
368.5478820931358, 29.091271827892236
368.53532452628116, 28.891397222122592
368.5227669594265, 28.691522616352955
368.5102093925719, 28.49164801058332
368.49765182571724, 28.291773404813675
368.48509425886266, 28.09189879904404
370.79150070449765, 37.08646535145874
370.7789431,36.88659075
370.7663855707884, 36.686716139919454
370.75382800393373, 36.48684153414982
370.7412704370791, 36.28696692838018
370.72871287022446, 36.08709232261054
370.7161553033698, 35.887217716840894
370.7035977365152, 35.68734311107126
370.69104016966054, 35.48746850530162
370.6784826028059, 35.287593899531984
370.66592503595126, 35.08771929376234
370.6533674690966,34.88784469
370.6408099, 34.68797008222305
370.62825233538734, 34.48809547645342
370.6156947685327, 34.28822087068378
370.6031372016781, 34.088346264914136
370.5905796348235,33.88847166
370.57802206796885, 33.688597053374856
370.5654645011142, 33.48872244760522
370.55290693425957, 33.288847841835576
370.54034936740493, 33.08897323606594
370.5277918005503, 32.889098630296296
370.51523423369565, 32.68922402452666
370.5026767, 32.48934941875702
370.4901190999864, 32.28947481298738
370.47756153313173, 32.08960020721774
370.4650039662771,31.8897256
370.45244639942246, 31.689850995678462
370.4398888325678, 31.48997638990882
370.4273312657132, 31.290101784139182
370.41477369885854, 31.09022717836954
370.4022161320039,30.89035257
370.38965856514926, 30.690477966830258
370.3771009982946, 30.49060336106062
370.3645434, 30.290728755290985
370.35198586458534, 30.09085414952134
370.3394282977307, 29.890979543751705
370.32687073087607, 29.69110493798206
370.3143131640214, 29.491230332212425
372.53281664167395, 37.08667464423965
372.5202590748193, 36.88680003847001
372.50770150796467, 36.68692543270036
372.49514394111003, 36.48705082693073
372.4825863742554, 36.28717622116109
372.47002880740075, 36.087301615391446
372.4574712405461,35.88742701
372.4449136736915, 35.687552403852166
372.43235610683683, 35.48767779808253
372.4197985399822, 35.28780319231289
372.40724097312756, 35.08792858654325
372.3946834062729, 34.88805398077361
372.3821258394183, 34.68817937500397
372.36956827256364, 34.48830476923433
372.3570107, 34.288430163464696
372.3444531388544, 34.08855555769505
372.3318955719998, 33.888680951925416
372.31933800514514, 33.68880634615577
372.3067804382905, 33.488931740386136
372.29422287143586, 33.28905713461649
372.2816653045812, 33.089182528846855
372.2691077377266, 32.88930792307721
372.25655017087195, 32.689433317307575
372.2439926040173, 32.48955871153794
372.23143503716267, 32.289684105768295
372.21887747030803, 32.08980949999866
372.2063199034534, 31.889934894229015
372.19376233659875, 31.690060288459378
372.1812047697441, 31.490185682689734
372.1686472028895, 31.290311076920098
372.15608963603484, 31.090436471150454
372.1435320691802, 30.890561865380818
372.13097450232556, 30.690687259611174
372.1184169354709, 30.490812653841537
372.1058593686163,30.29093805
372.09330180176164, 30.091063442302257
372.0807442, 29.89118883653262
372.06818666805236, 29.691314230762977
372.0556291011977, 29.49143962499334
372.0430715343431, 29.291565019223697
372.03051396748845, 29.09169041345406
371.9677261332153, 28.092317384605863
374.2113447445771, 36.08751090817236
374.19878717772247, 35.88763630240272
374.1862296108678, 35.687761696633075
374.1736720440132, 35.48788709086344
374.16111447715855,35.28801249
374.1485569103039, 35.088137879324165
374.13599934344927, 34.88826327355452
374.12344177659463, 34.68838866778488
374.1108842, 34.48851406201524
374.09832664288535, 34.288639456245605
374.0857690760308, 34.08876485047596
374.07321150917613, 33.888890244706324
374.0606539423215, 33.68901563893668
374.04809637546686, 33.489141033167044
374.0355388086122,33.28926643
374.0229812417576, 33.089391821627764
374.01042367490294, 32.88951721585812
373.9978661080483, 32.689642610088484
373.98530854119366, 32.48976800431885
373.972751, 32.289893398549204
373.9601934074844, 32.09001879277957
373.94763584062974, 31.890144187009923
373.9350782737751, 31.690269581240287
373.92252070692047, 31.490394975470643
373.9099631400658, 31.290520369701007
373.8974055732112, 31.090645763931363
373.88484800635655, 30.890771158161726
373.8722904395019, 30.690896552392083
373.85973287264727, 30.491021946622446
373.84717530579263, 30.29114734085281
373.8346177, 30.091272735083166
373.82206017208335, 29.89139812931353
373.8095026052287, 29.691523523543886
373.7969450383741, 29.49164891777425
373.78438747151944, 29.291774312004605
373.7718299046648, 29.09189970623497
373.75927233781016, 28.892025100465325
373.7467147709555, 28.69215049469569
373.7341572041009, 28.492275888926052
373.72159963724624, 28.29240128315641
373.70904207039166, 28.092526677386772
373.6964845, 27.89265207161713
373.6839269366824, 27.69277746584749
373.67136936982774, 27.492902860077848
373.6588118029731, 27.29302825430821
373.64625423611847, 27.093153648538568
373.6336966692638, 26.89327904276893
375.6512790772422, 31.290729662481915
375.61360637667826, 30.69110584517299
375.6010488098236, 30.491231239403355
375.5884912, 30.29135663363372
375.57593367611435, 30.091482027864075
375.5633761092597, 29.891607422094438
375.55081854240507, 29.691732816324794
375.53826097555043, 29.491858210555158
375.5257034086958, 29.291983604785514
375.51314584184115, 29.092108999015878
375.5005882749865, 28.892234393246234
375.4880307081319, 28.692359787476597
375.47547314127723, 28.49248518170696
375.4629155744226, 28.292610575937317
375.450358, 28.09273597016768
375.4378004407134, 27.892861364398037
375.42524287385874,27.69298676
375.4126853070041, 27.493112152858757
375.40012774014946, 27.29323754708912
375.3875701732948, 27.093362941319477
375.3750126064402, 26.89348833554984
377.3423647469999, 30.491440532184264
377.3298071801453, 30.291565926414627
377.31724961329064, 30.091691320644983
377.304692, 29.891816714875347
377.29213447958136, 29.691942109105703
377.2795769127267, 29.492067503336067
377.2670193458721, 29.292192897566423
377.25446177901745, 29.092318291796786
377.2419042121628, 28.892443686027143
377.22934664530817, 28.692569080257506
377.21678907845353, 28.49269447448787
377.2042315115989, 28.292819868718226
377.1916739447443, 28.09294526294859
377.17911637788967, 27.893070657178946
377.16655881103503, 27.69319605140931
377.1540012441804, 27.493321445639666
377.14144367732575, 27.29344683987003
377.1288861104711, 27.093572234100385
379.0962382510309, 30.691524430734816
379.0836806841763, 30.49164982496518
379.07112311732163, 30.291775219195543
379.0585656,30.09190061
379.04600798361236, 29.892026007656263
379.0334504167577, 29.69215140188662
379.0208928499031, 29.492276796116982
379.00833528304844, 29.29240219034734
378.9957777161938, 29.092527584577702
378.98322014933916, 28.89265297880806
378.9706625824845, 28.692778373038422
378.9581050156299, 28.492903767268785
378.94554744877524, 28.293029161499142
378.93298988192066, 28.093154555729505
378.9204323, 27.89327994995986
378.9078747482114, 27.693405344190225
381.17660849328246,36.08834808
381.1640509264278, 35.88847347352636
381.1514933595732, 35.688598867756724
381.13893579271854, 35.48872426198708
381.1263782258639, 35.288849656217444
381.11382065900926,35.08897505
381.1012630921546, 34.889100444678164
381.0887055, 34.68922583890852
381.07614795844535, 34.48935123313888
381.0635903915907, 34.28947662736925
381.0510328247361,34.08960202
381.0384752578815, 33.88972741582997
381.02591769102685, 33.68985281006032
381.0133601241722, 33.489978204290686
381.00080255731757, 33.29010359852104
380.98824499046293, 33.090228992751406
380.9756874236083, 32.89035438698176
380.96312985675365, 32.690479781212126
380.9505723, 32.49060517544249
380.9380147230444, 32.290730569672846
380.92545715618974, 32.09085596390321
380.9128995893351, 31.890981358133565
380.90034202248046, 31.69110675236393
380.8877844556258, 31.491232146594285
380.8752268887712, 31.29135754082465
380.86266932191654, 31.091482935055005
380.8501117550619, 30.89160832928537
380.83755418820726, 30.691733723515725
380.8249966213526, 30.49185911774609
380.8124391, 30.29198451197645
380.79988148764335, 30.092109906206808
380.7873239207887, 29.89223530043717
380.77476635393407, 29.692360694667528
380.76220878707943, 29.49248608889789
383.0435000990052, 38.08730342977331
383.03094253215056, 37.88742882400366
383.0183849652959, 37.68755421823403
383.0058273984413, 37.48767961246439
382.99326983158664, 37.287805006694754
382.9807123, 37.08793040092511
382.96815469787737, 36.888055795155466
382.9555971310227, 36.68818118938583
382.9430395641681, 36.48830658361619
382.93048199731345, 36.28843197784655
382.9179244304588, 36.088557372076906
382.9053668636042, 35.88868276630727
382.89280929674953, 35.68880816053763
382.8802517298949, 35.48893355476799
382.86769416304026, 35.28905894899835
382.8551365961856, 35.08918434322871
382.842579, 34.88930973745907
382.83002146247634, 34.68943513168943
382.8174638956217, 34.48956052591979
382.80490632876706, 34.289685920150156
382.7923487619125, 34.08981131438051
382.77979119505784, 33.889936708610875
382.7672336282032, 33.69006210284123
382.75467606134856, 33.490187497071595
382.7421184944939, 33.29031289130195
382.7295609276393, 33.090438285532315
382.71700336078464, 32.89056367976267
382.7044458, 32.690689073993035
382.69188822707537,32.49081447
382.6793306602207, 32.290939862453754
382.6667730933661, 32.09106525668412
382.65421552651145, 31.891190650914474
382.6416579596568, 31.691316045144838
382.6291003928022, 31.491441439375194
382.61654282594753, 31.291566833605557
382.6039852590929, 31.091692227835914
382.59142769223826, 30.891817622066277
382.5788701253836, 30.691943016296634
382.5663126, 30.492068410526997
382.55375499167434, 30.29219380475736
382.5411974248197, 30.092319198987717
382.52863985796506, 29.89244459321808
382.5160822911104, 29.692569987448437
382.5035247242558,29.49269538
384.79737360303614, 38.28738732832386
384.7848160361815, 38.08751272255422
384.77225846932686, 37.88763811678458
384.7597009024722, 37.687763511014936
384.7471433356176,37.48788891
384.73458576876294, 37.28801429947566
384.7220282019083, 37.088139693706026
384.70947063505366, 36.88826508793638
384.6969131, 36.68839048216674
384.6843555013444,36.48851588
384.67179793448975, 36.288641270627465
384.6592403676351, 36.08876666485782
384.64668280078047, 35.88889205908818
384.63412523392583, 35.68901745331854
384.6215676670712, 35.489142847548905
384.60901010021655, 35.28926824177927
384.5964525333619, 35.089393636009625
384.5838949665073, 34.88951903023998
384.57133739965263, 34.68964442447034
384.5587798,34.48976982
384.54622226594336, 34.289895212931064
384.5336646990888, 34.09002060716142
384.52110713223414, 33.890146001391784
384.5085495653795, 33.69027139562214
384.49599199852486, 33.490396789852504
384.4834344316702, 33.29052218408286
384.4708768648156, 33.090647578313224
384.45831929796094, 32.89077297254358
384.4457617311063, 32.69089836677394
384.43320416425166, 32.49102376100431
384.4206466, 32.29114915523466
386.5386895402125, 38.28759662110477
386.52613197335785, 38.08772201533513
386.5135744065032, 37.88784740956549
386.50101683964857, 37.687972803795844
386.48845927279393, 37.48809819802621
386.4759017059393, 37.28822359225657
386.46334413908465, 37.088348986486935
386.4507866, 36.88847438071729
388.3051206110981, 38.687555125424964
388.2925630442435, 38.48768051965532
388.28000547738884, 38.28780591388568
388.2674479105342, 38.08793130811604
388.25489034367956, 37.888056702346404
388.2423327768249, 37.68818209657676
388.2297752099703, 37.48830749080712
388.21721764311565, 37.28843288503748
388.2046601, 37.08855827926784
388.19210250940637, 36.88868367349821
390.0589941151291, 38.88763902397551
390.04643654827447, 38.68776441820587
390.03387898141983, 38.48788981243624
390.0213214145652, 38.28801520666659
390.00876384771055, 38.08814060089695
389.9962062808559, 37.88826599512731
389.9836487140013, 37.688391389357676
389.97109114714664, 37.48851678358803
389.9585336, 37.288642177818396
389.94597601343736, 37.08876757204875
389.9334184465827, 36.888892966279116
389.9208608797281, 36.68901836050948
389.90830331287344, 36.489143754739835
389.8957457460188, 36.28926914897019
389.88318817916416, 36.089394543200555
389.8706306123095, 35.88951993743092
389.8580730454549, 35.689645331661275
389.84551547860025, 35.48977072589163
389.82040034489097, 35.09002151435236
391.8003100523054, 38.88784831675642
391.78775248545077, 38.68797371098678
391.7751949185961, 38.488099105217145
391.7626373517415,38.2882245
391.75007978488685, 38.08834989367786
391.7375222180322, 37.88847528790822
391.7249646511776, 37.688600682138585
391.71240708432293, 37.48872607636894
391.6998495174683, 37.288851470599305
391.68729195061366, 37.08897686482966
391.6747344, 36.889102259060024
391.6621768169044, 36.68922765329039
391.64961925004974, 36.489353047520744
391.6370616831951,36.28947844
391.62450411634046, 36.089603835981464
391.6119465494858, 35.88972923021183
391.5993889826312, 35.689854624442184
391.58683141577654, 35.48998001867254
391.5742738489219,35.29010541
391.56171628206727, 35.09023080713327
391.5491587152126, 34.89035620136363
391.5366011, 34.69048159559399
393.54162598948176, 38.888057609537334
393.5290684226271, 38.68818300376769
393.5165108557725, 38.488308397998054
393.50395328891784, 38.28843379222842
393.4913957220632, 38.088559186458774
393.47883815520856, 37.88868458068913
393.4662805883539, 37.688809974919494
393.4537230214993, 37.48893536914986
393.44116545464465, 37.28906076338022
393.4286079, 37.08918615761058
393.41605032093537, 36.88931155184093
393.40349275408073,36.68943695
393.3909351872261, 36.48956234030166
393.37837762037145, 36.289687734532016
393.3658200535168, 36.08981312876237
393.3532624866622, 35.889938522992736
393.34070491980754,35.69006392
393.3281473529529, 35.490189311453456
393.31558978609826, 35.29031470568382
393.3030322192436, 35.090440099914176
393.2904747, 34.89056549414454
393.27791708553434, 34.690690888374895
395.3708448946405, 40.28738914270572
395.35828732778594, 40.087514536936084
395.3457297609313, 39.88763993116644
395.33317219407667, 39.687765325396796
395.3206146, 39.48789071962716
395.3080570603674, 39.28801611385752
395.29549949351275, 39.08814150808789
395.2829419266581, 38.88826690231824
395.2703843598035,38.6883923
395.25782679294883, 38.48851769077896
395.2452692260942, 38.288643085009326
395.23271165923956, 38.08876847923968
395.2201540923849, 37.88889387347004
395.2075965255303,37.68901927
395.19503895867564, 37.489144661930766
395.1824814, 37.28927005616113
395.16992382496636, 37.089395450391486
395.1573662581117, 36.88952084462184
395.1448086912571, 36.689646238852205
395.13225112440244, 36.48977163308257
395.1196935575478, 36.289897027312925
395.10713599069317, 36.09002242154328
395.0945784238385, 35.890147815773645
395.0820208569839, 35.69027321000401
395.06946329012925, 35.490398604234365
395.0569057232746, 35.29052399846473
395.04434815641997, 35.090649392695084
395.03179058956533, 34.89077478692545
397.1121608318169, 40.28759843548663
397.0996032649623, 40.08772382971699
397.08704569810766, 39.887849223947356
397.0744881, 39.68797461817771
397.0619305643984, 39.48810001240807
397.04937299754374, 39.28822540663843
397.0368154306891, 39.088350800868795
397.02425786383446, 38.88847619509916
397.0117002969798, 38.688601589329515
396.9991427301252, 38.48872698355987
396.98658516327055, 38.288852377790235
396.9740275964159,38.08897777
396.96147002956127, 37.889103166250955
396.94891246270663, 37.68922856048131
396.9363549, 37.489353954711675
396.92379732899735, 37.28947934894204
396.9112397621427,37.08960474
396.8986821952881, 36.88973013740276
396.88612462843344, 36.689855531633114
396.8735670615788, 36.48998092586348
396.86100949472416, 36.29010632009384
396.8484519278695,36.09023171
398.8534767689932, 40.28780772826754
398.8409192021386,40.08793312
398.82836163528395, 39.888058516728265
398.8158040684293, 39.68818391095862
398.8032465015747, 39.48830930518898
398.79068893472004, 39.28843469941934
398.7781313678654, 39.088560093649704
398.76557380101076, 38.88868548788007
398.7530162341561, 38.688810882110424
398.7404586673015, 38.48893627634078
398.72790110044684, 38.289061670571144
398.7153435335922, 38.08918706480151
398.70278596673757, 37.88931245903186
398.6902283998829, 37.68943785326222
398.6776708330283, 37.48956324749258
398.66511326617365, 37.28968864172295
398.6525557, 37.08981403595331
398.63999813246437, 36.88993943018367
398.62744056560973, 36.69006482441402
398.6148829987551, 36.490190218644386
398.60232543190045, 36.29031561287475
398.5897678650458, 36.090441007105106
398.5772102981912, 35.89056640133546
398.56465273133654, 35.690691795565826
400.58223513931495, 40.08814241527881
400.5696775724603, 39.88826780950917
400.55712000560567, 39.68839320373954
400.54456243875103, 39.48851859796989
400.5320048718964, 39.28864399220026
400.51944730504175, 39.08876938643061
400.5068897381871, 38.888894780660976
400.4943321713325, 38.68902017489134
400.48177460447783, 38.489145569121696
400.4692170376232, 38.28927096335205
400.45665947076856, 38.089396357582416
400.4441019039139, 37.88952175181278
400.4315443370593, 37.689647146043136
400.41898677020464, 37.48977254027349
400.4064292, 37.289897934503855
400.39387163649536, 37.09002332873422
400.3813140696407, 36.89014872296458
400.3687565027861, 36.69027411719494
400.35619893593145, 36.490399511425295
400.3436413690768, 36.29052490565566
400.33108380222217, 36.09065029988602
400.31852623536753, 35.89077569411638
400.3059686685129, 35.690901088346735
400.29341110165825,35.49102648
400.2808535348036, 35.29115187680746
400.268296, 35.091277271037825
400.25573840109433, 34.89140266526818
400.2431808342397, 34.69152805949854
400.23062326738506,34.49165345
400.2180657005304, 34.291778847959264
400.20550813367583, 34.09190424218962
402.21053297479955, 38.28948025613296
402.1979754079449, 38.089605650363325
402.18541784109027, 37.88973104459369
402.17286027423563, 37.689856438824044
402.1603027,37.48998183
402.14774514052635, 37.290107227284764
402.1351875736717, 37.09023262151513
402.1226300068171, 36.89035801574549
402.11007243996244, 36.69048340997585
402.0975148731078, 36.490608804206204
402.08495730625316, 36.29073419843657
402.0723997393985, 36.09085959266693
402.0598421725439, 35.89098498689729
402.04728460568924, 35.69111038112764
402.0347270388346, 35.49123577535801
402.02216947197996, 35.29136116958837
402.0096119051253, 35.091486563818734
401.9970543382707, 34.89161195804909
401.98449677141605, 34.691737352279446
401.9719392045614, 34.49186274650981
401.95938163770677, 34.29198814074017
401.9468240708522, 34.09211353497053
401.93426650399755, 33.89223892920089
401.9217089371429, 33.69236432343125
401.90915137028827, 33.49248971766161
401.89659380343363, 33.29261511189197
401.8840362, 33.09274050612233
401.87147866972435, 32.89286590035269
401.8589211028697, 32.69299129458305
401.8463635360151, 32.493116688813416
401.83380596916044, 32.29324208304377
401.8212484023058, 32.093367477274136
401.80869083545116, 31.893492871504492
401.7961332685965, 31.693618265734855
401.7835757017419, 31.49374365996521
401.77101813488724, 31.293869054195575
401.7584605680326, 31.09399444842593
401.74590300117796, 30.894119842656295
401.7333454343233, 30.69424523688665
401.7207878674687, 30.494370631117015
401.70823030061405, 30.294496025347378
401.6956727337594, 30.094621419577734
401.68311516690477, 29.894746813808098
401.67055760005013, 29.694872208038454
401.6580000331955, 29.494997602268818
401.64544246634085, 29.295122996499174
403.8890610777027, 37.29031652006568
403.87650351084807, 37.090441914296036
403.86394594399343,36.89056731
403.8513883771388, 36.69069270275676
403.83883081028415, 36.49081809698712
403.8262732434295, 36.290943491217476
403.8137156765749, 36.09106888544784
403.80115810972023,35.89119428
403.7886005428656, 35.69131967390856
403.77604297601096, 35.491445068138916
403.7634854091563, 35.29157046236928
403.7509278423017, 35.09169585659964
403.73837027544704,34.89182125
403.7258127085924, 34.691946645060355
403.71325514173776, 34.49207203929072
403.7006975748831, 34.29219743352108
403.68814000802854, 34.09232282775144
403.6755824411739,33.89244822
403.66302487431926, 33.69257361621216
403.6504673074646, 33.49269901044252
403.6379097, 33.29282440467288
403.62535217375535, 33.09294979890324
403.6127946069007,32.89307519
403.60023704004607, 32.69320058736396
403.58767947319143, 32.493325981594325
403.5751219063368, 32.29345137582468
403.56256433948215, 32.093576770055044
403.5500067726275,31.89370216
403.5374492057729, 31.693827558515764
403.52489163891823, 31.49395295274612
403.5123340720636, 31.294078346976484
403.49977650520896, 31.09420374120684
403.4872189383543, 30.894329135437204
403.4746613714997, 30.69445452966756
403.46210380464504, 30.494579923897923
403.4495462377904, 30.294705318128287
403.43698867093576, 30.094830712358643
403.4244311040811, 29.894956106589007
403.4118735372265, 29.695081500819363
403.39931597037184, 29.495206895049726
403.3867584035172, 29.295332289280083
405.630377, 37.29052581284659
405.61781944802436, 37.090651207076945
405.6052618811697, 36.89077660130731
405.5927043143151, 36.69090199553767
405.58014674746045, 36.49102738976803
405.5675891806058, 36.291152783998385
405.55503161375117, 36.09127817822875
405.54247404689653, 35.89140357245911
405.5299164800419, 35.69152896668947
405.51735891318725, 35.491654360919824
405.5048013463326, 35.29177975515019
405.4922438, 35.09190514938055
405.47968621262333, 34.892030543610915
405.4671286457687, 34.69215593784127
405.45457107891406, 34.492281332071634
405.4420135120594,34.29240673
405.42945594520484, 34.092532120532354
405.4168983783502, 33.89265751476272
405.40434081149556, 33.692782908993074
405.3917832446409, 33.49290830322344
405.3792256777863, 33.293033697453794
405.36666811093164, 33.09315909168416
405.3541105, 32.89328448591451
405.34155297722236, 32.69340988014488
405.3289954103677, 32.49353527437524
405.3164378435131,32.29366067
405.30388027665845, 32.09378606283596
405.2913227098038, 31.893911457066316
405.27876514294917, 31.69403685129668
405.26620757609453, 31.494162245527036
405.2536500092399,31.29428764
405.24109244238525, 31.094413033987756
405.2285348755306, 30.89453842821812
405.2159773, 30.694663822448476
405.20341974182134, 30.49478921667884
405.1908621749667, 30.294914610909203
405.17830460811206, 30.09504000513956
405.1657470412574, 29.895165399369922
405.1531894744028, 29.69529079360028
405.14063190754814, 29.495416187830642
405.1280743406935,29.29554158
407.37169295205535, 37.290735105627505
407.3591353852007, 37.09086049985786
407.3465778183461, 36.89098589408822
407.33402025149144, 36.69111128831858
407.3214626846368, 36.491236682548944
407.30890511778216,36.29136208
407.2963475509275, 36.09148747100966
407.2837899840729, 35.89161286524002
407.27123241721824, 35.691738259470384
407.2586748503636, 35.49186365370074
407.24611728350897, 35.291989047931104
407.2335597166543, 35.09211444216146
407.2210021497997, 34.89223983639182
407.20844458294505, 34.69236523062218
407.1958870160904, 34.49249062485254
407.18332944923577, 34.29261601908291
407.1707718823812, 34.09274141331326
407.15821431552655, 33.892866807543626
407.1456567486719, 33.69299220177398
407.1330991818173, 33.493117596004346
407.12054161496263,33.29324299
407.107984, 33.093368384465066
407.09542648125336, 32.89349377869542
407.0828689143987, 32.693619172925786
407.0703113475441, 32.49374456715615
407.05775378068944, 32.293869961386505
407.0451962138348, 32.09399535561687
407.03263864698016, 31.894120749847225
407.0200810801255, 31.69424614407759
407.0075235132709, 31.494371538307945
406.99496594641624, 31.29449693253831
406.9824083795616, 31.094622326768665
406.96985081270697, 30.894747720999028
406.9572932458523, 30.694873115229385
406.9447356789977, 30.494998509459748
406.93217811214305, 30.29512390369011
406.9196205452884, 30.095249297920468
406.90706297843377, 29.89537469215083
406.89450541157913, 29.695500086381188
406.8819478447245, 29.49562548061155
406.86939027786985, 29.295750874841907
406.8568327110152, 29.09587626907227
406.8442751441606, 28.896001663302627
406.83171757730594, 28.69612705753299
406.8191600104513, 28.496252451763354
406.80660244359666, 28.29637784599371
406.7940448767421, 28.096503240224074
406.78148730988744, 27.89662863445443
406.7689297430328, 27.696754028684794
406.75637217617816, 27.49687942291515
406.71869947561424, 26.897255605606233
406.7061419087596, 26.69738099983659
406.69358434190497, 26.497506394066953
406.6810267750503, 26.297631788297316
409.10045132237707, 37.09106979263877
409.08789375552243, 36.891195186869126
409.0753361886678, 36.69132058109949
409.06277862181315, 36.49144597532985
409.0502210549585, 36.29157136956021
409.0376634881039, 36.091696763790566
409.02510592124924, 35.89182215802093
409.0125483543946, 35.69194755225129
408.99999078753996, 35.49207294648165
408.9874332206853, 35.29219834071201
408.9748756538307, 35.09232373494237
408.96231808697604, 34.89244912917273
408.9497605201214, 34.69257452340309
408.93720295326676, 34.49269991763345
408.9246453864121, 34.292825311863815
408.91208781955754, 34.09295070609417
408.8995302527029, 33.893076100324535
408.88697268584826, 33.69320149455489
408.8744151189936, 33.493326888785255
408.8618576, 33.29345228301561
408.84929998528435, 33.093577677245975
408.8367424184297, 32.89370307147633
408.82418485157507, 32.693828465706694
408.81162728472043, 32.49395385993706
408.7990697178658, 32.294079254167414
408.78651215101115, 32.09420464839778
408.7739545841565, 31.894330042628134
408.7613970173019, 31.694455436858497
408.74883945044724, 31.494580831088854
408.7362818835926, 31.294706225319217
408.72372431673796, 31.094831619549574
408.7111667498833, 30.894957013779937
408.6986091830287, 30.695082408010293
408.68605161617404, 30.495207802240657
408.6734940493194, 30.29533319647102
408.66093648246476, 30.095458590701377
408.6483789156101, 29.89558398493174
408.6358213487555, 29.695709379162096
408.62326378190085, 29.49583477339246
408.6107062150462, 29.295960167622816
408.59814864819157, 29.09608556185318
408.58559108133693, 28.896210956083536
408.5730335144823,28.69633635
408.56047594762765, 28.496461744544263
408.5479184, 28.29658713877462
408.53536081391843, 28.096712533004983
408.5228032470638, 27.89683792723534
408.51024568020915, 27.696963321465702
408.4976881133545, 27.49708871569606
408.4851305464999, 27.297214109926422
408.47257297964524, 27.09733950415678
408.4600154127906, 26.897464898387142
408.44745784593596, 26.697590292617498
408.4349002790813, 26.49771568684786
408.4223427122267, 26.297841081078225
408.40978514537204, 26.09796647530858
410.56550078875136,32.69403776
410.5529432218967, 32.49416315271797
410.5403856550421, 32.29428854694832
410.52782808818745, 32.094413941178686
410.5152705213328, 31.894539335409043
410.50271295447817, 31.694664729639406
410.49015538762353, 31.494790123869763
410.4775978207689, 31.294915518100126
410.46504025391425, 31.095040912330482
410.4524826870596, 30.895166306560846
410.4399251, 30.695291700791202
410.42736755335034, 30.495417095021566
410.4148099864957, 30.29554248925193
410.40225241964106, 30.095667883482285
410.3896948527864, 29.89579327771265
410.3771372859318, 29.695918671943005
410.36457971907714, 29.49604406617337
410.3520221522225, 29.296169460403725
410.33946458536786, 29.09629485463409
410.3269070185132, 28.896420248864445
410.3143494516586, 28.696545643094808
410.30179188480395, 28.49667103732517
410.2892343179493, 28.296796431555528
410.2766767510947, 28.09692182578589
410.2641191842401, 27.897047220016248
410.25156161738545, 27.69717261424661
410.2390040505308, 27.497298008476967
410.22644648367617, 27.29742340270733
410.21388891682153, 27.097548796937687
410.2013313499669, 26.89767419116805
410.18877378311225, 26.697799585398407
410.1762162162576, 26.49792497962877
410.1636586, 26.298050373859134
410.15110108254834, 26.09817576808949
412.06822295568963, 28.89662954164536
412.0556654, 28.696754935875724
412.04310782198036, 28.496880330106087
412.0305502551257, 28.297005724336444
412.0179926882711, 28.097131118566807
412.00543512141644, 27.897256512797163
411.9928775545618, 27.697381907027527
411.98031998770716, 27.497507301257883
411.9677624208525, 27.297632695488247
411.9552048539979, 27.097758089718603
411.94264728714325, 26.897883483948966
411.9300897202886, 26.698008878179323
411.91753215343397, 26.498134272409686
413.78442375915665, 28.497089622886996
413.7718662, 28.297215017117352
413.7593086254474, 28.097340411347716
413.74675105859274, 27.897465805578072
413.7341934917381, 27.697591199808436
413.72163592488346, 27.497716594038792
413.7090783580288, 27.297841988269155
413.6965207911742, 27.09796738249951
413.68396322431954, 26.898092776729875
413.6714056574649, 26.69821817096023
413.65884809061026, 26.498343565190595
413.6462905237556, 26.29846895942096
413.633733, 26.098594353651315
415.5131821294783, 28.29742430989826
415.50062456262367, 28.097549704128625
415.48806699576903, 27.89767509835898
415.4755094289144, 27.697800492589344
415.46295186205975,27.49792589
415.4503942952051, 27.298051281050064
415.4378367283505, 27.09817667528042
415.42527916149584, 26.898302069510784
415.4127215946412, 26.69842746374114
415.40016402778656, 26.498552857971504
415.3876064609319, 26.298678252201867
415.3750488940773, 26.098803646432224
415.36249132722264, 25.898929040662587
415.3499338, 25.699054434892943
415.33737619351336, 25.499179829123307
415.3248186266587, 25.299305223353663
415.3122610598042, 25.099430617584026
415.29970349294956, 24.899556011814383
417.3172859009279, 29.297006631527367
417.3047283340733, 29.09713202575773
417.29217076721864, 28.897257419988087
417.2796132, 28.69738281421845
417.2544980666547, 28.29763360267917
417.2419404998001, 28.097758996909533
417.22938293294544, 27.89788439113989
417.2168253660908, 27.698009785370253
417.20426779923616, 27.49813517960061
417.1917102323815, 27.298260573830973
417.1791526655269, 27.09838596806133
417.16659509867225, 26.898511362291693
417.1540375318176, 26.69863675652205
417.14147996496297, 26.498762150752412
417.12892239810833, 26.298887544982776
417.1163648312537, 26.099012939213132
417.10380726439905, 25.899138333443496
417.0912496975444, 25.699263727673852
417.0786921306898, 25.499389121904215
417.06613456383525, 25.299514516134572
417.0535769969806, 25.099639910364935
417.04101943012597, 24.89976530459529
419.0837169718135, 29.696965135847563
419.07115940495885, 29.497090530077926
419.0586018381042, 29.297215924308283
419.04604427124957, 29.097341318538646
419.03348670439493, 28.897466712769003
419.0209291375403, 28.697592106999366
419.00837157068565, 28.49771750122973
418.995814, 28.297842895460086
418.9832564369764, 28.09796828969045
418.97069887012174, 27.898093683920806
418.9581413032671, 27.69821907815117
418.94558373641246, 27.498344472381525
418.9330261695578, 27.29846986661189
418.9204686027032, 27.098595260842245
418.90791103584854, 26.89872065507261
418.8953534689939, 26.698846049302965
418.88279590213926, 26.49897144353333
418.8702383352846, 26.299096837763692
418.8576808, 26.099222231994048
418.84512320157535, 25.89934762622441
418.8325656347207, 25.699473020454768
418.82000806786607, 25.49959841468513
418.80745050101154, 25.299723808915488
418.7948929341569, 25.09984920314585
420.91293587697237, 31.09629666901595
420.90037831011773, 30.896422063246312
420.8878207432631, 30.69654745747667
420.87526317640845, 30.496672851707032
420.8627056095538, 30.296798245937396
420.8501480426992, 30.096923640167752
420.83759047584454, 29.897049034398115
420.8250329089899, 29.697174428628472
420.81247534213526, 29.497299822858835
420.7999177752806, 29.29742521708919
420.7873602, 29.097550611319555
420.77480264157134, 28.89767600554991
420.7622450747167, 28.697801399780275
420.74968750786206, 28.497926794010638
420.7371299410074, 28.298052188240995
420.7245723741528, 28.098177582471358
420.71201480729815, 27.898302976701714
420.6994572404435, 27.698428370932078
420.68689967358887, 27.498553765162434
420.67434210673423, 27.298679159392798
420.6617845398796, 27.098804553623154
420.64922697302495, 26.898929947853517
420.6366694061703, 26.699055342083874
422.6668093810033,31.29638057
422.65425181414867, 31.096505961796858
422.6416942, 30.89663135602722
422.6291366804394, 30.696756750257578
422.61657911358475, 30.49688214448794
422.6040215467301, 30.297007538718304
422.59146397987547, 30.09713293294866
422.57890641302083, 29.897258327179024
422.5663488461662, 29.69738372140938
422.55379127931155, 29.497509115639744
422.5412337124569,29.29763451
422.5286761456023, 29.097759904100464
422.51611857874764, 28.89788529833082
422.503561, 28.698010692561184
422.49100344503836, 28.498136086791547
422.4784458781837, 28.298261481021903
424.39556775132496, 31.096715254577774
424.3830101844703, 30.896840648808137
424.3704526176157, 30.696966043038493
424.35789505076104, 30.497091437268857
424.3453374839064, 30.29721683149922
424.33277991705177, 30.097342225729577
424.3202223501971, 29.89746761995994
424.3076647833425, 29.697593014190296
424.29510721648785, 29.49771840842066
424.2825496496332, 29.297843802651016
424.2699920827786, 29.09796919688138
424.25743451592393, 28.898094591111736
424.2448769490693,28.69821999
424.23231938221465, 28.498345379572463
424.2197618, 28.29847077380282
424.2072042485054, 28.098596168033183
426.13688368850137, 31.096924547358682
426.12432612164673, 30.897049941589046
426.1117685547921, 30.697175335819402
426.09921098793745, 30.497300730049766
426.0866534210828, 30.29742612428013
426.0740958542282, 30.097551518510485
426.06153828737354, 29.89767691274085
426.0489807205189, 29.697802306971205
426.03642315366426, 29.49792770120157
426.0238655868096, 29.298053095431925
426.011308, 29.09817848966229
425.99875045310034, 28.898303883892645
425.9861928862457, 28.698429278123008
425.97363531939106, 28.49855467235337
425.9610777525364, 28.298680066583728
425.9485201856818, 28.09880546081409
427.9786601605148, 32.69613068629671
427.96610259366014, 32.496256080527075
427.9535450268055, 32.29638147475743
427.94098745995086, 32.096506868987795
427.9284298930962, 31.89663226321815
427.9158723262416, 31.696757657448515
427.90331475938694, 31.49688305167887
427.8907571925323, 31.297008445909235
427.87819962567767, 31.09713384013959
427.8656421, 30.897259234369955
427.8530844919684, 30.69738462860031
427.84052692511375, 30.497510022830674
427.8279693582591, 30.297635417061038
427.8154117914045, 30.097760811291394
427.80285422454983, 29.897886205521758
427.7902966576952, 29.698011599752114
427.77773909084056, 29.498136993982477
427.7651815239859, 29.298262388212834
427.7526239571313, 29.098387782443197
427.74006639027664, 28.898513176673553
427.7275088, 28.698638570903917
427.71495125656736, 28.49876396513428
427.7023936897127, 28.298889359364637
427.6898361228581,28.09901475
429.74509123140035,33.09608919
429.7325336645457, 32.89621458484726
429.7199760976911, 32.69633997907762
429.70741853083643, 32.496465373307984
429.6948609639818, 32.29659076753834
429.68230339712716, 32.096716161768704
429.6697458302725, 31.89684155599906
429.6571882634179, 31.696966950229424
429.64463069656324, 31.49709234445978
429.6320731297086, 31.297217738690144
429.61951556285396,31.09734313
429.6069579959993, 30.897468527150863
429.5944004291447, 30.69759392138122
429.58184286229005, 30.497719315611583
429.5692852954354, 30.297844709841947
429.55672772858077, 30.097970104072303
429.54417016172613, 29.898095498302666
429.5316125948715, 29.698220892533023
429.51905502801685, 29.498346286763386
429.5064974611622, 29.298471680993742
429.4939398943076, 29.098597075224106
429.48138232745293, 28.898722469454462
429.4688247605983, 28.698847863684826
429.45626719374366, 28.49897325791519
431.93847957534365, 40.29178429110485
431.925922,40.09190969
431.91336444163437, 39.89203507956556
431.90080687477973, 39.69216047379592
431.8882493079251, 39.492285868026286
431.87569174107045, 39.29241126225665
431.8631341742158, 39.092536656487006
431.8505766073612, 38.89266205071736
431.83801904050654, 38.692787444947726
431.8254614736519, 38.49291283917809
431.81290390679726, 38.293038233408446
431.8003463399426,38.09316363
431.7877888, 37.893289021869165
431.77523120623334, 37.69341441609953
431.7626736393787, 37.493539810329885
431.75011607252407, 37.29366520456025
431.73755850566954, 37.093790598790605
431.7250009388149, 36.89391599302097
431.71244337196026, 36.69404138725133
431.6998858051056, 36.49416678148169
431.6873282, 36.294292175712044
431.67477067139635, 36.09441756994241
431.6622131045417, 35.89454296417277
431.64965553768707, 35.69466835840313
431.63709797083243, 35.494793752633484
431.6245404039778, 35.29491914686385
431.61198283712315, 35.09504454109421
431.5994252702685, 34.895169935324574
431.5868677034139, 34.69529532955493
431.57431013655923, 34.495420723785294
431.5617525697046, 34.29554611801566
431.54919500284996, 34.095671512246014
431.5366374359953, 33.89579690647638
431.5240798691407, 33.695922300706734
431.51152230228604,33.49604769
431.4989647354314, 33.29617308916745
431.48640716857676, 33.09629848339782
431.4738496017221, 32.89642387762817
431.4612920348675, 32.69654927185854
431.44873446801284,32.49667467
431.4361769011582, 32.296800060319256
431.42361933430357, 32.09692545454962
431.4110617674489, 31.897050848779976
431.3985042005943, 31.69717624301034
431.38594663373965, 31.497301637240696
431.3733891, 31.29742703147106
431.3608315000304, 31.097552425701416
431.34827393317573, 30.89767781993178
431.3357163663211, 30.697803214162136
431.32315879946646,30.49792861
431.3106012326118, 30.298054002622862
433.84304388163025, 42.89036345889107
433.8304863147756, 42.69048885312144
433.8179287, 42.49061424735179
433.80537118106633, 42.29073964158215
433.7928136142117, 42.09086503581251
433.78025604735706, 41.890990430042876
433.7676984805024, 41.69111582427323
433.7551409136478, 41.49124121850359
433.74258334679314, 41.29136661273395
433.7300257799385, 41.091492006964316
433.71746821308386, 40.89161740119468
433.7049106462292, 40.691742795425036
433.6923530793746, 40.49186818965539
433.67979551251995, 40.291993583885755
433.6672379456653, 40.09211897811612
433.65468037881067, 39.892244372346475
433.6421228, 39.69236976657683
433.6295652451014, 39.492495160807195
433.61700767824675, 39.29262055503756
433.6044501113921, 39.09274594926792
433.5918925445375, 38.89287134349828
433.57933497768283, 38.692996737728635
433.5667774108282,38.49312213
433.55421984397356, 38.29324752618936
433.5416622771189, 38.09337292041972
433.5291047102643, 37.893498314650074
433.51654714340964, 37.69362370888044
433.5039896,37.4937491
433.49143200970036, 37.293874497341164
433.47887444284584, 37.09399989157152
433.4663168759912, 36.89412528580188
433.45375930913656, 36.69425068003224
433.4412017422819, 36.494376074262604
433.4286441754273, 36.29450146849296
433.41608660857264, 36.09462686272332
433.403529, 35.89475225695368
433.39097147486336, 35.69487765118404
433.3784139080087,35.49500305
433.3658563411541, 35.29512843964476
433.35329877429945, 35.09525383387512
433.3407412074448, 34.89537922810548
433.32818364059017, 34.69550462233584
433.31562607373553,34.49563002
433.3030685068809, 34.295755410796566
433.29051094002625, 34.09588080502692
433.2779533731716, 33.896006199257286
433.2653958, 33.69613159348764
433.25283823946233, 33.496256987718006
433.2402806726077, 33.29638238194836
433.22772310575306, 33.096507776178726
433.2151655388984, 32.89663317040908
435.70993548735294, 44.889318809368376
435.6973779204983, 44.68944420359874
435.68482035364366,44.4895696
435.6722628, 44.28969499205946
435.6597052199344, 44.089820386289816
435.64714765307974, 43.88994578052018
435.6345900862251, 43.69007117475054
435.62203251937046,43.49019657
435.6094749525158, 43.29032196321126
435.5969173856612, 43.09044735744162
435.58435981880655, 42.89057275167198
435.5718022519519, 42.690698145902346
435.55924468509727,42.49082354
435.54668711824263, 42.29094893436306
435.5341296, 42.09107432859342
435.52157198453335, 41.891199722823785
435.5090144176787, 41.69132511705414
435.4964568508241,41.49145051
435.48389928396944, 41.29157590551486
435.4713417171148, 41.091701299745225
435.45878415026016, 40.89182669397559
435.4462265834055, 40.691952088205944
435.4336690165509,40.49207748
435.42111144969624, 40.292202876666664
435.4085538828416, 40.09232827089703
435.39599631598696, 39.892453665127384
435.3834387491323, 39.69257905935774
435.3708811822777, 39.492704453588104
435.35832361542305, 39.29282984781847
435.3457660485684, 39.09295524204883
435.33320848171377, 38.89308063627919
435.32065091485913, 38.69320603050954
435.3080933480045, 38.49333142473991
435.29553578114985, 38.29345681897027
435.2829782142952, 38.09358221320063
435.2704206474406, 37.89370760743098
435.25786308058593, 37.693833001661346
435.2453055137313, 37.49395839589171
435.23274794687666, 37.29408379012207
435.22019038002213, 37.09420918435243
435.2076328131675, 36.894334578582786
435.15740254574894, 36.094836155504225
435.1448449788943, 35.89496154973459
435.13228741203966, 35.69508694396495
435.1197298, 35.49521233819531
435.1071722783304, 35.29533773242567
435.09461471147574, 35.09546312665603
435.0820571446211, 34.89558852088639
435.06949957776646, 34.69571391511675
435.0569420109118, 34.49583930934711
435.0443844440572, 34.295964703577475
435.03182687720255, 34.09609009780783
434.99415417663863, 33.496466280498915
434.9815966, 33.29659167472927
437.5014816919479, 45.689026525227845
437.48892412509326, 45.48915191945821
437.4763665582386, 45.28927731368857
437.463809, 45.089402707918936
437.45125142452935, 44.88952810214929
437.4386938576747, 44.68965349637965
437.42613629082007, 44.48977889061001
437.41357872396543, 44.289904284840375
437.4010211571108, 44.09002967907073
437.38846359025615, 43.89015507330109
437.3759060234015, 43.69028046753145
437.3633484565469, 43.490405861761815
437.35079088969223, 43.29053125599218
437.3382333228376, 43.090656650222535
437.32567575598296, 42.89078204445289
437.3131181891283, 42.690907438683254
437.3005606222737, 42.49103283291362
437.28800305541904, 42.291158227143974
437.2754454885644, 42.09128362137433
437.26288792170976, 41.891409015604694
437.2503303548551, 41.69153440983506
437.2377727880005, 41.491659804065414
437.22521522114585, 41.29178519829578
437.2126576542912, 41.09191059252613
437.20010008743657,40.89203599
437.1875425205819, 40.69216138098686
437.1749849537273, 40.49228677521722
437.16242738687265, 40.29241216944757
437.1498698, 40.092537563677936
437.1373122531634,39.89266296
437.12475468630873, 39.692788352138656
437.1121971194541, 39.49291374636901
437.09963955259946, 39.293039140599376
437.0870819857448, 39.09316453482974
437.0745244188902,38.89328993
439.25535519597884,45.88911042
439.2427976291242, 45.689235818008754
439.23024006226956, 45.48936121223912
439.2176824954149, 45.28948660646948
439.2051249285603, 45.089612000699844
439.19256736170564,44.88973739
439.1800098, 44.68986278916056
439.16745222799636, 44.48998818339092
439.1548946611417, 44.290113577621284
439.1423370942871, 44.09023897185164
439.12977952743245,43.89036437
439.1172219605778, 43.69048976031236
439.10466439372317, 43.49061515454272
439.09210682686853, 43.29074054877309
439.0795492600139, 43.09086594300344
439.06699169315925,42.89099134
439.0544341263046, 42.69111673146416
439.0418766, 42.49124212569453
439.02931899259534, 42.29136751992488
439.0167614257407, 42.09149291415524
439.00420385888606,41.89161831
438.9916462920314, 41.691743702615966
438.9790887251768, 41.49186909684632
438.96653115832214, 41.291994491076686
438.9539735914675, 41.09211988530704
438.94141602461286, 40.892245279537406
438.9288584577582, 40.69237067376777
438.9163008909036, 40.492496067998125
438.90374332404895, 40.29262146222848
438.8911857571943, 40.092746856458845
438.87862819033967, 39.89287225068921
438.86607062348503, 39.692997644919565
438.8535130566304, 39.49312303914992
438.84095548977575, 39.293248433380285
438.8283979229211, 39.09337382761065
438.8158403560665, 38.89349922184101
438.80328278921183, 38.69362461607137
438.7907252223572, 38.493750010301724
440.9841135663006, 45.68944511078967
440.97155599944597, 45.489570505020026
440.95899843259133, 45.28969589925039
440.9464408657367, 45.08982129348075
440.93388329888205, 44.88994668771112
440.9213257320274, 44.69007208194147
440.9087681651728, 44.49019747617183
440.89621059831813, 44.29032287040219
440.8836530314635, 44.090448264632556
440.87109546460886, 43.89057365886291
440.8585378977542, 43.69069905309327
440.8459803308996, 43.49082444732363
440.83342276404494, 43.290949841553996
440.8208651971903, 43.09107523578436
440.80830763033566, 42.891200630014716
440.7957501, 42.69132602424507
440.7831924966264, 42.491451418475435
440.77063492977175,42.29157681
440.7580773629171, 42.091702206936155
440.74551979606247, 41.89182760116651
440.7329622292078, 41.691952995396875
440.7204046623532, 41.49207838962724
440.70784709549855,41.29220378
440.6952895286439, 41.09232917808796
440.6827319617893, 40.892454572318314
440.67017439493463, 40.69257996654868
440.6576168, 40.49270536077904
440.64505926122536,40.29283076
440.6325016943707, 40.092956149239754
440.6199441275161, 39.89308154347012
440.60738656066144, 39.69320693770048
440.5948289938068, 39.49333233193084
440.58227142695216,39.29345773
440.5697138600975, 39.09358312039156
440.5571562932429, 38.89370851462192
440.54459872638824, 38.693833908852284
440.5320411595336, 38.49395930308264
440.51948359267897,38.2940847
440.5069260258243, 38.09421009154336
440.4943684589697, 37.89433548577372
440.48181089211505, 37.69446088000408
440.4692533252604, 37.494586274234436
440.4566957584058,37.29471167
440.44413819155125, 37.09483706269516
440.4315806246966, 36.894962456925526
440.41902305784197, 36.69508785115588
440.40646549098733, 36.49521324538624
440.3939079241327,36.29533864
440.38135035727805, 36.095464033846966
440.3687927904234, 35.89558942807732
440.3562352235688, 35.69571482230768
440.34367765671414, 35.49584021653804
442.3989327652563, 40.49291465355995
442.38637519840165, 40.293040047790306
442.3738176, 40.09316544202066
442.3612600646924, 39.893290836251026
442.34870249783773, 39.69341623048139
442.3361449309831, 39.493541624711746
442.32358736412846, 39.29366701894211
442.3110297972738, 39.093792413172466
442.2984722304192, 38.89391780740283
442.28591466356454, 38.69404320163319
442.2733570967099, 38.49416859586355
442.26079952985526, 38.294293990093905
442.2482419630006, 38.09441938432427
442.2356844, 37.89454477855463
442.22312682929135, 37.69467017278499
442.2105692624367, 37.494795567015345
442.19801169558207, 37.29492096124571
442.18545412872754, 37.09504635547607
442.1728965618729, 36.895171749706435
442.16033899501826, 36.69529714393679
442.1477814281636, 36.49542253816715
442.1352239, 36.29554793239751
442.12266629445435, 36.095673326627875
442.1101087275997, 35.89579872085823
442.09755116074507, 35.69592411508859
442.08499359389043, 35.49604950931895
442.0724360270358, 35.296174903549314
442.05987846018115, 35.09630029777968
442.0473208933265, 34.896425692010034
442.0347633264719, 34.69655108624039
442.02220575961724, 34.496676480470754
442.0096481927626, 34.29680187470112
441.99709062590796, 34.09692726893147
441.9845330590533, 33.89705266316184
441.9719754921987, 33.69717805739219
441.95941792534404, 33.49730345162256
441.9468603584894, 33.29742884585291
441.93430279163476, 33.09755424008328
441.9217452247801, 32.89767963431363
441.9091876579255, 32.697805028543996
441.89663009107085, 32.49793042277436
441.8840725242162, 32.298055817004716
441.87151495736157, 32.09818121123508
441.85895739050693, 31.898306605465436
441.8463998236523,31.698432
441.83384225679765, 31.498557393926156
441.8212847, 31.29868278815652
441.8087271230884, 31.098808182386875
441.79616955623374, 30.89893357661724
441.7836119893791, 30.699058970847595
441.77105442252446, 30.49918436507796
441.7584968556698, 30.299309759308322
441.7459392888152, 30.09943515353868
441.73338172196054, 29.899560547769042
441.7208241551059, 29.699685941999398
441.70826658825126, 29.49981133622976
441.6957090213966, 29.299936730460118
444.00211546703156, 38.29450328287482
443.9895579001769, 38.09462867710518
443.9770003333223, 37.89475407133554
443.96444276646764, 37.694879465565904
443.9518852, 37.49500485979626
443.93932763275836, 37.295130254026624
443.92677006590384, 37.09525564825698
443.9142124990492, 36.895381042487344
443.90165493219456, 36.69550643671771
443.8890973653399, 36.495631830948064
443.8765397984853, 36.29575722517842
443.86398223163064, 36.09588261940878
443.8514247, 35.89600801363915
443.83886709792137,35.69613341
443.8263095310667, 35.49625880209986
443.8137519642121, 35.29638419633022
443.80119439735745, 35.096509590560586
443.7886368305028, 34.89663498479094
443.77607926364817,34.69676038
443.76352169679353, 34.49688577325166
443.7509641299389, 34.297011167482026
443.73840656308425, 34.09713656171238
443.7258489962296, 33.897261955942746
443.7132914,33.69738735
443.70073386252034, 33.497512744403465
443.6881762956657, 33.29763813863382
443.67561872881106, 33.097763532864185
443.6630611619564, 32.89788892709454
443.6505035951018, 32.698014321324905
443.63794602824714, 32.49813971555527
443.6253884613925, 32.298265109785625
443.61283089453786, 32.09839050401599
443.6002733276832, 31.898515898246345
443.5877157608286, 31.698641292476708
443.57515819397395, 31.498766686707064
443.5626006271193, 31.298892080937428
443.55004306026467, 31.099017475167784
443.53748549341003, 30.899142869398148
443.5249279265554, 30.699268263628504
443.51237035970075, 30.499393657858867
443.4998127928461, 30.29951905208923
443.4872552259915, 30.099644446319587
443.47469765913684, 29.89976984054995
443.4621400922822, 29.699895234780307
443.44958252542756, 29.50002062901067
443.4370249585729, 29.300146023241027
443.4244673917183, 29.10027141747139
443.41190982486364, 28.900396811701746
443.3993523, 28.70052220593211
443.38679469115436, 28.500647600162473
443.3742371242997, 28.30077299439283
443.3616795574451, 28.100898388623193
443.34912199059045, 27.90102378285355
443.3365644237358, 27.701149177083913
443.32400685688117, 27.50127457131427
443.31144929002653, 27.301399965544633
443.28633415631725, 26.901650754005352
445.50483763396994, 34.49709506603258
445.4922800671153, 34.29722046026294
445.47972250026066,34.09734585
445.4671649, 33.89747124872366
445.4546073665514, 33.69759664295402
445.44204979969675, 33.49772203718438
445.4294922328421, 33.29784743141474
445.41693466598747,33.09797283
445.40437709913283, 32.89809821987546
445.3918195322782, 32.69822361410582
445.37926196542355, 32.498349008336184
445.3667043985689, 32.29847440256654
445.3541468317143, 32.098599796796904
445.34158926485964, 31.89872519102726
445.3290317, 31.698850585257624
445.31647413115036, 31.49897597948798
445.3039165642957, 31.299101373718344
445.2913589974411,31.09922677
445.27880143058644, 30.899352162179063
445.2662438637318, 30.69947755640942
445.25368629687716, 30.499602950639783
445.2411287300225, 30.299728344870147
445.2285711631679, 30.099853739100503
445.21601359631325, 29.899979133330866
445.2034560294586, 29.700104527561223
445.19089846260397, 29.500229921791586
445.17834089574933, 29.300355316021943
445.1657833288947, 29.100480710252306
445.15322576204005, 28.900606104482662
445.1406681951854, 28.700731498713026
445.1281106283308, 28.50085689294339
445.11555306147613, 28.300982287173746
445.1029954946215, 28.10110768140411
445.09043792776686, 27.901233075634465
445.0778803609122, 27.70135846986483
445.0653227940576, 27.501483864095185
445.05276522720294, 27.30160925832555
445.0402076603483, 27.101734652555905
445.02765009349366, 26.90186004678627
445.0150925, 26.701985441016625
445.0025349597844, 26.502110835246988
444.98997739292975, 26.30223622947735
444.9774198260751, 26.102361623707708
444.96486225922047, 25.90248701793807
444.95230469236583, 25.702612412168428
444.9397471255112, 25.50273780639879
447.2587111380009, 34.697178964583124
447.24615357114624, 34.49730435881349
447.2335960042916, 34.29742975304385
447.22103843743696, 34.09755514727421
447.2084808705823, 33.89768054150457
447.1959233037277, 33.69780593573493
447.18336573687304, 33.49793132996529
447.1708081700184, 33.298056724195646
447.15825060316376, 33.09818211842601
447.1456930363091, 32.898307512656366
447.1331354694545, 32.69843290688673
447.12057790259985, 32.49855830111709
447.1080203357452, 32.29868369534745
447.09546276889057, 32.09880908957781
447.08290520203593, 31.89893448380817
447.0703476351813, 31.699059878038533
447.05779006832665, 31.49918527226889
447.0452325, 31.299310666499252
447.0326749346174, 31.09943606072961
447.02011736776274, 30.899561454959972
447.0075598009081, 30.69968684919033
446.99500223405346, 30.499812243420692
446.9824446671988, 30.299937637651055
446.9698871003442, 30.10006303188141
446.95732953348954, 29.900188426111775
446.9447719666349, 29.70031382034213
446.93221439978026, 29.500439214572495
446.9196568329256, 29.30056460880285
446.9070993, 29.100690003033215
446.89454169921635, 28.90081539726357
446.8819841323617, 28.700940791493935
446.86942656550707, 28.501066185724298
446.85686899865243, 28.301191579954654
446.8443114317978, 28.101316974185018
446.83175386494315, 27.901442368415374
446.8191962980885, 27.701567762645738
446.8066387312339, 27.501693156876094
446.79408116437924, 27.301818551106457
446.7815235975246, 27.101943945336814
446.76896603066996, 26.902069339567177
446.7564084638153, 26.702194733797533
446.7438508969607, 26.502320128027897
446.73129333010604, 26.30244552225826
446.7187357632514, 26.102570916488617
446.70617819639676, 25.90269631071898
446.6936206295421, 25.702821704949336
446.6810630626875,25.5029471
446.66850549583296, 25.303072493410056
449.18839057799664, 37.69550734390863
449.175833, 37.495632738138994
449.16327544428736, 37.29575813236936
449.15071787743284, 37.095883526599714
449.1381603105782, 36.89600892083007
449.12560274372356, 36.69613431506043
449.1130451768689,36.49625971
449.1004876100143, 36.29638510352115
449.08793004315964, 36.09651049775151
449.0753725, 35.89663589198187
449.06281490945037, 35.69676128621224
449.0502573425957, 35.49688668044259
449.0376997757411, 35.297012074672956
449.02514220888645, 35.09713746890331
449.0125846420318, 34.897262863133676
449.0000270751772, 34.69738825736403
448.98746950832253, 34.497513651594396
448.9749119414679, 34.29763904582476
448.96235437461326, 34.097764440055116
448.9497968077586, 33.89788983428548
448.9372392, 33.698015228515835
448.92468167404934,33.49814062
448.9121241071947, 33.298266016976555
448.89956654034006, 33.09839141120692
448.8870089734854, 32.898516805437275
448.8744514066308, 32.69864219966764
448.86189383977614,32.49876759
448.8493362729215, 32.29889298812836
448.83677870606687, 32.09901838235872
448.8242211392122, 31.899143776589078
448.8116635723576, 31.69926917081944
448.79910600550295, 31.499394565049798
448.7865484386483, 31.29951995928016
448.77399087179367, 31.099645353510518
448.76143330493903, 30.89977074774088
448.7488757380844, 30.699896141971237
448.73631817122975,30.50002154
448.7237606043751, 30.300146930431964
448.7112030375205, 30.10027232466232
448.69864547066584, 29.900397718892684
448.6860879038112, 29.70052311312304
448.67353033695656, 29.500648507353404
448.6609727701019, 29.30077390158376
448.6484152032473, 29.100899295814123
448.63585763639264, 28.90102469004448
448.6233001, 28.701150084274843
448.61074250268337, 28.501275478505207
448.5981849358287, 28.301400872735563
448.5856273689741, 28.101526266965926
448.57306980211945, 27.901651661196283
448.5605122352648, 27.701777055426646
448.54795466841017, 27.501902449657003
448.53539710155553, 27.302027843887366
448.5228395347009, 27.102153238117722
448.51028196784625, 26.902278632348086
448.4977244009916, 26.702404026578442
448.4851668, 26.502529420808806
448.47260926728234, 26.30265481503917
448.4600517004277, 26.102780209269525
448.44749413357306, 25.90290560349989
448.4349365667184, 25.703030997730245
448.4223789998638, 25.50315639196061
451.2310881196844,42.49270718
451.21853055282975, 42.29283256939126
451.2059729859751, 42.092957963621615
451.19341541912047, 41.89308335785198
451.18085785226583, 41.69320875208234
451.1683002854112,41.49333415
451.15574271855655, 41.29345954054306
451.1431851517019, 41.09358493477342
451.1306275848473, 40.89371032900378
451.11807001799264, 40.693835723234145
451.1055125,40.49396112
451.09295488428336, 40.29408651169486
451.0803973174287, 40.09421190592522
451.0678397505741, 39.894337300155584
451.05528218371944, 39.69446269438594
451.0427246168648,39.49458809
451.03016705001016, 39.29471348284666
451.0176094831555, 39.094838877077024
451.0050519163009, 38.89496427130739
450.99249434944625, 38.69508966553774
450.9799367825916,38.49521506
450.96737921573697, 38.29534045399846
450.95482164888233, 38.09546584822883
450.9422640820277, 37.89559124245918
450.92970651517305, 37.69571663668954
450.9171489483184,37.49584203
450.9045913814638, 37.295967425150266
450.89203381460925, 37.09609281938063
450.8794762477546, 36.896218213610986
450.86691868089997, 36.69634360784134
450.85436111404533, 36.496469002071706
450.8418035471907, 36.29659439630207
450.82924598033605, 36.096719790532426
450.8166884134814, 35.89684518476278
450.8041308466268, 35.696970578993145
450.79157327977214, 35.49709597322351
450.7790157129175, 35.29722136745387
450.76645814606286, 35.09734676168423
450.7539005792082, 34.897472155914585
450.7413430123536, 34.69759755014494
450.72878544549894, 34.497722944375305
450.7162278786443, 34.29784833860567
450.70367031178966, 34.097973732836024
450.6911127, 33.89809912706639
450.6785551780804, 33.698224521296744
450.66599761122575, 33.49834991552711
450.6534400443711, 33.298475309757464
450.64088247751647, 33.09860070398783
450.62832491066183, 32.898726098218184
450.6157673438072, 32.69885149244855
450.60320977695255, 32.49897688667891
450.5906522100979, 32.29910228090927
450.5780946432433, 32.09922767513963
450.56553707638864, 31.899353069369987
450.5529795, 31.69947846360035
450.54042194267936, 31.499603857830706
450.5278643758247, 31.29972925206107
450.5153068089701, 31.099854646291426
450.50274924211544, 30.89998004052179
450.4901916752608, 30.700105434752146
450.47763410840616, 30.50023082898251
450.4650765415515, 30.300356223212873
450.4525189746969, 30.10048161744323
450.43996140784225, 29.900607011673593
450.4274038409876, 29.70073240590395
450.41484627413297, 29.500857800134312
450.40228870727833, 29.30098319436467
450.3897311404237, 29.101108588595032
450.37717357356905, 28.90123398282539
450.3646160067144, 28.701359377055752
450.3520584398598, 28.501484771286115
450.33950087300514, 28.301610165516472
450.3269433061505, 28.101735559746835
450.31438573929586, 27.90186095397719
450.3018281724412, 27.701986348207555
450.2892706055866, 27.50211174243791
450.27671303873194, 27.302237136668275
450.2641554718773, 27.10236253089863
450.25159790502266, 26.902487925128995
452.9724040568607, 42.49291646794181
452.95984649000604, 42.29304186217217
452.9472889231514, 42.09316725640252
452.93473135629677, 41.89329265063289
452.9221737894421, 41.69341804486325
452.9096162225875, 41.49354343909361
452.89705865573285, 41.29366883332397
452.8845010888782, 41.093794227554326
452.87194352202357, 40.89391962178469
452.85938595516893, 40.69404501601505
452.8468283883143, 40.49417041024541
452.83427082145965, 40.294295804475766
452.8217133, 40.09442119870613
452.8091556877504, 39.89454659293649
452.79659812089574, 39.69467198716685
452.7840405540411, 39.494797381397206
452.77148298718646, 39.29492277562757
452.7589254203318, 39.09504816985793
452.7463678534772, 38.895173564088296
452.73381028662254, 38.69529895831865
452.7212527197679, 38.49542435254901
452.70869515291326, 38.29554974677937
452.6961375860586, 38.095675141009735
452.68358, 37.89580053524009
452.67102245234935, 37.69592592947045
452.6584648854947, 37.49605132370081
452.64590731864007, 37.296176717931175
452.63334975178554, 37.09630211216154
452.6207921849309, 36.896427506391895
452.60823461807627, 36.69655290062225
452.5956770512216, 36.496678294852614
452.5831195, 36.29680368908298
452.57056191751235, 36.096929083313334
452.5580043506577, 35.89705447754369
452.5454467838031, 35.697179871774054
452.53288921694843, 35.49730526600442
452.5203316500938, 35.29743066023478
452.50777408323916, 35.09755605446514
452.4952165163845,34.89768145
452.4826589495299, 34.69780684292586
452.47010138267524, 34.49793223715622
452.4575438158206, 34.298057631386584
452.44498624896596, 34.09818302561694
452.4324286821113, 33.898308419847304
452.4198711152567, 33.69843381407766
452.40731354840204, 33.49855920830802
452.3947559815474, 33.29868460253838
452.38219841469277, 33.09880999676874
452.3696408478381,32.89893539
452.3570832809835, 32.69906078522946
452.34452571412885, 32.49918617945983
452.3319681472742, 32.29931157369018
452.31941058041957, 32.099436967920546
452.30685301356493, 31.899562362150903
452.2942954467103, 31.699687756381266
454.70116242718245, 42.29325115495308
454.6886048603278, 42.09337654918344
454.6760472934732, 41.893501943413796
454.66348972661854, 41.69362733764416
454.6509321597639, 41.49375273187452
454.63837459290926, 41.293878126104886
454.6258170260546, 41.09400352033524
454.6132595,40.89412891
454.60070189234534, 40.69425430879596
454.5881443254907, 40.494379703026326
454.57558675863606, 40.29450509725668
454.5630291917814, 40.09463049148704
454.5504716249268,39.89475589
454.53791405807215, 39.694881279947765
454.5253564912175, 39.49500667417812
454.51279892436287, 39.295132068408485
454.50024135750823, 39.09525746263884
454.4876837906536, 38.895382856869205
454.47512622379895, 38.69550825109957
454.4625686569443, 38.495633645329924
454.4500110900897, 38.29575903956028
454.43745352323504, 38.095884433790644
454.4248959563804, 37.89600982802101
454.41233838952576, 37.696135222251364
454.3997808226711, 37.49626061648172
454.3872232558165, 37.296386010712084
454.37466568896195, 37.09651140494245
454.3621081221073, 36.89663679917281
454.3495505552527, 36.69676219340317
454.33699298839804, 36.49688758763352
454.3244354215434, 36.29701298186389
454.31187785468876, 36.09713837609425
454.2993202878341, 35.89726377032461
454.2867627209795, 35.69738916455496
454.27420515412484, 35.497514558785326
454.2616475872702, 35.29763995301569
454.24909002041557, 35.09776534724605
454.2365324535609, 34.89789074147641
454.2239748867063, 34.698016135706766
454.21141731985165, 34.49814152993713
454.1988598, 34.29826692416749
454.18630218614237, 34.09839231839785
454.17374461928773, 33.89851771262821
454.1611870524331, 33.69864310685857
454.14862948557845, 33.49876850108893
454.1360719187238, 33.29889389531929
454.1235143518692, 33.09901928954965
454.11095678501454, 32.89914468378001
454.0983992181599, 32.69927007801037
454.08584165130526, 32.499395472240735
454.0732840844506, 32.29952086647109
454.0607265, 32.099646260701455
454.04816895074134, 31.89977165493181
454.0356113838867, 31.699897049162175
454.02305381703206, 31.50002244339253
454.0104962501774, 31.300147837622895
453.9979386833228, 31.10027323185325
453.98538111646815, 30.900398626083614
456.0406362250104, 35.897473063105515
456.0280786581558, 35.69759845733587
456.01552109130114, 35.497723851566235
456.0029635244465,35.29784925
455.99040595759186, 35.09797464002696
455.9778483907372, 34.89810003425732
455.9652908238826, 34.698225428487675
455.95273325702794, 34.49835082271804
455.9401756901733,34.29847622
455.92761812331867, 34.09860161117876
455.9150606, 33.89872700540912
455.9025029896094, 33.69885239963948
455.88994542275475, 33.49897779386984
455.8773878559001,33.29910319
455.86483028904547, 33.09922858233056
455.85227272219083, 32.89935397656092
455.8397151553362, 32.69947937079128
455.82715758848155, 32.499604765021644
455.8146000216269,32.29973016
455.8020424547723, 32.099855553482364
455.78948488791764, 31.89998094771272
455.7769273, 31.700106341943084
455.76436975420836, 31.50023173617344
455.7518121873537, 31.300357130403803
455.7392546204991, 31.10048252463416
455.72669705364444, 30.900607918864523
455.7141394867898, 30.70073331309488
455.70158191993517, 30.500858707325243
455.6890243530805, 30.300984101555606
455.6764667862259, 30.101109495785963
455.66390921937125, 29.901234890016326
455.6513516525166, 29.701360284246682
455.63879408566197, 29.501485678477046
455.62623651880733, 29.301611072707402
455.6136789519527, 29.101736466937766
457.73172189476816, 35.09818393280787
457.7191643279135, 34.898309327038234
457.7066067610589, 34.69843472126859
457.69404919420424, 34.498560115498954
457.6814916273496, 34.29868550972932
457.66893406049496, 34.098810903959674
457.6563764936403, 33.89893629819004
457.6438189267857, 33.69906169242039
457.63126135993105, 33.49918708665076
457.6187037930764, 33.29931248088111
457.60614622622177, 33.09943787511148
457.59358865936713, 32.89956326934183
457.5810310925125, 32.699688663572196
457.56847352565785, 32.49981405780256
457.5559159588032, 32.299939452032916
457.5433583919486, 32.10006484626328
457.53080082509393, 31.900190240493636
457.5182432582393,31.70031563
457.50568569138466, 31.500441028954356
457.4931281, 31.30056642318472
457.4805705576754, 31.100691817415075
457.46801299082074, 30.90081721164544
457.4554554239661, 30.700942605875795
457.44289785711146, 30.50106800010616
457.4303402902568, 30.301193394336522
457.4177827234022, 30.10131878856688
457.40522515654754, 29.901444182797242
457.3926675896929,29.70156958
457.38011002283827, 29.50169497125796
457.3675524559836, 29.301820365488318
457.3549949, 29.10194575971868
457.34243732227435, 28.902071153949038
459.47303783194457, 35.09839322558878
459.4604802650899, 34.89851861981914
459.4479226982353,34.69864401
459.43536513138065, 34.49876940827986
459.4228076, 34.298894802510226
459.4102499976714, 34.09902019674058
459.39769243081673, 33.899145590970946
459.3851348639621,33.69927099
459.37257729710745, 33.499396379431666
459.3600197302528, 33.29952177366202
459.3474621633982, 33.099647167892385
459.33490459654354, 32.89977256212274
459.3223470296889, 32.699897956353105
459.30978946283426, 32.50002335058347
459.2972318959796, 32.300148744813825
459.2846743, 32.10027413904419
459.27211676227034, 31.900399533274545
459.2595591954157, 31.700524927504908
459.24700162856107, 31.500650321735264
459.2344440617064, 31.300775715965628
459.2218864948518, 31.100901110195984
459.20932892799715, 30.901026504426348
459.1967713611425, 30.701151898656704
459.18421379428787, 30.501277292887067
459.17165622743323, 30.30140268711743
459.1590986605786, 30.101528081347787
459.14654109372395, 29.90165347557815
459.1339835268693, 29.701778869808507
459.1214259600147, 29.50190426403887
459.10886839316004, 29.302029658269227
459.0963108263054, 29.10215505249959
459.08375325945076, 28.902280446729947
459.0711956925961, 28.70240584096031
461.2269113359755, 35.29847712413933
461.21435376912086, 35.09860251836969
461.2017962022662, 34.89872791260005
461.1892386354116, 34.69885330683041
461.17668106855695, 34.49897870106077
461.1641235017023, 34.299104095291135
461.15156593484767, 34.09922948952149
461.13900836799303, 33.899354883751855
461.1264508011384, 33.69948027798221
461.11389323428375, 33.499605672212574
461.1013356674291, 33.29973106644293
461.0887781005745, 33.099856460673294
461.07622053371983, 32.89998185490365
461.0636629668652, 32.700107249134014
461.05110540001056, 32.50023264336438
461.0385478331559, 32.300358037594734
461.0259902663013,32.10048343
461.01343269944664, 31.900608826055453
461.0008751, 31.700734220285817
460.98831756573736, 31.500859614516173
460.9757599988827, 31.300985008746537
460.9632024320281, 31.101110402976893
460.95064486517344, 30.901235797207256
460.9380872983188, 30.701361191437613
460.92552973146417, 30.501486585667976
460.9129721646095, 30.30161197989834
460.9004145977549, 30.101737374128696
460.88785703090025, 29.90186276835906
460.8752994640456, 29.701988162589416
460.8627419, 29.50211355681978
460.85018433033633, 29.302238951050136
460.8376267634817,29.10236435
460.82506919662706, 28.902489739510855
460.8125116297724, 28.70261513374122
460.7999540629178, 28.502740527971582
460.78739649606314, 28.30286592220194
463.2068210433898,39.09630393
463.1942634765352, 38.89642932077376
463.18170590968055, 38.69655471500412
463.1691483428259, 38.496680109234475
463.15659077597127, 38.29680550346484
463.1440332091166,38.0969309
463.1314756, 37.89705629192556
463.11891807540735, 37.697181686155915
463.1063605085527, 37.49730708038628
463.0938029416981, 37.29743247461664
463.08124537484355, 37.097557868847005
463.0686878079889, 36.89768326307736
463.05613024113427, 36.69780865730772
463.04357267427963, 36.49793405153808
463.0310151, 36.298059445768445
463.01845754057035,36.09818484
463.0058999737157, 35.89831023422916
462.9933424068611, 35.69843562845952
462.98078484000644, 35.498561022689884
462.9682272731518, 35.29868641692025
462.95566970629716, 35.098811811150604
462.9431121394425, 34.89893720538096
462.9305545725879, 34.69906259961132
462.91799700573324, 34.49918799384168
462.9054394388786, 34.29931338807204
462.89288187202396,34.09943878
462.8803243051693, 33.89956417653276
462.8677667383147, 33.69968957076312
462.85520917146005, 33.49981496499348
462.8426516046054, 33.29994035922384
462.83009403775077,33.10006575
462.81753647089613, 32.90019114768456
462.8049789040415, 32.70031654191492
462.79242133718685, 32.500441936145286
462.7798637703322, 32.30056733037564
462.7673062034776, 32.100692724606006
462.75474863662294, 31.900818118836362
462.7421910697683, 31.700943513066726
462.72963350291366, 31.501068907297082
462.7170759, 31.301194301527445
462.7045183692044,31.1013197
462.69196080234974, 30.901445089988165
462.6794032354951, 30.70157048421852
462.66684566864046, 30.501695878448885
462.6542881017858, 30.30182127267925
462.6417305349312, 30.101946666909605
462.62917296807655, 29.902072061139968
462.6166154012219, 29.702197455370325
462.60405783436727, 29.502322849600688
462.59150026751263, 29.302448243831044
462.5789427, 29.102573638061408
462.56638513380335, 28.902699032291764
462.5538275669487, 28.702824426522128
462.5412700000941, 28.50294982075249
462.52871243323943, 28.303075214982847
465.0737126491126,41.09525928
465.0611551, 40.895384671251065
465.04859751540334, 40.69551006548143
465.0360399485487, 40.495635459711785
465.02348238169407, 40.29576085394214
465.0109248148394, 40.095886248172505
464.9983672479848, 39.89601164240287
464.98580968113015, 39.696137036633225
464.9732521142755, 39.49626243086358
464.96069454742087, 39.296387825093944
464.94813698056623, 39.09651321932431
464.9355794137116, 38.89663861355467
464.92302184685695, 38.69676400778503
464.9104642800023, 38.496889402015384
464.8979067131477, 38.29701479624575
464.88534914629304, 38.09714019047611
464.8727915794384, 37.89726558470647
464.86023401258376, 37.697390978936824
464.8476764457291, 37.49751637316719
464.8351188788745, 37.29764176739755
464.82256131201996, 37.097767161627914
464.8100037451653, 36.89789255585827
464.7974461783107, 36.69801795008863
464.78488861145604, 36.49814334431899
464.7723310446014, 36.29826873854935
464.75977347774676, 36.09839413277971
464.7472159108921, 35.898519527010066
464.7346583440375, 35.69864492124043
464.72210077718285, 35.49877031547079
464.7095432103282, 35.298895709701156
464.69698564347357, 35.09902110393151
464.68442807661893, 34.899146498161876
464.6718705097643, 34.69927189239223
464.65931294290965, 34.499397286622596
464.6467554, 34.29952268085296
464.6341978092004, 34.099648075083316
464.62164024234573, 33.89977346931368
466.8150285862889, 41.09546856980162
466.8024710194343, 40.895593964031974
466.78991345257964, 40.69571935826234
466.7773559,40.49584475
466.76479831887036, 40.29597014672306
466.7522407520157, 40.096095540953414
466.7396831851611, 39.89622093518378
466.72712561830645, 39.69634632941414
466.7145680514518,39.49647172
466.70201048459717, 39.29659711787486
466.6894529177425, 39.09672251210522
466.6768953508879, 38.89684790633558
466.66433778403325, 38.69697330056594
466.6517802171786,38.49709869
466.6392227, 38.297224089026656
466.62666508346933, 38.09734948325702
466.6141075166147, 37.89747487748738
466.60154994976006, 37.69760027171774
466.5889923829054, 37.497725665948096
466.5764348160508, 37.29785106017846
466.56387724919625, 37.09797645440882
466.5513196823416, 36.898101848639186
466.5387621, 36.69822724286954
466.52620454863234,36.49835264
466.5136469817777, 36.29847803133026
466.50108941492306, 36.098603425560626
466.4885318480684, 35.89872881979098
466.4759742812138, 35.69885421402134
466.46341671435914,35.49897961
466.4508591475045, 35.299105002482065
466.43830158064986, 35.09923039671243
466.4257440137952, 34.899355790942785
466.4131864469406, 34.69948118517314
466.40062888008595, 34.499606579403505
466.3880713132313, 34.29973197363387
466.37551374637667, 34.099857367864224
466.36295617952203, 33.89998276209459
468.5563445234653, 41.09567786258253
468.5437869566107, 40.89580325681288
468.53122938975605, 40.695928651043246
468.5186718229014, 40.49605404527361
468.50611425604677, 40.296179439503966
468.49355668919213, 40.09630483373432
468.4809991223375, 39.896430227964686
468.46844155548285, 39.69655562219505
468.4558839886282, 39.496681016425406
468.4433264217736, 39.29680641065577
468.43076885491894, 39.096931804886125
468.4182112880643, 38.89705719911649
468.40565372120966, 38.69718259334685
468.3930962, 38.49730798757721
468.3805385875004, 38.297433381807565
468.36798102064574, 38.09755877603793
468.3554234537911, 37.89768417026829
468.34286588693647, 37.69780956449865
468.3303083200818, 37.497934958729005
468.3177507532272, 37.29806035295937
468.30519318637266, 37.09818574718973
468.2926356, 36.898311141420095
468.2800780526634, 36.69843653565045
468.26752048580875, 36.49856192988081
468.2549629189541, 36.29868732411117
468.24240535209947, 36.098812718341534
468.22984778524483, 35.89893811257189
468.2172902183902, 35.69906350680225
468.20473265153555, 35.49918890103261
468.1921750846809, 35.299314295262974
468.1796175178263, 35.09943968949334
468.16705995097163, 34.899565083723694
468.1545024, 34.69969047795405
468.14194481726236, 34.49981587218441
468.1293872504077, 34.29994126641478
468.1168296835531, 34.10006666064513
468.10427211669844,33.90019205
468.0917145498438, 33.70031744910585
468.07915698298916, 33.50044284333622
468.0665994161345, 33.30056823756657
468.0540418492799, 33.100693631796936
468.04148428242524, 32.90081902602729
468.0289267155706, 32.700944420257656
468.01636914871597, 32.50106981448802
468.0038115818613, 32.301195208718376
467.9912540150067, 32.10132060294874
467.97869644815205, 31.901445997179096
467.9661388812974, 31.70157139140946
467.9535813144428, 31.501696785639815
467.94102374758813, 31.30182217987018
467.9284661807335, 31.101947574100535
467.91590861387886,30.90207297
467.9033510470242, 30.702198362561255
467.8907934801696, 30.50232375679162
467.87823591331494, 30.302449151021982
467.8656783464603, 30.102574545252338
467.85312077960566,29.90269994
467.8405632, 29.702825333713058
467.8280056458964, 29.50295072794342
467.81544807904174, 29.303076122173778
470.08418182411276, 37.698018857279564
470.0716242572581, 37.49814425150992
470.0590666904035, 37.298269645740284
470.04650912354896, 37.09839503997064
470.0339515566943, 36.898520434201004
470.0213939898397, 36.69864582843137
470.00883642298504, 36.49877122266172
469.9962788561304, 36.29889661689208
469.98372128927576, 36.09902201112244
469.9711637224211, 35.89914740535281
469.9586061555665, 35.69927279958316
469.94604858871185, 35.49939819381352
469.9334910218572, 35.29952358804388
469.92093345500257, 35.099648982274246
469.90837588814793,34.89977438
469.8958183212933, 34.69989977073496
469.88326075443865, 34.50002516496532
469.8707032, 34.300150559195686
469.8581456207294, 34.10027595342604
469.84558805387474, 33.900401347656405
469.8330304870201, 33.70052674188676
469.82047292016546, 33.500652136117125
469.8079153533108, 33.30077753034748
469.7953577864562, 33.100902924577845
469.78280021960154,32.90102832
469.7702426527469, 32.701153713038565
469.75768508589226, 32.50127910726893
469.7451275190376, 32.301404501499285
469.73257, 32.10152989572965
469.72001238532835, 31.901655289960004
469.7074548184737, 31.701780684190368
469.69489725161907, 31.501906078420724
469.68233968476443, 31.302031472651088
469.6697821179098, 31.102156866881444
469.65722455105515, 30.902282261111807
469.6446669842005, 30.702407655342164
469.6321094173459, 30.502533049572527
469.61955185049123, 30.30265844380289
469.6069942836366, 30.102783838033247
469.59443671678196, 29.90290923226361
469.5818791499273, 29.703034626493967
469.5693215830727, 29.50316002072433
469.55676401621804, 29.303285414954686
469.5442064493634, 29.10341080918505
469.53164888250876, 28.903536203415406
469.5190913156541, 28.70366159764577
469.5065337487995, 28.503786991876133
469.49397618194484, 28.30391238610649
469.4814186150902, 28.104037780336853
469.46886104823557, 27.90416317456721
469.4563034813809, 27.704288568797573
469.4437459145263, 27.50441396302793
469.43118834767165, 27.304539357258292
469.4186308, 27.10466475148865
471.58690399105103, 33.90061064043732
471.5743464241964, 33.70073603466768
471.56178885734175, 33.50086142889804
471.5492312904871,33.30098682
471.5366737236325, 33.10111221735876
471.52411615677784, 32.90123761158912
471.5115585899232, 32.70136300581948
471.49900102306856, 32.501488400049844
471.4864434562139,32.30161379
471.4738858893593, 32.101739188510564
471.46132832250464, 31.90186458274092
471.4487708, 31.701989976971284
471.43621318879536, 31.50211537120164
471.4236556219407, 31.302240765432003
471.4110980550861, 31.10236615966236
471.39854048823145, 30.902491553892723
471.3859829213768, 30.70261694812308
471.37342535452217, 30.502742342353443
471.36086778766753, 30.302867736583806
471.3483102208129, 30.102993130814163
471.33575265395825, 29.903118525044526
471.3231950871036, 29.703243919274883
471.3106375, 29.503369313505246
471.29807995339434, 29.303494707735602
471.2855223865397, 29.103620101965966
471.27296481968506, 28.903745496196322
471.2604072528304, 28.703870890426685
471.2478496859758, 28.50399628465705
471.23529211912114, 28.304121678887405
471.2227345522665, 28.10424707311777
471.21017698541186, 27.904372467348125
471.1976194185572, 27.70449786157849
471.1850618517026, 27.504623255808845
471.17250428484795, 27.30474865003921
471.1599467179933, 27.104874044269565
473.32821992822744, 33.90081993321823
473.3156623613728, 33.700945327448586
473.30310479451816, 33.50107072167895
473.2905472276635, 33.301196115909306
473.2779896608089, 33.10132151013967
473.26543209395425, 32.901446904370026
473.2528745270996, 32.70157229860039
473.24031696024497, 32.50169769283075
473.22775939339033, 32.30182308706111
473.2152018265357, 32.10194848129147
473.20264425968105, 31.90207387552183
473.1900866928264, 31.702199269752192
473.1775291259718, 31.50232466398255
473.16497155911713, 31.302450058212912
473.1524139922625, 31.10257545244327
473.13985642540786, 30.902700846673632
473.1272988585532, 30.70282624090399
473.1147412916986, 30.50295163513435
473.10218372484394, 30.303077029364715
473.0896261579893, 30.10320242359507
473.07706859113466, 29.903327817825435
473.064511, 29.70345321205579
473.0519534574254, 29.503578606286155
473.03939589057074, 29.30370400051651
473.0268383237161, 29.103829394746874
473.01428075686147, 28.90395478897723
473.0017231900068, 28.704080183207594
472.9891656231522, 28.504205577437958
472.97660805629755, 28.304330971668314
472.9640504894429, 28.104456365898677
472.9514929225883, 27.904581760129034
472.93893535573363, 27.704707154359397
475.06953586540374, 33.90102922599914
475.0569782985491, 33.701154620229495
475.04442073169446, 33.50128001445986
475.0318631648398, 33.301405408690215
475.0193055979852, 33.10153080292058
475.00674803113054, 32.901656197150935
474.9941904642759,32.70178159
474.98163289742126, 32.50190698561166
474.9690753305666, 32.30203237984202
474.9565178, 32.10215777407238
474.94396019685735, 31.902283168302738
474.9314026300027,31.70240856
474.91884506314807, 31.502533956763457
474.90628749629343, 31.30265935099382
474.8937299294388, 31.102784745224177
474.88117236258415, 30.90291013945454
474.8686147957295, 30.703035533684897
474.8560572288749, 30.50316092791526
474.84349966202024, 30.303286322145624
474.8309420951656, 30.10341171637598
474.81838452831096, 29.903537110606344
474.8058269614563,29.7036625
474.7932693946017, 29.503787899067063
474.78071182774704, 29.30391329329742
476.81085180258003, 33.90123851878005
476.7982942357254, 33.701363913010404
476.78573666887075, 33.50148930724077
476.7731791020161, 33.301614701471124
476.7606215351615, 33.10174009570149
476.74806396830684, 32.90186548993184
476.7355064014522, 32.70199088416221
476.72294883459756, 32.50211627839257
476.7103912677429, 32.30224167262293
476.6978337008883, 32.10236706685329
476.68527613403364, 31.902492461083646
476.6727186, 31.70261785531401
476.66016100032436, 31.502743249544366
476.6476034334697, 31.30286864377473
476.6350458666151, 31.102994038005086
476.62248829976045, 30.90311943223545
476.6099307329058, 30.703244826465806
476.59737316605117, 30.50337022069617
476.58481559919653, 30.303495614926533
476.5722580323419, 30.10362100915689
478.602398, 34.70094623463952
478.58984044032036, 34.50107162886988
478.5772828734657, 34.301197023100244
478.5647253066111,34.10132242
478.55216773975644, 33.90144781156096
478.5396101729018, 33.70157320579132
478.52705260604716, 33.50169860002168
478.5144950391925, 33.30182399425204
478.5019374723379,33.10194939
478.48937990548325, 32.90207478271276
478.4768223386286, 32.70220017694312
478.46426477177397, 32.502325571173486
478.45170720491933, 32.30245096540384
478.4391496380647, 32.102576359634206
478.42659207121005, 31.902701753864562
478.4140345043554, 31.702827148094926
478.4014769375008, 31.502952542325282
478.38891937064614, 31.303077936555646
478.3763618037915, 31.103203330786002
478.36380423693686, 30.903328725016365
478.3512466700822, 30.70345411924672
478.3386891032276, 30.503579513477085
478.32613153637294, 30.30370490770745
480.35627151120593, 34.90103013319007
480.3437139443513, 34.701155527420426
480.33115637749665, 34.50128092165079
480.3185988, 34.30140631588115
480.3060412437874, 34.10153171011151
480.29348367693274, 33.90165710434187
480.2809261100781, 33.70178249857223
480.26836854322346, 33.50190789280259
480.2558109763688, 33.30203328703295
480.2432534095142, 33.10215868126331
480.23069584265954, 32.90228407549367
480.2181382758049, 32.70240946972403
480.20558070895027, 32.502534863954395
480.1930231420956, 32.30266025818475
480.1804656, 32.102785652415115
480.16790800838635, 31.90291104664547
480.1553504415317, 31.703036440875835
480.14279287467707, 31.50316183510619
480.13023530782243, 31.303287229336554
480.1176777409678, 31.10341262356691
480.10512017411315, 30.903538017797274
480.0925626072585, 30.70366341202763
480.0800050404039, 30.503788806257994
480.06744747354924, 30.303914200488357
482.110145, 35.10111403174062
482.09758744838234, 34.90123942597098
482.0850298815277, 34.701364820201334
482.07247231467306,34.50149021
482.0599147478184, 34.30161560866206
482.0473571809638, 34.10174100289242
482.03479961410915, 33.90186639712278
482.0222420472545, 33.70199179135314
482.00968448039987,33.50211719
481.99712691354523, 33.30224257981386
481.9845693466906, 33.10236797404422
481.97201177983595, 32.90249336827458
481.9594542129813, 32.70261876250494
481.9468966461267, 32.502744156735304
481.93433907927204, 32.30286955096566
481.9217815124174, 32.10299494519602
481.90922394556276, 31.90312033942638
481.8966663787081, 31.703245733656743
481.8841088118535,31.50337113
481.87155124499884, 31.303496522117463
481.8589936781442, 31.10362191634782
481.84643611128956, 30.903747310578183
481.8338785444349, 30.70387270480854
481.8213209775803, 30.503998099038903
483.8514609524133, 35.10132332452153
483.83890338555864, 34.90144871875189
483.8263458, 34.70157411298224
485.5927768895896, 35.10153261730244
485.58021932273493,34.90165801
485.5676617558803, 34.70178340576316
487.3340928, 35.10174191008335
487.32153525991134, 34.90186730431371
487.3089776930567, 34.70199269854407
487.29642012620207, 34.50211809277443
489.0754087639423, 35.10195120286426
489.06285119708764, 34.90207659709462
489.0502936, 34.702201991324976
489.03773606337836, 34.50232738555534
489.0251784965237,34.30245278
490.84183983482785, 35.50190970718445
490.8292822679732, 35.302035101414816
490.8167247011186, 35.10216049564517
490.80416713426393, 34.902285889875536
490.7916095674093, 34.70241128410589
490.77905200055466, 34.502536678336256
490.7664944, 34.30266207256662
490.7539368668454, 34.102787466796975
490.74137929999074, 33.90291286102734
490.7288217331361, 33.703038255257695
490.71626416628146, 33.50316364948806
490.7037065994268, 33.303289043718415
490.6911490325722, 33.10341443794878
490.67859146571755, 32.903539832179135
490.6660338988629,32.70366523
490.65347633200827, 32.50379062063986
490.64091876515363, 32.30391601487022
490.6283612, 32.10404140910058
490.61580363144435, 31.904166803330938
492.58315577200426, 35.50211899996536
492.5705982051496, 35.302244394195725
492.5580406, 35.10236978842609
492.54548307144034, 34.902495182656445
492.5329255045857,34.70262058
492.52036793773107, 34.502745971117164
492.5078103708764, 34.30287136534753
492.4952528040218, 34.102996759577884
492.48269523716715, 33.90312215380825
492.4701376703125, 33.703247548038604
492.4575801034579, 33.50337294226897
492.44502253660323, 33.303498336499324
492.4324649697486, 33.10362373072969
492.41990740289395, 32.903749124960044
492.4073498360393, 32.70387451919041
492.3947922691847, 32.50399991342077
492.38223470233004, 32.30412530765113
492.3696771354754, 32.10425070188149
492.35711956862076, 31.904376096111847
492.3445620017661, 31.70450149034221
492.3320044349115, 31.504626884572566
492.31944686805684, 31.30475227880293
492.3068893012022, 31.104877673033286
492.29433173434757, 30.90500306726365
492.2817741674929, 30.705128461494006
492.2692166006383, 30.50525385572437
492.25665903378365, 30.305379249954733
492.2441015, 30.10550464418509
492.23154390007437, 29.905630038415453
492.21898633321973, 29.70575543264581
492.2064287663651, 29.505880826876172
492.19387119951045, 29.30600622110653
492.1813136326558, 29.106131615336892
492.1687560658012, 28.90625700956725
492.15619849894654, 28.706382403797612
492.1436409320919, 28.506507798027975
492.13108336523726, 28.30663319225833
492.1185257983826, 28.106758586488695
492.1059682, 27.90688398071905
492.09341066467334, 27.707009374949415
492.0808530978187, 27.50713476917977
492.06829553096406, 27.307260163410135
494.32447170918056, 35.50232829274627
494.3119141423259, 35.302453686976634
494.2993565754713,35.10257908
494.28679900861664, 34.90270447543735
494.2742414, 34.70282986966771
494.26168387490736, 34.50295526389807
494.2491263080527, 34.30308065812844
494.2365687411981, 34.10320605235879
494.22401117434345, 33.903331446589156
494.2114536074888, 33.70345684081951
494.19889604063417, 33.503582235049876
494.18633847377953, 33.30370762928023
494.1737809069249, 33.103833023510596
494.16122334007025, 32.90395841774095
494.1486657732156, 32.704083811971316
494.1361082, 32.50420920620168
494.12355063950633, 32.304334600432036
494.1109930726517,32.10445999
494.09843550579706, 31.904585388892755
494.0858779389424, 31.70471078312312
494.0733203720878, 31.504836177353475
494.06076280523314, 31.30496157158384
494.0482052383785, 31.105086965814195
494.03564767152386, 30.90521236004456
494.0230901046692, 30.705337754274915
494.0105325378146, 30.505463148505278
493.99797497095994, 30.30558854273564
493.9854174041053, 30.105713936965998
493.97285983725067, 29.90583933119636
493.9603023, 29.705964725426718
493.9477447035414, 29.50609011965708
493.93518713668675, 29.306215513887437
493.9226295698321,29.10634091
493.9100720029775, 28.906466302348157
493.89751443612283, 28.70659169657852
493.8849568692682, 28.506717090808884
493.87239930241356, 28.30684248503924
493.8598417355589, 28.106967879269604
493.8472841687043, 27.90709327349996
493.83472660184964, 27.707218667730324
493.822169, 27.50734406196068
493.80961146814036, 27.307469456191043
493.7970539012857,27.10759485
496.0783452132115, 35.70241219129682
496.06578764635685, 35.50253758552718
496.0532300795022, 35.30266297975754
496.0406725126476, 35.102788373987906
496.02811494579294, 34.90291376821826
496.0155573789383, 34.70303916244862
496.00299981208366, 34.50316455667898
495.9904422, 34.303289950909345
495.9778846783744,34.10341535
495.96532711151974, 33.903540739370065
495.9527695446651, 33.70366613360042
495.94021197781046, 33.503791527830785
495.9276544109558, 33.30391692206114
495.9150968441012, 33.104042316291505
495.90253927724655, 32.90416771052186
495.8899817103919, 32.704293104752225
495.87742414353727, 32.50441849898259
495.86486657668263, 32.304543893212944
495.852309, 32.10466928744331
495.83975144297335, 31.904794681673664
495.8271938761187, 31.704920075904027
495.8146363092641, 31.505045470134384
495.80207874240944, 31.305170864364747
495.7895211755548, 31.105296258595104
495.77696360870016, 30.905421652825467
495.7644060418455, 30.705547047055823
495.7518484749909, 30.505672441286187
495.73929090813624, 30.30579783551655
495.7267333412816, 30.105923229746907
495.71417577442696, 29.90604862397727
495.7016182075723, 29.706174018207626
495.6890606407177, 29.50629941243799
495.67650307386305, 29.306424806668346
495.6639455070084, 29.10655020089871
495.65138794015377, 28.906675595129066
495.63883037329913, 28.70680098935943
495.6262728064445, 28.506926383589793
495.61371523958985, 28.30705177782015
495.6011576727352, 28.107177172050513
495.5886001058806, 27.90730256628087
495.57604253902593, 27.707427960511232
495.5634849721713, 27.50755335474159
495.55092740531666, 27.307678748971952
497.9075641183704, 37.10174372446521
497.89500655151573, 36.90186911869557
497.8824489846611, 36.701994512925936
497.86989141780646, 36.50211990715629
497.8573338509518, 36.30224530138665
497.8447762840972, 36.10237069561701
497.83221871724254, 35.902496089847375
497.8196611503879, 35.70262148407773
497.80710358353326, 35.50274687830809
497.7945460166786, 35.30287227253845
497.7819884, 35.102997666768815
497.76943088296935, 34.90312306099918
497.7568733161147, 34.703248455229534
497.74431574926007,34.50337385
497.73175818240543, 34.30349924369026
497.7192006155508, 34.10362463792062
497.70664304869615, 33.90375003215098
497.6940854818415, 33.70387542638134
497.6815279149869,33.50400082
497.66897034813223, 33.30412621484206
497.6564127812776, 33.10425160907242
497.64385521442296, 32.90437700330278
497.6312976475683, 32.70450239753314
497.6187400807137, 32.504627791763504
497.60618251385904, 32.30475318599386
497.5936249470044, 32.104878580224224
497.58106738014976, 31.90500397445458
497.5685098132951, 31.705129368684943
497.5559522464405,31.50525476
497.54339467958584, 31.305380157145663
497.5308371127312, 31.10550555137602
497.51827954587657, 30.905630945606383
497.5057219790219, 30.70575633983674
497.4931644121673, 30.505881734067103
499.7618981572383, 38.90082446917288
499.74934059038367, 38.70094986340324
499.73678302352903,38.50107526
499.7242254566744, 38.301200651863965
499.71166788981975, 38.10132604609432
499.6991103229651, 37.90145144032468
499.6865527561105, 37.70157683455504
499.67399518925583, 37.501702228785405
499.6614376224012, 37.30182762301577
499.64888005554667, 37.101953017246124
499.63632248869203, 36.90207841147648
499.6237649218374, 36.702203805706844
499.61120735498275, 36.50232919993721
499.5986497881281, 36.302454594167564
499.5860922212735, 36.10257998839792
499.57353465441884, 35.902705382628284
499.5609770875642, 35.70283077685865
499.54841952070956, 35.502956171089004
499.5358619538549, 35.30308156531937
499.5233043870003, 35.10320695954972
499.51074682014564, 34.90333235378009
499.4981893, 34.70345774801044
499.48563168643636, 34.50358314224081
499.4730741195817, 34.30370853647117
501.7794805652168, 43.298275088885866
501.76692299836213, 43.09840048311622
501.7543654315075, 42.898525877346586
501.74180786465286, 42.69865127157695
501.7292502977982, 42.498776665807306
501.7166927309436, 42.29890206003766
501.70413516408894, 42.099027454268025
501.6915775972343, 41.89915284849839
501.67902003037966, 41.699278242728745
501.6664625,41.49940364
501.6539048966704, 41.299529031189465
501.64134732981574, 41.09965442541983
501.6287897629611, 40.89977981965019
501.61623219610647, 40.69990521388055
501.6036746292518, 40.500030608110904
501.5911170623972, 40.30015600234127
501.57855949554255, 40.10028139657163
501.5660019286879, 39.90040679080199
501.5534443618333, 39.700532185032344
501.54088679497863, 39.50065757926271
501.5283292, 39.30078297349307
501.51577166126935, 39.100908367723434
501.5032140944147, 38.90103376195379
501.4906565275601, 38.70115915618415
501.47809896070544, 38.50128455041451
501.4655413938508, 38.301409944644874
501.45298382699616, 38.10153533887523
501.4404262601415, 37.90166073310559
501.4278686932869, 37.70178612733595
501.41531112643224, 37.50191152156631
501.4027535595776, 37.30203691579668
501.3901959927231, 37.10216231002703
501.37763842586844, 36.90228770425739
501.3650808590138, 36.70241309848775
501.35252329215916, 36.50253849271812
501.3399657253045, 36.30266388694847
501.3274081584499, 36.10278928117883
501.31485059159525, 35.90291467540919
501.3022930247406, 35.703040069639556
501.28973545788597, 35.50316546386991
503.6338146040848, 45.09735583359354
503.6212570372302, 44.897481227823896
503.60869947037554, 44.69760662205425
503.5961419035209, 44.497732016284615
503.58358433666626, 44.29785741051498
503.5710267698116, 44.097982804745335
503.5584692, 43.89810819897569
503.54591163610235, 43.698233593206055
503.5333540692477, 43.49835898743642
503.52079650239307, 43.29848438166678
503.50823893553843, 43.09860977589714
503.4956813686838, 42.898735170127495
503.48312380182915, 42.69886056435786
503.4705662349745, 42.49898595858822
503.4580086681199, 42.29911135281858
503.44545110126523, 42.099236747048934
503.4328935344106,41.89936214
503.42033596755596, 41.69948753550966
503.4077784007013, 41.49961292974002
503.3952208338467, 41.29973832397038
503.38266326699204, 41.09986371820074
503.3701057001374,40.89998911
503.35754813328276, 40.700114506661464
503.3449905664281, 40.50023990089182
503.3324329995735, 40.30036529512218
503.31987543271885, 40.10049068935254
503.3073178658642, 39.900616083582904
503.29476029900957, 39.70074147781326
503.28220273215493, 39.500866872043616
503.2696451653003, 39.30099226627398
503.25708759844565, 39.10111766050434
503.24453, 38.90124305473471
503.2319724647364, 38.70136844896506
503.21941489788173, 38.50149384319542
503.2068573310271, 38.30161923742578
503.19429976417246, 38.101744631656146
503.1817421973178,37.90187003
503.1691846304632, 37.70199542011686
505.5886092, 48.49543342445832
505.57605161093534, 48.295558818688676
505.5634940440807, 48.09568421291904
505.55093647722606,47.89580961
505.5383789103714, 47.69593500137976
505.5258213435168, 47.496060395610115
505.51326377666214, 47.29618578984048
505.5007062098075, 47.09631118407084
505.48814864295286, 46.896436578301206
505.4755910760982, 46.69656197253156
505.4630335092436, 46.49668736676192
505.45047594238895, 46.29681276099228
505.4379183755343, 46.096938155222645
505.42536080867967,45.89706355
505.41280324182503, 45.69718894368336
505.4002456749704, 45.49731433791372
505.38768810811575, 45.297439732144085
505.3751305412611, 45.09756512637445
505.3625729744065, 44.897690520604804
505.35001540755184, 44.69781591483516
505.3374578406972, 44.497941309065524
505.32490027384256, 44.29806670329589
505.3123427069879, 44.098192097526244
505.2997851401333,43.89831749
505.28722757327864, 43.698442885986964
505.27467, 43.49856828021733
505.26211243956936, 43.29869367444769
505.2495548727147, 43.09881906867805
505.2369973058601,42.89894446
505.22443973900545, 42.69906985713877
505.2118821721508, 42.49919525136913
505.19932460529617, 42.29932064559949
505.18676703844153, 42.09944603982984
505.1742094715869, 41.899571434060206
505.16165190473225, 41.69969682829057
505.1490943378776, 41.499822222520926
505.1365368, 41.29994761675129
505.12397920416834, 41.100073010981646
505.1114216373137, 40.90019840521201
505.09886407045906, 40.70032379944237
505.0863065036044, 40.50044919367273
505.0737489367498, 40.300574587903085
505.06119136989514, 40.10069998213345
507.39271294923947, 49.49501574608743
507.3801553823848, 49.29514114031779
507.3675978155303, 49.09526653454815
507.35504024867566, 48.89539192877851
507.3424827, 48.69551732300887
507.3299251149664, 48.495642717239235
507.31736754811175, 48.29576811146959
507.3048099812571, 48.09589350569995
507.29225241440247, 47.89601889993031
507.27969484754783, 47.696144294160675
507.2671372806932, 47.49626968839103
507.25457971383855, 47.296395082621395
507.2420221469839, 47.09652047685175
507.2294645801293, 46.896645871082114
507.21690701327464, 46.69677126531248
507.2043494, 46.496896659542834
507.19179187956536, 46.29702205377319
507.1792343127107, 46.097147448003554
507.1666767458561, 45.89727284223392
507.15411917900144, 45.697398236464274
507.1415616121468, 45.49752363069463
507.12900404529216, 45.29764902492499
507.1164464784375, 45.09777441915536
507.1038889115829, 44.89789981338572
507.09133134472825, 44.69802520761608
507.0787737778736, 44.49815060184643
507.06621621101897, 44.298275996076796
507.05365864416433, 44.09840139030716
507.0411010773097, 43.898526784537516
507.02854351045505, 43.69865217876787
507.0159859436004, 43.498777572998236
507.0034283767458,43.29890297
509.22193185439824, 50.89434727925582
509.2093742875436, 50.694472673486175
509.19681672068896, 50.49459806771654
509.1842591538343,50.29472346
509.1717015869797, 50.09484885617726
509.15914402012504, 49.894974250407614
509.1465864532704, 49.69509964463798
509.13402888641576, 49.49522503886834
509.1214713195611,49.29535043
509.1089137527066, 49.09547582732906
509.09635618585196, 48.89560122155942
509.0837986189973, 48.69572661578978
509.0712410521427, 48.495852010020144
509.05868348528804,48.2959774
509.0461259184334, 48.09610279848086
509.03356835157877, 47.89622819271122
509.0210107847241, 47.696353586941584
509.0084532178695, 47.49647898117194
508.99589565101485,47.29660438
508.9833380841602, 47.09672976963266
508.97078051730557, 46.89685516386302
508.95822295045093, 46.69698055809339
508.9456653835963, 46.49710595232374
508.93310781674165,46.29723135
508.9205502, 46.09735674078446
508.9079926830324, 45.897482135014826
508.89543511617774, 45.69760752924518
508.8828775493231, 45.49773292347554
508.87031998246846,45.29785832
508.8577624156138, 45.097983711936266
508.8452048487592, 44.89810910616663
508.83264728190454, 44.698234500396985
508.8200897150499, 44.49835989462734
508.80753214819526, 44.298485288857705
508.7949745813406, 44.09861068308807
508.782417, 43.898736077318425
508.76985944763135, 43.69886147154878
508.7573018807767, 43.498986865779145
508.74474431392207, 43.29911226000951
508.73218674706743, 43.09923765423987
508.7196291802128, 42.89936304847023
508.70707161335815, 42.699488442700584
508.6945140465035, 42.49961383693095
508.6819564796489, 42.29973923116131
508.66939891279424, 42.09986462539167
508.6568413459396, 41.899990019622024
508.64428377908496, 41.70011541385239
508.6317262122303, 41.50024080808275
508.6191686453757, 41.300366202313114
508.60661107852104, 41.10049159654347
508.5940535116664, 40.90061699077383
508.58149594481176, 40.70074238500419
508.5689383779571, 40.500867779234554
508.5563808111025, 40.30099317346491
508.54382324424785, 40.101118567695266
510.96324779157453, 50.894556572036734
510.9506902247199, 50.69468196626709
510.93813265786525, 50.49480736049745
510.9255750910106, 50.29493275472781
510.9130175, 50.095058148958174
510.90045995730134, 49.89518354318853
510.8879023904467, 49.695308937418886
510.87534482359206, 49.49543433164925
510.8627872567374, 49.29555972587961
510.8502296898829, 49.09568512010998
510.83767212302826, 48.89581051434033
510.8251145561736, 48.69593590857069
510.812557, 48.49606130280105
510.79999942246434, 48.296186697031416
510.7874418556097, 48.09631209126177
510.77488428875506, 47.89643748549213
510.7623267219004, 47.69656287972249
510.7497691550458, 47.496688273952856
510.73721158819114, 47.29681366818322
510.7246540213365, 47.096939062413576
510.71209645448187, 46.89706445664393
510.6995388876272, 46.697189850874295
510.6869813207726, 46.49731524510466
510.67442375391795, 46.297440639335015
510.6618661870633, 46.09756603356537
510.64930862020867, 45.897691427795735
510.63675105335403,45.69781682
510.6241934864994, 45.497942216256455
510.61163591964475, 45.29806761048682
510.5990783527901, 45.098193004717174
510.5865207859355, 44.89831839894754
510.57396321908084,44.69844379
510.5614056522262, 44.49856918740826
510.54884808537156, 44.298694581638614
510.5362905185169, 44.09881997586898
510.5237329516623, 43.89894537009934
510.51117538480764,43.69907076
510.4986178, 43.49919615856005
510.48606025109837, 43.29932155279042
510.4735026842437, 43.09944694702078
510.4609451173891, 42.899572341251144
510.44838755053445,42.69969774
510.4358299836798, 42.49982312971186
510.42327241682517, 42.29994852394222
510.41071484997053, 42.10007391817258
510.3981572831159, 41.90019931240294
510.38559971626125, 41.700324706633296
510.3730421494066, 41.50045010086366
510.3604846, 41.30057549509402
510.34792701569734, 41.100700889324386
510.3353694488427, 40.90082628355474
510.32281188198806,40.70095168
510.3102543151334, 40.50107707201546
510.2976967482788, 40.301202466245826
510.28513918142414, 40.10132786047618
510.2725816145695, 39.90145325470654
510.26002404771486,39.70157865
510.2474664808602, 39.501704043167265
510.2349089140056, 39.30182943739763
510.22235134715095, 39.101954831627985
510.2097937802963, 38.90208022585834
510.19723621344167, 38.702205620088705
510.18467864658703, 38.50233101431907
510.1721210797324, 38.302456408549425
510.15956351287775, 38.10258180277978
510.1470059460231, 37.902707197010145
510.1344483791685, 37.70283259124051
510.12189081231384, 37.502957985470864
510.1093332454592, 37.30308337970123
510.0967756786047, 37.103208773931584
510.08421811175003, 36.90333416816195
510.0716605448954, 36.70345956239231
510.05910297804076, 36.50358495662267
510.0465454111861, 36.303710350853024
510.0339878443315, 36.10383574508339
510.02143027747684, 35.90396113931375
510.0088727106222, 35.70408653354411
509.99631514376756, 35.50421192777446
509.9837575769129, 35.30433732200483
509.9712000100583, 35.10446271623519
509.95864244320364, 34.904588110465546
509.9460849,34.7047135
509.93352730949437, 34.504838898926266
509.9209697426397, 34.30496429315663
509.9084121757851, 34.105089687386986
509.89585460893045, 33.90521508161735
509.8832970420758, 33.705340475847706
509.87073947522117, 33.50546587007807
509.85818190836653, 33.305591264308426
509.8456243415119, 33.10571665853879
509.83306677465725, 32.905842052769145
509.8205092078026, 32.70596744699951
509.8079516, 32.50609284122987
509.79539407409334, 32.30621823546023
509.7828365072387, 32.10634362969059
509.77027894038406, 31.90646902392095
509.7577213735294, 31.70659441815131
509.7451638066748, 31.506719812381668
509.73260623982014, 31.30684520661203
509.7200486729655, 31.106970600842388
512.7045637287509, 50.89476586481764
512.6920061618963,50.69489126
512.6794485950417, 50.495016653278356
512.666891, 50.29514204750872
512.6543334613324, 50.09526744173908
512.6417758944777, 49.89539283596944
512.6292183276231, 49.695518230199795
512.6166607607685, 49.49564362443016
512.6041031939138, 49.29576901866052
512.5915456270593, 49.095894412890885
512.5789880602047, 48.89601980712124
512.5664305,48.6961452
512.5538729264954, 48.49627059558196
512.5413153596407, 48.296395989812325
512.5287577927861, 48.09652138404268
512.5162002259315, 47.89664677827304
512.5036426590768,47.69677217
512.4910850922222, 47.496897566733765
512.4785275253676, 47.29702296096413
512.4659699585129, 47.097148355194484
512.4534123916583, 46.89727374942484
512.4408548248036, 46.697399143655204
512.4282973, 46.49752453788557
512.4157396910944, 46.297649932115924
512.4031821242397, 46.09777532634628
512.3906245573851, 45.897900720576644
512.3780669905304, 45.69802611480701
512.3655094236758, 45.49815150903736
512.3529518568212, 45.29827690326773
512.3403942899665, 45.09840229749808
512.3278367231119, 44.89852769172845
512.3152791562572, 44.69865308595881
512.3027215894026, 44.498778480189166
512.290164, 44.29890387441952
512.2776064556933, 44.099029268649886
512.2650488888387, 43.89915466288025
512.2524913, 43.699280057110606
512.2399337551294, 43.49940545134096
512.2273761882748, 43.299530845571326
512.2148186214201, 43.09965623980169
512.2022610545655, 42.89978163403205
512.1897034877109, 42.69990702826241
512.1771459208562, 42.500032422492765
512.1645883540016, 42.30015781672313
512.1520307871469, 42.10028321095349
512.1394732202923, 41.90040860518385
512.1269156534377, 41.700533999414205
512.1143581, 41.50065939364457
512.1018005197284, 41.30078478787493
512.0892429528737, 41.100910182105295
512.0766853860191, 40.90103557633565
512.0641278191645, 40.70116097056601
512.0515702523098, 40.50128636479637
512.0390126854552, 40.301411759026735
512.0264551186006, 40.10153715325709
512.0138975517459, 39.90166254748745
512.0013399848913, 39.70178794171781
511.98878241803664, 39.501913335948174
511.9762249, 39.30203873017854
511.96366728432736, 39.102164124408894
511.9511097174727, 38.90228951863925
511.9385521506181, 38.702414912869614
511.92599458376344, 38.50254030709998
511.9134370169088, 38.30266570133033
511.90087945005416, 38.10279109556069
511.8883218831995, 37.90291648979105
511.8757643163449, 37.70304188402142
511.86320674949025, 37.50316727825177
511.8506491826356, 37.30329267248214
511.8380916157811, 37.10341806671249
511.82553404892644, 36.903543460942856
511.8129764820718, 36.70366885517322
511.80041891521716, 36.503794249403576
511.7878613483625, 36.30391964363393
511.7753037815079, 36.104045037864296
511.76274621465325, 35.90417043209466
511.7501886477986, 35.704295826325016
511.73763108094397, 35.50442122055537
511.72507351408933, 35.304546614785735
511.7125159472347,35.10467201
511.69995838038005, 34.90479740324646
511.6874008135254, 34.70492279747682
511.6748432466708, 34.50504819170718
511.66228567981614, 34.305173585937546
511.6497281129615,34.10529898
511.63717054610686, 33.905424374398265
511.6246129792522, 33.70554976862862
511.6120554123976, 33.505675162858985
511.59949784554294, 33.30580055708934
511.5869402786883, 33.105925951319705
511.57438271183366, 32.90605134555006
511.5618251, 32.706176739780425
511.5492675781244, 32.50630213401079
511.53671001126975, 32.306427528241144
511.5241524444151, 32.10655292247151
511.51159487756047, 31.906678316701864
511.49903731070583, 31.706803710932228
511.4864797438512, 31.506929105162584
511.47392217699655, 31.307054499392947
511.4613646101419, 31.107179893623304
511.4488070432873, 30.907305287853667
511.43624947643264, 30.707430682084023
511.4236919, 30.507556076314387
511.41113434272336, 30.30768147054475
511.3985767758687, 30.107806864775107
513.8054437563408, 40.701370263346924
513.7928861894861, 40.50149565757728
513.7803286226315, 40.30162105180764
513.7677710557768, 40.10174644603801
513.7552134889222, 39.90187184026836
513.7426559220676, 39.70199723449872
513.7300983552129, 39.50212262872908
513.7175407883583, 39.302248022959446
513.7049832215037, 39.10237341718981
513.6924257, 38.902498811420166
513.6798680877944, 38.70262420565052
513.6673105209397, 38.502749599880886
513.6547529540851, 38.30287499411125
513.6421953872305, 38.103000388341606
513.6296378203758, 37.90312578257196
513.6170802535212, 37.703251176802326
513.6045226866665, 37.50337657103269
513.5919651198119, 37.30350196526305
513.5794075529574, 37.10362735949341
513.5668499861027, 36.903752753723765
513.5542924192481, 36.70387814795413
513.5417348523935, 36.50400354218449
513.5291772855388, 36.30412893641485
513.5166197186842, 36.104254330645205
513.5040621518295, 35.90437972487557
513.4915045849749, 35.70450511910593
513.4789470181203, 35.50463051333629
513.4663894512656, 35.30475590756665
513.4538319, 35.10488130179701
513.4412743175563, 34.90500669602737
513.4287167507017, 34.70513209025773
513.4161591838471, 34.50525748448809
513.4036016169924, 34.305382878718454
513.3910440501378, 34.10550827294881
513.3784864832832, 33.905633667179174
513.3659289164285, 33.70575906140953
513.3533713495739, 33.505884455639894
513.3408137827192, 33.30600984987025
513.3282562158646, 33.106135244100614
513.3156986, 32.90626063833097
513.3031410821553, 32.70638603256133
513.2905835153007,32.50651143
513.2780259, 32.30663682102205
513.2654683815914, 32.10676221525242
513.2529108147368, 31.906887609482773
513.2403532478821, 31.707013003713136
513.2277956810275, 31.507138397943493
513.2152381141728, 31.307263792173856
513.2026805473182, 31.107389186404212
513.1901229804636, 30.907514580634576
513.1775654136089, 30.707639974864932
513.1650078467543, 30.507765369095296
513.1524502798997, 30.30789076332566
513.1398927, 30.108016157556015
515.5593172603718, 40.901454161897476
515.5467596935172, 40.70157955612783
515.5342021266625, 40.50170495035819
515.5216445598079, 40.30183034458855
515.5090869929533, 40.101955738818916
515.4965294260986, 39.90208113304927
515.4839719, 39.70220652727963
515.4714142923893, 39.50233192150999
515.4588567255347, 39.302457315740355
515.4462991586801, 39.10258270997072
515.4337415918254, 38.902708104201075
515.4211840249708, 38.70283349843143
515.4086264581161, 38.502958892661795
515.3960688912615, 38.30308428689216
515.3835113244069, 38.103209681122514
515.3709537575522, 37.90333507535287
515.3583961906976, 37.703460469583234
515.3458386,37.50358586
515.3332810569883, 37.30371125804396
515.3207234901338, 37.10383665227432
515.3081659232791, 36.903962046504674
515.2956083564245, 36.70408744073504
515.2830507895699,36.50421283
515.2704932227152, 36.30433822919576
515.2579356558606, 36.10446362342611
515.2453781, 35.90458901765648
515.2328205221513, 35.70471441188684
515.2202629552967,35.50483981
515.2077054, 35.30496520034756
515.1951478215874, 35.105090594577916
515.1825902547328, 34.90521598880828
515.1700326878781, 34.705341383038636
515.1574751210235,34.50546678
515.1449175541688, 34.30559217149936
515.1323599873142, 34.10571756572972
515.1198024204596, 33.90584295996008
515.1072448536049, 33.70596835419044
515.0946872867503,33.50609375
515.0821297198956, 33.30621914265116
515.0695722, 33.10634453688152
515.0570145861864, 32.90646993111188
515.0444570193317, 32.70659532534224
515.0318994524771, 32.506720719572606
515.0193418856225, 32.30684611380296
515.0067843187678, 32.106971508033325
514.9942267519132, 31.90709690226368
514.9816691850585, 31.707222296494045
514.9691116182039,31.50734769
514.9565540513493, 31.307473084954765
514.9439964844946, 31.10759847918512
514.9314389, 30.907723873415485
514.9188813507853, 30.70784926764584
514.9063237839307, 30.507974661876204
514.8937662170761, 30.308100056106568
517.3634210318213, 41.90103648352658
517.3508634649667, 41.701161877756945
517.3383059,41.50128727
517.3257483312574, 41.301412666217665
517.3131907644027, 41.10153806044802
517.3006331975481, 40.901663454678385
517.2880756306935, 40.70178884890875
517.2755180638388, 40.501914243139105
517.2629604969842, 40.30203963736946
517.2504029301296, 40.102165031599824
517.2378453632749, 39.90229042583019
517.2252877964203, 39.702415820060544
517.2127302295656,39.50254121
517.2001727, 39.302666608521264
517.1876150958564, 39.10279200275163
517.1750575290017, 38.90291739698199
517.1624999621471, 38.70304279121235
517.1499423952924,38.50316819
517.1373848284378, 38.30329357967307
517.1248272615832, 38.10341897390343
517.1122696947285, 37.90354436813379
517.0997121278739, 37.70366976236414
517.0871545610192, 37.50379515659451
517.0745969941646, 37.30392055082487
517.0620394273101, 37.10404594505523
517.0494818604554, 36.90417133928559
517.0369242936008, 36.704296733515946
517.0243667267462, 36.50442212774631
517.0118091598915, 36.30454752197667
516.9992515930369, 36.10467291620703
516.9866940261822, 35.904798310437386
516.9741364593276, 35.70492370466775
516.9615789, 35.50504909889811
519.1172945358522, 42.10112038207713
519.1047369689976, 41.90124577630749
519.0921794, 41.701371170537854
519.0796218352883, 41.50149656476821
519.0670642684337, 41.301621958998574
519.0545067, 41.10174735322893
519.0419491347244, 40.901872747459294
519.0293915678698, 40.70199814168966
519.0168340010151, 40.50212353592001
519.0042764341605, 40.30224893015037
518.9917188673058, 40.10237432438073
518.9791613004512,39.90249972
518.9666037335966, 39.70262511284145
518.9540461667419, 39.50275050707181
518.9414885998873, 39.30287590130217
518.9289310330327, 39.103001295532536
518.9163735,38.90312669
518.9038158993234, 38.703252083993256
518.8912583324687, 38.50337747822361
518.8787007656141, 38.303502872453976
518.8661431987595, 38.10362826668434
518.8535856319048, 37.903753660914695
518.8410280650502, 37.70387905514505
518.8284704981955, 37.504004449375415
518.8159129313409, 37.30412984360578
518.8033553644864, 37.10425523783614
518.7907977976317,36.90438063
518.7782402307771, 36.704506026296855
518.7656826639225, 36.50463142052722
518.7531250970678, 36.30475681475758
518.7405675302132, 36.10488220898794
518.7280099633585, 35.905007603218294
518.7154523965039, 35.70513299744866
520.8586104730286, 42.10132967485804
520.8460529,41.90145507
520.8334953393194, 41.70158046331876
520.8209377724647, 41.501705857549126
520.8083802056101, 41.30183125177949
520.7958226387555, 41.101956646009846
520.7832650719008,40.90208204
520.7707075050462, 40.702207434470566
520.7581499381915, 40.50233282870093
520.7455923713369, 40.302458222931286
520.7330348044823, 40.10258361716164
520.7204772376276, 39.902709011392005
520.7079197, 39.70283440562237
520.6953621039183, 39.502959799852725
520.6828045370637, 39.30308519408309
520.6702469702091, 39.103210588313445
520.6576894033544, 38.90333598254381
520.6451318364998, 38.70346137677417
520.6325742696451, 38.50358677100453
520.6200167027905, 38.303712165234884
520.6074591359359, 38.10383755946525
520.5949015690812, 37.90396295369561
520.5823440022266, 37.70408834792597
520.5697864, 37.504213742156324
520.5572288685173, 37.30433913638669
520.5446713016628, 37.10446453061705
520.5321137348081, 36.904589924847414
520.5195561679535, 36.70471531907777
520.5069986010989, 36.50484071330813
520.4944410342442, 36.30496610753849
520.4818834673896, 36.105091501768854
520.4693259, 35.90521689599921
520.4567683336803, 35.70534229022957
520.4442107668257, 35.50546768445993
520.4316532, 35.30559307869029
520.4190956331164, 35.10571847292066
520.4065380662618, 34.90584386715101
520.3939804994071, 34.70596926138137
520.3814229325525, 34.50609465561173
520.3688653656978, 34.306220049842096
520.3563077988432, 34.10634544407245
520.3437502319886, 33.906470838302816
520.3311926651339, 33.70659623253317
520.3186350982793, 33.506721626763536
520.3060775314246, 33.30684702099389
520.29352, 33.106972415224256
520.2809623977154, 32.90709780945461
520.2684048308607, 32.707223203684975
520.2558472640061, 32.50734859791534
520.2432896971515, 32.307473992145695
520.2307321302968, 32.10759938637606
520.2181745634422, 31.907724780606415
520.2056169965875, 31.70785017483678
520.1930594297329, 31.507975569067135
520.1805018628783,31.30810096
520.1679442960236, 31.108226357527855
520.1553867, 30.908351751758218
520.1428291623143, 30.708477145988574
520.1302715954597, 30.508602540218938
520.1177140286051,30.30872793
520.1051564617504, 30.108853328679658
520.0925988948958, 29.90897872291002
520.0800413280411, 29.709104117140377
520.0674837611865, 29.50922951137074
520.0549261943319, 29.309354905601097
522.3613326399668, 38.30392145801579
522.3487750731122, 38.10404685224616
522.3362175062575, 37.90417224647652
522.3236599394029, 37.704297640706876
522.3111023725482, 37.50442303493723
522.2985448056936, 37.304548429167596
522.2859872388391, 37.10467382339796
522.2734296719844, 36.90479921762832
522.2608721051298, 36.70492461185868
522.2483145382752, 36.505050006089036
522.2357569714205,36.3051754
522.2231994045659, 36.10530079454976
522.2106418377113, 35.90542618878012
522.1980842708566, 35.705551583010475
522.1855267, 35.50567697724084
522.1729691371473,35.30580237
522.1604115702927, 35.105927765701566
522.147854, 34.90605315993192
522.1352964365834, 34.70617855416228
522.1227388697288, 34.50630394839264
522.1101813028741, 34.306429342623005
522.0976237360195, 34.10655473685336
522.0850661691649, 33.906680131083725
522.0725086023102, 33.70680552531408
522.0599510354556, 33.506930919544445
522.0473935,33.30705631
522.0348359017463, 33.107181708005164
522.0222783348917, 32.90730710223552
522.0097208, 32.707432496465884
521.9971632011824, 32.50755789069625
521.9846056343277, 32.307683284926604
521.9720480674731, 32.10780867915697
521.9594905006185, 31.907934073387324
521.9469329337638, 31.708059467617687
521.9343753669092, 31.508184861848044
521.9218178000546, 31.308310256078407
521.9092602331999, 31.108435650308763
521.8967026663453, 30.908561044539127
521.8841450994906, 30.708686438769483
521.8715875, 30.508811832999847
521.8590299657814, 30.30893722723021
521.8464723989267, 30.109062621460566
521.8339148320721, 29.90918801569093
521.8213572652174, 29.709313409921286
521.8087996983628, 29.50943880415165
521.7962421315082, 29.309564198382006
521.7836845646535, 29.10968959261237
521.7711269977989, 28.909814986842726
521.7585694309442, 28.70994038107309
521.7460118640896, 28.510065775303453
521.7334543, 28.31019116953381
521.7208967303803, 28.110316563764172
521.7083391635257, 27.91044195799453
521.6957816, 27.710567352224892
521.6832240298164, 27.51069274645525
521.6706664629618, 27.310818140685612
521.6581088961071, 27.110943534915968
523.9142850743236, 35.30601166425211
523.9017275, 35.106137058482474
523.8891699406144, 34.90626245271284
523.8766123737597, 34.70638784694319
523.8640548069051, 34.50651324117355
523.8514972400504, 34.306638635403914
523.8389396731958, 34.10676402963428
523.8263821063412, 33.90688942386464
523.8138245394865, 33.70701481809499
523.8012669726319, 33.50714021232535
523.7887094057772, 33.30726560655572
523.7761518389226, 33.10739100078608
523.7635943, 32.90751639501643
523.7510367052133, 32.70764178924679
523.7384791383587, 32.507767183477156
523.7259216, 32.30789257770752
523.7133640046494, 32.10801797193788
523.7008064377948, 31.908143366168233
523.6882488709401, 31.708268760398596
523.6756913040855, 31.50839415462896
523.6631337372309, 31.308519548859323
523.6505761703762, 31.108644943089672
523.6380186035216, 30.908770337320036
523.6254610366669,30.70889573
523.6129034698123, 30.509021125780762
523.6003459029577, 30.309146520011126
523.5877883, 30.109271914241475
523.5752307692484, 29.90939730847184
523.5626732023937, 29.709522702702202
523.5501156355391, 29.509648096932565
523.5375580686845, 29.309773491162915
523.5250005018298, 29.109898885393278
523.5124429349752, 28.91002427962364
523.4998853681205, 28.710149673854005
523.4873278012659, 28.51027506808437
523.4747702344113, 28.310400462314718
523.4622126675566, 28.11052585654508
523.4496551, 27.910651250775445
523.4370975338473, 27.710776645005808
523.4245399669927, 27.510902039236157
523.4119824001381, 27.31102743346652
523.3994248332834, 27.111152827696884
523.3868672664288, 26.911278221927248
523.3743096995742, 26.711403616157597
523.3617521327195, 26.51152901038796
523.3491945658649, 26.311654404618324
523.3366369990102, 26.111779798848687
523.3240794321556, 25.91190519307905
523.3115219,25.71203059
523.2989642984463, 25.512155981539763
523.2864067315918, 25.312281375770127
523.2738491647372, 25.11240677000049
523.2612915978825, 24.91253216423084
523.2487340310279, 24.712657558461203
523.2361764641732, 24.512782952691566
523.2236188973186, 24.31290834692193
523.2110613, 24.113033741152293
523.1985037636093, 23.913159135382642
523.1859461967547, 23.713284529613006
523.1733886, 23.51340992384337
523.1608310630454, 23.313535318073733
523.1482734961908, 23.113660712304082
523.1357159293361, 22.913786106534445
523.1231583624815, 22.71391150076481
523.1106007956269, 22.514036894995172
523.0980432287722, 22.314162289225536
523.0854856619176, 22.114287683455885
523.0729280950629, 21.91441307768625
523.0603705282083, 21.71453847191661
523.0478129613537, 21.514663866146975
523.0352554, 21.314789260377324
523.0226978276444, 21.114914654607688
523.0101402607897, 20.91504004883805
522.9975826939351, 20.715165443068415
522.9724675602258, 20.315416231529127
522.9599099933712, 20.11554162575949
522.9473524265165, 19.915667019989854
522.9347948596619, 19.715792414220218
522.9222372928073, 19.515917808450567
522.9096797259526, 19.31604320268093
522.8971222, 19.116168596911294
522.8845645922434, 18.916293991141657
525.3542194069887, 30.50923041856167
525.3416618401341, 30.309355812792035
525.3291042732794, 30.10948120702239
525.3165467064248, 29.909606601252754
525.3039891395701, 29.70973199548311
525.2914315727155, 29.509857389713474
525.2788740058609, 29.30998278394383
525.2663164390062, 29.110108178174194
525.2537588721516, 28.91023357240455
525.2412013, 28.710358966634914
525.2286437384423, 28.510484360865277
525.2160861715877, 28.310609755095633
525.2035286, 28.110735149325997
525.1909710378784, 27.910860543556353
525.1784134710238, 27.710985937786717
525.1658559041691, 27.511111332017073
525.1532983373145, 27.311236726247436
525.1407407704598, 27.111362120477793
525.1281832036052, 26.911487514708156
525.1156256367506, 26.711612908938513
525.1030680698959, 26.511738303168876
525.0905105030413, 26.31186369739924
525.0779529361866, 26.111989091629596
525.0653954, 25.91211448585996
525.0528378024774, 25.712239880090316
525.0402802356227, 25.51236527432068
525.0277226687681, 25.312490668551035
525.0151651019136,25.11261606
525.0026075350589, 24.912741457011755
524.9900499682043, 24.71286685124212
524.9774924013497, 24.512992245472482
524.9649348, 24.31311763970284
524.9523772676404, 24.113243033933202
524.9398197007857, 23.913368428163558
524.9272621339311, 23.71349382239392
524.9147045670765, 23.513619216624278
524.9021470002218, 23.31374461085464
524.8895894333672, 23.113870005084998
524.8770318665125, 22.91399539931536
524.8644742996579, 22.714120793545717
524.8519167328033, 22.51424618777608
524.8393591659486, 22.314371582006444
524.8268016,22.11449698
524.8142440322393, 21.914622370467164
524.8016864653847, 21.71474776469752
524.7891288985301, 21.514873158927884
524.7765713316754, 21.31499855315824
524.7640137648208, 21.115123947388604
524.7514561979661, 20.91524934161896
524.7388986311115, 20.715374735849323
524.7263410642569, 20.515500130079687
524.7137834974022, 20.315625524310043
524.7012259305476, 20.115750918540407
524.6886684, 19.915876312770763
524.6761107968383, 19.716001707001126
524.6635532299837, 19.516127101231483
524.6509957, 19.316252495461846
524.6384380962744, 19.116377889692203
524.6258805294198, 18.916503283922566
524.6133229625651, 18.71662867815293
524.6007653957105, 18.516754072383286
524.5882078288558, 18.31687946661365
524.5756502620012, 18.117004860844006
524.5630926951466, 17.91713025507437
524.5505351282919, 17.717255649304725
526.7313659053806, 24.713076144023027
526.7188083, 24.51320153825339
526.7062507716713, 24.313326932483747
526.6936932048167, 24.11345232671411
526.6811356, 23.913577720944467
526.6685780711074, 23.71370311517483
526.6560205042528, 23.513828509405187
526.6434629373981, 23.31395390363555
526.6309053705435, 23.114079297865906
526.6183478036888, 22.91420469209627
526.6057902368342, 22.714330086326626
526.5932326699796, 22.51445548055699
526.5806751031249, 22.314580874787353
526.5681175362703, 22.11470626901771
526.5555599694156, 21.914831663248073
526.5430024, 21.71495705747843
526.5304448357064, 21.515082451708793
526.5178872688517, 21.31520784593915
526.5053297019971, 21.115333240169512
526.4927721351424, 20.91545863439987
526.4802145682878, 20.715584028630232
526.4676570014332, 20.515709422860596
526.4550994345785, 20.315834817090952
526.4425418677239, 20.115960211321315
526.4299843008693, 19.91608560555167
526.4174267340146, 19.716210999782035
526.4048692, 19.51633639401239
526.3923116003053, 19.316461788242755
526.3797540334507, 19.11658718247311
526.3671965, 18.916712576703475
526.3546388997414, 18.716837970933838
526.3420813328868, 18.516963365164194
526.3295237660321, 18.317088759394558
526.3169661991775, 18.117214153624914
526.3044086323229, 17.917339547855278
526.2918510654682, 17.717464942085634
528.4224515751384, 23.913787013725376
528.4098940082838, 23.71391240795574
528.3973364414292, 23.514037802186095
528.3847788745745, 23.31416319641646
528.3722213077199, 23.114288590646815
528.3596637408652, 22.91441398487718
528.3471061740106, 22.714539379107535
528.3345486,22.51466477
528.3219910403013, 22.314790167568262
528.3094334734467, 22.114915561798618
528.2968759, 21.91504095602898
528.2843183397374, 21.715166350259338
528.2717607728828,21.51529174
528.2592032060281, 21.315417138720058
528.2466456391735, 21.11554253295042
528.2340880723189, 20.915667927180777
528.2215305054642, 20.71579332141114
528.2089729386096, 20.515918715641504
528.1964153717549, 20.31604410987186
528.1838578049003, 20.116169504102224
528.1713002380457, 19.91629489833258
528.1587427, 19.716420292562944
528.1461851043364,19.51654569
528.1336275374817, 19.316671081023664
528.1210699706271, 19.11679647525402
528.1085124037725, 18.916921869484383
528.0959548369178, 18.717047263714747
528.0833972700632, 18.517172657945103
528.0708397032085, 18.317298052175467
528.0582821363539, 18.117423446405823
528.0457245694993, 17.917548840636186
528.0331670026446, 17.717674234866543
530.1637675123147, 23.91399630650629
530.1512099454601, 23.714121700736655
530.1386523786055, 23.51424709496701
530.1260948117508, 23.314372489197375
530.1135372448962, 23.11449788342773
530.1009796780415, 22.914623277658094
530.0884221111869, 22.71474867188845
530.0758645443323, 22.514874066118814
530.0633069774776, 22.314999460349178
530.0507494, 22.115124854579534
530.0381918437683, 21.915250248809897
530.0256342769137, 21.715375643040254
530.0130767100591, 21.515501037270617
530.0005191432044, 21.315626431500974
529.9879615763498, 21.115751825731337
529.9754040094952, 20.915877219961693
529.9628464426405, 20.716002614192057
529.9502888757859, 20.51612800842242
529.9377313089312, 20.316253402652777
529.9251737420766, 20.11637879688314
529.9126162, 19.916504191113496
529.9000586083673, 19.71662958534386
529.8875010415127, 19.516754979574216
529.8749435, 19.31688037380458
529.8623859078034, 19.117005768034936
529.8498283409488,18.91713116
529.8372707740941, 18.717256556495663
529.8247132072395, 18.51738195072602
529.8121556403848, 18.317507344956383
529.7995980735302, 18.11763273918674
529.7870405066756, 17.917758133417102
529.7744829398209, 17.71788352764746
529.7619253729663, 17.518008921877822
529.7493678061116, 17.31813431610818
531.8925258826364, 23.714330993517564
531.8799683157818, 23.51445638774792
531.8674107489271, 23.314581781978283
531.8548531820725, 23.11470717620864
531.8422956152178, 22.914832570439003
531.8297380483632, 22.71495796466936
531.8171804815086, 22.515083358899723
531.8046229146539, 22.315208753130086
531.7920653477993, 22.115334147360443
531.7795077809446, 21.915459541590806
531.7669502, 21.715584935821163
531.7543926472354, 21.515710330051526
531.7418350803807, 21.315835724281882
531.7292775135261, 21.115961118512246
531.7167199466714, 20.916086512742602
531.7041623798168, 20.716211906972966
531.6916048129622, 20.51633730120333
531.6790472461075, 20.316462695433685
531.6664896792529, 20.11658808966405
531.6539321123983, 19.916713483894405
531.6413745455436, 19.71683887812477
531.628817, 19.516964272355125
531.6162594118343, 19.31708966658549
531.6037018449797, 19.117215060815845
531.5911442781251, 18.917340455046208
531.5785867112704, 18.71746584927657
531.5660291444158, 18.517591243506928
531.5534715775611, 18.31771663773729
531.5409140107065, 18.117842031967648
531.5283564438519, 17.91796742619801
531.5157988769972, 17.718092820428367
531.5032413101426, 17.51821821465873
531.4906837, 17.318343608889087
531.4781261764333, 17.11846900311945
531.4655686095787, 16.918594397349807
531.453011, 16.71871979158017
531.4404534758694, 16.518845185810534
531.4278959090148, 16.31897058004089
531.4153383421601, 16.119095974271254
531.4027807753055, 15.91922136850161
531.3902232084508, 15.719346762731973
531.3776656415962, 15.51947215696233
531.3651080747416, 15.319597551192693
531.3525505078869, 15.11972294542305
531.3399929410323, 14.919848339653413
531.3274353741776, 14.719973733883776
531.3148778, 14.520099128114133
531.3023202404684, 14.320224522344496
531.2897626736137, 14.120349916574853
531.0511689033757, 10.322732406951701
531.0386113365211, 10.122857801182057
531.0260537696664,9.922983195
533.3324602153015, 18.917549747827117
533.3199026484468, 18.71767514205748
533.3073450815922, 18.517800536287837
533.2947875147375,18.31792593
533.2822299478829, 18.118051324748556
533.2696723810283, 17.91817671897892
533.2571148141736, 17.718302113209276
533.2445572, 17.51842750743964
533.2319996804644, 17.318552901669996
533.2194421136097, 17.11867829590036
533.2068845467551, 16.918803690130716
533.1943269799004, 16.71892908436108
533.1817694130458, 16.519054478591443
533.1692118461912,16.31917987
533.1566542793365, 16.119305267052162
533.1440967124819, 15.919430661282519
533.1315391456272, 15.719556055512882
533.1189815787726, 15.519681449743238
533.106424, 15.319806843973602
533.0938664450633, 15.119932238203958
533.0813088782087, 14.920057632434322
533.0687513, 14.720183026664685
533.0561937444994, 14.520308420895041
533.0436361776448, 14.320433815125405
533.0310786107901, 14.120559209355761
533.0185210439355, 13.920684603586125
533.0059634770809, 13.720809997816481
532.9934059102262, 13.520935392046844
532.9808483433717,13.32106079
532.9682908, 13.121186180507564
532.9557332096624, 12.92131157473792
532.9431756428078, 12.721436968968284
532.9306180759531, 12.521562363198647
532.9180605090985, 12.321687757429004
532.9055029422439, 12.121813151659367
532.8929453753892, 11.921938545889724
532.8803878085346, 11.722063940120087
532.8678302416799, 11.522189334350443
532.8552726748253, 11.322314728580807
532.8427151079707, 11.122440122811163
532.8301575, 10.922565517041527
532.8175999742614, 10.72269091127189
532.8050424074067, 10.522816305502246
532.7924848405521, 10.32294169973261
532.7799272736975, 10.123067093962966
532.7673697068428,9.923192488
532.7548121399882, 9.723317882423686
532.7422545731336,9.523443277
532.7296970062789, 9.323568670884406
532.7171394394243, 9.123694065114769
532.7045818725696, 8.923819459345133
532.6920243, 8.723944853575489
532.6794667388604, 8.524070247805852
532.6669091720057, 8.324195642036209
532.6543516051511, 8.124321036266572
532.6417940382964, 7.924446430496928
532.6292364714418, 7.724571824727292
532.6166789045872, 7.524697218957648
532.6041213377325, 7.324822613188012
532.5915637708779, 7.124948007418368
532.5790062040232, 6.925073401648731
532.5664486371686, 6.725198795879095
532.5538911, 6.525324190109451
532.5413335034593, 6.325449584339815
532.5287759366047, 6.125574978570171
532.5162184, 5.925700372800534
532.5036608028954, 5.725825767030891
532.4911032360408, 5.525951161261254
532.4785456691861, 5.3260765554916105
532.4659881023315, 5.126201949721974
532.4534305354769, 4.926327343952337
532.4408729686222, 4.726452738182694
532.4283154017676, 4.526578132413057
532.4157578349129, 4.3267035266434135
532.4032002680583, 4.126828920873777
532.3906427012037, 3.9269543151041333
532.3780851, 3.7270797093344967
532.3655275674944, 3.527205103564853
532.3529700006397, 3.3273304977952165
534.8602975159489, 15.519890742524147
534.8477399490943, 15.32001613675451
534.8351823822396, 15.120141530984867
534.8226248, 14.92026692521523
534.8100672485303, 14.720392319445594
534.7975096816757, 14.52051771367595
534.7849521148211, 14.320643107906314
534.7723945479664, 14.12076850213667
534.7598369811118, 13.920893896367033
534.7472794142572, 13.72101929059739
534.7347218474025, 13.521144684827753
534.7221643, 13.32127007905811
534.7096067136933, 13.121395473288473
534.6970491468387, 12.92152086751883
534.6844915799841, 12.721646261749193
534.6719340131294, 12.521771655979556
534.6593764462748, 12.321897050209913
534.6468188794202, 12.122022444440276
534.6342613125655, 11.922147838670632
534.6217037457109, 11.722273232900996
534.6091461788562, 11.522398627131352
534.5965886120016, 11.322524021361716
534.584031, 11.122649415592072
534.5714734782923, 10.922774809822435
534.5589159114377, 10.722900204052799
534.5463583, 10.523025598283155
534.5338007777284, 10.323150992513519
534.5212432108738, 10.123276386743875
534.5086856440191, 9.923401780974238
534.4961280771645, 9.723527175204595
534.4835705103098, 9.523652569434958
534.4710129434552, 9.323777963665314
534.4584553766006, 9.123903357895678
534.4458978097459, 8.924028752126041
534.4333402428913, 8.724154146356398
534.4207826760367, 8.524279540586761
534.4082251, 8.324404934817117
534.3956675423274,8.124530329
534.3831099754727, 7.924655723277837
534.3705524086181, 7.724781117508201
534.3579948417635, 7.524906511738557
534.3454372749088,7.325031906
534.3328797080542, 7.125157300199277
534.3203221411995,6.925282694
534.3077645743449, 6.725408088660004
534.2952070074903,6.525533483
534.2826494406356, 6.325658877120723
534.2700919,6.125784271
534.2575343069263, 5.925909665581443
534.2449767400717, 5.7260350598117995
534.2324191732171, 5.526160454042163
534.2198616063624, 5.326285848272519
534.2073040395078, 5.126411242502883
534.1947464726532, 4.926536636733246
534.1821889057985, 4.7266620309636025
534.1696313389439, 4.526787425193966
534.1570737720892, 4.326912819424322
534.1445162052346, 4.127038213654686
534.1319586, 3.927163607885042
534.1194010715253, 3.7272890021154055
534.1068435046707, 3.527414396345762
534.0942859, 3.3275397905761253
534.0817283709614, 3.1276651848064816
534.0691708041068, 2.927790579036852
534.0566132372521, 2.7279159732672014
534.0440556703975, 2.528041367497565
534.0314981035428, 2.3281667617279282
534.0189405366882, 2.1282921559582917
534.0063829698336, 1.928417550188641
533.9938254029789, 1.7285429444190044
533.9812678361243, 1.5286683386493678
533.9687102692698, 1.3287937328797312
533.9561527024151, 1.1289191271100805
533.9435951355605, 0.9290445213404439
533.9310375687058, 0.7291699155708073
536.0616380783758, 6.925491987210556
536.0490805115212, 6.7256173814409195
536.0365229446666, 6.525742775671276
536.0239653778119, 6.325868169901639
536.0114078109573, 6.125993564131996
535.9988502441026, 5.926118958362359
535.9862927, 5.726244352592715
535.9737351103934, 5.526369746823079
535.9611775435387, 5.326495141053435
535.9486199766841, 5.126620535283799
535.9360624098294, 4.926745929514162
535.9235048429748, 4.726871323744518
535.9109472761202, 4.526996717974882
535.8983897092655, 4.327122112205238
535.8858321424109, 4.127247506435602
535.8732745755563, 3.927372900665958
535.8607170087016, 3.7274982948963213
535.8481594, 3.5276236891266777
535.8356018749923, 3.327749083357041
535.8230443081377, 3.1278744775873975
535.8104867412831, 2.927999871817768
535.7979291744284,2.728125266
535.7853716075738, 2.5282506602784736
535.7728140407191, 2.328376054508837
535.7602564738645, 2.1285014487392004
535.7476989070099, 1.9286268429695497
535.7351413401552, 1.728752237199913
535.7225837733006, 1.5288776314302766
535.7100262064461,1.329003026
535.6974686395914, 1.1291284198909892
535.6849110727368, 0.9292538141213527
535.6723535058821, 0.7293792083517161
535.6597959390275, 0.5295046025820795
535.6472383721729,0.329629997
535.6346808053182, 0.1297553910427922
535.6221232384636,-0.070119215
537.5266875447502, 2.5284599530593823
537.5141299778955, 2.3285853472897458
537.5015724110409, 2.128710741520109
537.4890148441863, 1.9288361357504584
537.4764572773316, 1.7289615299808219
537.4638997104771, 1.5290869242111853
537.4513421436225, 1.3292123184415487
537.4387845767678, 1.129337712671898
537.4262270099132, 0.9294631069022614
537.4136694430586, 0.7295885011326249
537.4011118762039, 0.5297138953629883
537.3885543093493, 0.32983928959335174
537.3759967424946, 0.12996468382370097
537.3634392,-0.069909922
539.1298702465256, 0.3300485823742747
539.1173126796709, 0.13017397660462393
539.1047551128163,-0.069700629
540.8586286168472, 0.13038326938553269
540.8460710499926,-0.069491336
542.5999445540236, 0.13059256216644144
542.587387,-0.069282044
544.3412604911999, 0.1308018549473502
544.3287029243453,-0.069072751
546.1328066957949, 0.9305095708068194
546.1202491289403, 0.7306349650371828
546.1076915620856, 0.5307603592675463
546.095134, 0.3308857534979097
546.0825764283763, 0.13101114772825895
546.0700188615217,-0.068863458
548.1127164032092, 4.728336373210887
548.1001588363546,4.528461767
548.0876012694999, 4.3285871616716065
548.0750437026453,4.128712556
548.0624861357907, 3.9288379501323263
548.0499286, 3.7289633443626897
548.0373710020814, 3.529088738593046
548.0248134352267, 3.3292141328234095
548.0122558683721, 3.129339527053766
547.9996983015175, 2.9294649212841364
547.9871407346628, 2.7295903155144856
547.9745831678082, 2.529715709744849
547.9620256009536, 2.3298411039752125
547.9494680340989, 2.129966498205576
547.9369104672443, 1.9300918924359252
547.9243529003896, 1.7302172866662886
547.9117953335351, 1.530342680896652
547.8992377666805, 1.3304680751270155
547.8866801998258, 1.1305934693573647
547.8741226329712, 0.9307188635877282
547.8615650661166, 0.7308442578180916
547.8490074992619,0.530969652
547.8364499324073, 0.3310950462788185
547.8238923655526, 0.1312204405091677
547.8113348,-0.068654165
550.1805290786061, 9.925285416002438
550.1679715117515, 9.725410810232795
550.1554139448968, 9.525536204463158
550.1428563780422, 9.325661598693515
550.1302988111876, 9.125786992923878
550.1177412443329, 8.925912387154241
550.1051836774783, 8.726037781384598
550.0926261106237, 8.526163175614961
550.0800685, 8.326288569845318
550.0675109769144, 8.126413964075681
550.0549534100597, 7.926539358306037
550.0423958432051, 7.726664752536401
550.0298382763505, 7.526790146766757
550.0172807094958, 7.3269155409971205
550.0047231426412, 7.127040935227477
549.9921655757865,6.927166329
549.9796080089319, 6.727291723688204
549.9670504420773,6.527417118
549.9544928752226, 6.3275425121489235
549.9419353,6.127667906
549.9293777415133, 5.927793300609643
549.9168201746587,5.727918695
549.9042626078041, 5.528044089070363
549.8917050409494, 5.328169483300719
549.8791474740948, 5.128294877531083
549.8665899072402, 4.928420271761446
549.8540323403855, 4.728545665991803
549.8414747735309, 4.528671060222166
549.8289172066762, 4.328796454452522
549.8163596398216, 4.128921848682886
549.8038021, 3.929047242913242
549.7912445061123, 3.7291726371436056
549.7786869392577, 3.529298031373962
549.7661294, 3.3294234256043254
549.7535718055484, 3.1295488198346817
549.7410142386938, 2.9296742140650522
549.7284566718391, 2.7297996082953944
549.7158991049845, 2.529925002525758
549.7033415381298, 2.3300503967561212
549.6907839712752, 2.1301757909864847
549.6782264044206, 1.930301185216834
549.6656688375659, 1.7304265794471974
549.6531112707114, 1.5305519736775608
549.6405537038568, 1.3306773679079242
549.6279961370021, 1.1308027621382735
549.6154385701475, 0.9309281563686369
549.6028810032929, 0.7310535505990003
549.5903234364382, 0.5311789448293638
549.5777658695836, 0.3313043390597272
549.5652083027289, 0.13142973329007646
551.9344025826372, 10.125369314552984
551.9218450157825, 9.925494708783347
551.9092874489279, 9.725620103013703
551.8967298820733, 9.525745497244067
551.8841723152186, 9.325870891474423
551.8716147, 9.125996285704787
551.8590571815093,8.92612168
551.8464996146547, 8.726247074165506
551.8339420478001,8.526372468
551.8213844809454, 8.326497862626226
551.8088269140908,8.126623257
551.7962693472361, 7.926748651086946
551.7837117803815, 7.7268740453173095
551.7711542135269, 7.526999439547666
551.7585966466722, 7.327124833778029
551.7460390798176, 7.127250228008386
551.7334815, 6.927375622238749
551.7209239461083, 6.7275010164691125
551.7083663792537, 6.527626410699469
551.6958088, 6.327751804929832
551.6832512455444, 6.127877199160189
551.6706936786898, 5.928002593390552
551.6581361118351, 5.728127987620908
551.6455785449805, 5.528253381851272
551.6330209781258, 5.328378776081628
551.6204634112712, 5.128504170311992
551.6079058444166, 4.928629564542355
551.5953482775619, 4.728754958772711
551.5827907107073, 4.528880353003075
551.5702331438526, 4.329005747233431
551.5576756, 4.129131141463795
551.5451180101434, 3.929256535694151
551.5325604432887, 3.7293819299245143
551.5200028764341, 3.5295073241548707
551.5074453095795, 3.329632718385234
551.4948877427248, 3.1297581126155904
551.4823301758702, 2.929883506845961
551.4446574753063,2.33025969
551.4320999084516, 2.1303850837673934
553.6757185198135, 10.125578607333892
553.6631609529588, 9.925704001564256
553.6506033861042, 9.725829395794612
553.6380458192496, 9.525954790024976
553.6254882523949, 9.326080184255332
553.6129306855403, 9.126205578485695
553.6003731186856, 8.926330972716059
553.5878156, 8.726456366946415
553.5752579849764, 8.526581761176779
553.5627004181217, 8.326707155407135
553.5501428512671, 8.126832549637498
553.5375852844124, 7.926957943867855
553.5250277175578, 7.727083338098218
553.5124701507032, 7.527208732328575
553.4999125838485, 7.327334126558938
553.4873550169939, 7.127459520789294
553.4747974501392, 6.927584915019658
553.4622398832846, 6.727710309250021
553.4496823, 6.527835703480378
553.4371247495753, 6.327961097710741
553.4245671827207, 6.128086491941097
553.4120096, 5.928211886171461
553.3994520490114, 5.728337280401817
553.3868944821568, 5.5284626746321806
553.3743369153021, 5.328588068862537
553.3617793484475,5.128713463
553.3492217815929, 4.928838857323264
553.3366642147382,4.728964252
553.3241066478836, 4.5290896457839835
553.3115490810289,4.32921504
553.2989915141743, 4.129340434244703
553.2864339473197, 3.9294658284750597
553.2738764, 3.729591222705423
553.2613188136104, 3.5297166169357794
555.2789012215887, 7.9271672366487635
555.2663436547341, 7.727292630879127
555.2537860878795, 7.527418025109483
555.2412285210248, 7.327543419339847
555.2286709541702, 7.127668813570203
555.2161133873155, 6.9277942078005665
555.2035558204609,6.727919602
555.1909982536063, 6.528044996261286
555.1784406867516,6.32817039
555.1658831, 6.128295784722006
555.1533255530424, 5.9284211789523695
555.1407679861877, 5.728546573182726
555.1282104193331, 5.528671967413089
555.1156528524784, 5.328797361643446
555.1030952856238, 5.128922755873809
555.0905377187692, 4.9290481501041725
555.0779801519145, 4.729173544334529
555.0654225850599, 4.529298938564892
555.0528650182052, 4.329424332795249
555.0403074513506, 4.129549727025612
555.0277499, 3.9296751212559684
555.0151923176413, 3.729800515486332
555.0026347507867, 3.529925909716688
554.9900772, 3.3300513039470516
554.9775196170774, 3.130176698177408
554.9649620502228, 2.9303020924077785
554.9524044833681, 2.730427486638135
554.9398469165135, 2.5305528808684983
554.9272893496588, 2.3306782750988617
554.9147317828042, 2.130803669329225
557.0955626,9.126624164
557.0830049930383, 8.926749558277884
557.0704474261837,8.726874953
557.0453322924744,8.327125741
557.0327747256198, 8.127251135199323
557.0202171587651, 7.927376529429679
557.0076595919105, 7.727501923660043
556.9951020250559, 7.527627317890399
556.9825444582012, 7.327752712120763
556.9699868913466, 7.127878106351119
556.9574293, 6.928003500581482
556.9448717576373, 6.728128894811846
556.9323141907827, 6.528254289042202
556.9197566, 6.328379683272566
556.9071990570734, 6.128505077502922
556.8946414902188, 5.928630471733285
556.8820839233641, 5.728755865963642
556.8695263565095, 5.528881260194005
556.8569687896548, 5.3290066544243615
556.8444112228002, 5.129132048654725
556.8318536559456, 4.929257442885088
556.8192960890909, 4.729382837115445
556.8067385222363, 4.529508231345808
556.7941809553816, 4.3296336255761645
556.7816234, 4.129759019806528
556.7690658216724, 3.9298844140368843
556.7565082548177, 3.7300098082672477
556.7439506879631, 3.530135202497604
556.7313931211085, 3.3302605967279675
556.7188355542538, 3.130385990958324
556.7062779873992, 2.9305113851886944
556.6937204205445, 2.7306367794190436
556.6811628536899, 2.530762173649407
556.6686052868353, 2.3308875678797705
556.6560477199806, 2.131012962110134
556.6434902, 1.9311383563404831
558.9122238981971, 10.32608109144627
558.8996663313425, 10.126206485676626
558.8871087644878,9.92633188
558.8745511976332, 9.726457274137346
558.8619936307786, 9.526582668367709
558.8494360639239, 9.326708062598065
558.8368784970693, 9.126833456828429
558.8243209302146, 8.926958851058792
558.8117634, 8.727084245289149
558.7992057965054, 8.527209639519512
558.7866482296507, 8.327335033749868
558.7740906627961, 8.127460427980232
558.7615330959414, 7.927585822210588
558.7489755290868, 7.727711216440952
558.7364179622322, 7.527836610671308
558.7238603953775, 7.327962004901671
558.7113028285229, 7.128087399132028
558.6987452616683, 6.928212793362391
558.6861876948136, 6.728338187592755
558.6736301, 6.528463581823111
558.6610725611043, 6.328588976053474
558.6485149942497, 6.128714370283831
558.6359574, 5.928839764514194
558.6233998605404, 5.7289651587445505
558.6108422936858, 5.529090552974914
558.5982847268311,5.329215947
558.5857271599765, 5.129341341435634
558.5731695931219, 4.929466735665997
558.5606120262672, 4.7295921298963535
558.5480544594126, 4.529717524126717
558.5354969, 4.329842918357073
558.5229393257033, 4.129968312587437
558.5103817588487, 3.930093706817793
558.4978242, 3.7302191010481565
558.4852666251394, 3.530344495278513
558.4727090582847, 3.3304698895088762
558.4601514914301, 3.1305952837392326
558.4475939245755, 2.930720677969603
558.4350363577208, 2.7308460721999523
558.4224787908662, 2.530971466430316
558.4099212240116, 2.3310968606606792
560.8921336056115, 14.12390789385033
560.8795760387569, 13.924033288080693
560.8670184719023, 13.72415868231105
560.8544609050476, 13.524284076541413
560.8419033381931, 13.32440947077177
560.8293457713385, 13.124534865002133
560.8167882044838, 12.924660259232489
560.8042306376292, 12.724785653462853
560.7916730707746, 12.524911047693216
560.7791155039199, 12.325036441923572
560.7665579370653, 12.125161836153936
560.7540003702106, 11.925287230384292
560.7414428, 11.725412624614655
560.7288852365014, 11.525538018845012
560.7163276696467, 11.325663413075375
560.7037701027921, 11.125788807305732
560.6912125359374, 10.925914201536095
560.6786549690828, 10.726039595766458
560.6660974022282, 10.526164989996815
560.6535398353735, 10.326290384227178
560.6409822685189, 10.126415778457535
560.6284247016642, 9.926541172687898
560.6158671348096, 9.726666566918254
560.6033096, 9.526791961148618
560.5907520011003, 9.326917355378974
560.5781944342457, 9.127042749609338
560.5656369, 8.927168143839701
560.5530793005364, 8.727293538070057
560.5405217336818,8.527418932
560.5279641668271, 8.327544326530777
560.5154065999725,8.127669721
560.5028490331179, 7.927795114991497
560.4902914662632,7.727920509
560.4777338994086, 7.528045903452217
560.4651763325539,7.328171298
560.4526187656993, 7.1282966919129365
560.4400611988447,6.928422086
560.4275036, 6.728547480373663
560.4149460651354,6.528672875
560.4023884982807, 6.328798268834383
560.3898309314261, 6.1289236630647395
560.3772733645715, 5.929049057295103
562.6585646764971, 14.523866398170526
562.6460071096425, 14.32399179240089
562.6334495427878, 14.124117186631246
562.6208919759332, 13.924242580861609
562.6083344090786, 13.724367975091965
562.5957768422239, 13.524493369322329
562.5832192753694, 13.324618763552685
562.5706617085148, 13.124744157783049
562.5581041416601, 12.924869552013405
562.5455465748055, 12.724994946243768
562.5329890079508, 12.525120340474132
562.5204314410962, 12.325245734704488
562.5078738742416, 12.125371128934852
562.4953163073869, 11.925496523165208
562.4827587405323, 11.725621917395571
562.4702011736777, 11.525747311625928
562.4576436, 11.325872705856291
562.4450860399684, 11.125998100086647
562.4325284731137, 10.926123494317011
562.4199709062591, 10.726248888547374
562.4074133394045, 10.52637428277773
562.3948557725498, 10.326499677008094
562.3822982056952, 10.12662507123845
562.3697406388405, 9.926750465468814
562.3571830719859,9.72687586
564.6635895176208, 18.721442412113873
564.6510319507662, 18.52156780634423
564.6384743839116, 18.321693200574593
564.6259168170569, 18.12181859480495
564.6133592502023, 17.921943989035313
564.6008016833476, 17.72206938326567
564.5882441, 17.522194777496033
564.5756865496384, 17.32232017172639
564.5631289827837, 17.122445565956752
564.5505714159291, 16.92257096018711
564.5380138490744, 16.722696354417472
564.5254562822198, 16.522821748647836
564.5128987153652, 16.322947142878192
564.5003411485105, 16.123072537108555
564.4877835816559, 15.923197931338912
564.4752260148013, 15.723323325569275
564.4626684479466, 15.523448719799632
564.4501109, 15.323574114029995
564.4375533142373, 15.123699508260351
564.4249957473827, 14.923824902490715
564.4124382, 14.723950296721078
564.3998806136734, 14.524075690951435
564.3873230468188, 14.324201085181798
564.3747654799641, 14.124326479412154
564.3622079131095, 13.924451873642518
564.3496503462549, 13.724577267872874
564.3370927794002, 13.524702662103238
564.3245352125457, 13.324828056333594
564.3119776456911, 13.124953450563957
564.2994200788364, 12.925078844794314
564.2868625119818, 12.725204239024677
564.2743049451271, 12.52532963325504
564.2617473782725, 12.325455027485397
564.2491898114179, 12.12558042171576
564.2366322445632, 11.925705815946117
564.2240746777086, 11.72583121017648
564.2115171, 11.525956604406836
566.5304811233436, 20.720397762591176
566.5179236, 20.52052315682154
566.5053659896344, 20.320648551051896
566.4928084227797, 20.12077394528226
566.4802508559251, 19.920899339512616
566.4676932890704, 19.72102473374298
566.4551357222158, 19.521150127973335
566.4425781553612,19.32127552
566.4300205885065, 19.121400916434055
566.4174630216519, 18.92152631066442
566.4049054547972, 18.721651704894782
566.3923478879426, 18.52177709912514
566.3797903, 18.321902493355502
566.3672327542333, 18.12202788758586
566.3546751873787, 17.92215328181622
566.3421176, 17.722278676046578
566.3295600536694, 17.52240407027694
566.3170024868148, 17.322529464507298
566.3044449199601, 17.12265485873766
566.2918873531055, 16.922780252968018
566.2793297862509, 16.72290564719838
566.2667722193962, 16.523031041428744
566.2542146525416,16.32315644
566.2416570856869, 16.123281829889464
566.2290995188323, 15.92340722411982
566.2165419519777, 15.723532618350184
566.2039844, 15.52365801258054
566.1914268182684, 15.323783406810904
566.1788692514137, 15.12390880104126
566.1663116845591, 14.924034195271624
566.1537541177045, 14.724159589501987
566.1411965508498, 14.524284983732343
566.1286389839952, 14.324410377962707
568.2843546273746, 20.92048166114172
568.2717970605199, 20.720607055372085
568.2592394936653, 20.52073244960245
568.2466819268107, 20.320857843832805
568.2341244, 20.120983238063168
568.2215667931014, 19.921108632293524
568.2090092262467, 19.721234026523888
568.1964516593921, 19.521359420754244
568.1838940925375, 19.321484814984608
568.1713365256828, 19.121610209214964
568.1587789588282, 18.921735603445327
568.1462213919735, 18.72186099767569
568.1336638251189, 18.521986391906047
568.1211062582643, 18.32211178613641
568.1085486914096, 18.122237180366767
568.0959911, 17.92236257459713
568.0834335577003, 17.722487968827487
568.0708759908457, 17.52261336305785
568.0583184239911, 17.322738757288207
568.0457608571364, 17.12286415151857
568.0332032902818, 16.922989545748926
568.0206457234272, 16.72311493997929
568.0080881565725, 16.523240334209653
567.9955305897179, 16.32336572844001
567.9829730228632, 16.123491122670373
567.9704154560086, 15.92361651690073
567.9578579, 15.723741911131093
567.9453003222993, 15.523867305361449
567.9327427554447, 15.323992699591813
567.9201852, 15.124118093822169
567.9076276217354, 14.924243488052532
570.0256705645509, 20.920690953922637
570.0131129976962,20.72081635
570.0005554308416, 20.520941742383364
569.9879979, 20.32106713661372
569.9754402971323, 20.121192530844084
569.9628827302777, 19.92131792507444
569.9503252, 19.721443319304804
569.9377675965684, 19.52156871353516
569.9252100297138, 19.321694107765524
569.9126524628591, 19.12181950199588
569.9000948960045, 18.921944896226243
569.8875373291498, 18.722070290456607
569.8749797622952, 18.522195684686963
569.8624221954406, 18.322321078917327
571.7669865017273, 20.920900246703546
571.7544289348726, 20.72102564093391
571.7418714, 20.521151035164273
571.7293138011634, 20.32127642939463
571.7167562343087, 20.121401823624993
571.7041986674541, 19.92152721785535
571.6916411005994, 19.721652612085713
571.6790835337448, 19.52177800631607
571.6665259668902, 19.321903400546432
571.6539684000355, 19.12202879477679
571.6414108331809, 18.922154189007152
571.6288532663262, 18.722279583237516
571.6162956994716, 18.522404977467872
571.6037381, 18.322530371698235
573.6966659417232, 23.919228626029053
573.6841083748685, 23.719354020259416
573.6715508080139, 23.519479414489773
573.6589932411592, 23.319604808720136
573.6464356743046, 23.119730202950493
573.6338781, 22.919855597180856
573.6213205405953, 22.719980991411212
573.6087629737407, 22.520106385641576
573.5962054, 22.32023177987194
573.5836478400314, 22.120357174102296
573.5710902731768, 21.92048256833266
573.5585327063221, 21.720607962563015
573.5459751394675, 21.52073335679338
573.5334175726128, 21.320858751023735
573.5208600057582,21.12098415
573.5083024389036, 20.921109539484455
573.4957448720489, 20.72123493371482
573.4831873051943, 20.52136032794518
573.4706297383397, 20.321485722175538
573.4580722,20.12161112
573.4455146046304, 19.921736510636258
573.4329570377757, 19.72186190486662
573.4203994709211, 19.521987299096978
573.4078419040665, 19.32211269332734
573.3952843372118, 19.122238087557697
573.3827267703572, 18.92236348178806
573.3701692035025, 18.722488876018424
573.3576116366479, 18.52261427024878
575.5258848, 25.31856015919744
575.5133272800274, 25.118685553427802
575.5007697131728, 24.91881094765816
575.4882121463181, 24.718936341888522
575.4756545794635, 24.519061736118886
575.4630970126088, 24.319187130349242
575.4505394457542, 24.119312524579605
575.4379818788996, 23.91943791880996
575.4254243120449, 23.719563313040325
575.4128667451903, 23.51968870727068
575.4003091783356, 23.319814101501045
575.3877516,23.1199395
575.3751940446264, 22.920064889961765
575.3626364777717, 22.72019028419212
575.3500789109171, 22.520315678422484
575.3375213440625, 22.320441072652848
575.3249637772078, 22.120566466883204
575.3124062103532, 21.920691861113568
575.2998486434985, 21.720817255343924
575.2872910766439, 21.520942649574287
575.2747335097893, 21.321068043804644
575.2621759429346, 21.121193438035007
575.2496184, 20.921318832265364
575.2370608092253, 20.721444226495727
575.2245032423707, 20.52156962072609
575.2119456755161, 20.321695014956447
575.1993881086614, 20.12182040918681
575.1868305418068, 19.921945803417167
575.1742729749521, 19.72207119764753
575.1617154080975, 19.522196591877886
575.1491578412429, 19.32232198610825
575.1366002743882, 19.122447380338606
575.1240427075336, 18.92257277456897
575.1114851, 18.722698168799333
575.0989275738243, 18.52282356302969
577.2672007840583, 25.318769451978355
577.2546432172037, 25.11889484620872
577.2420857, 24.919020240439075
577.2295280834944, 24.719145634669438
577.2169705166398,24.51927103
577.2044129497851, 24.319396423130158
577.1918553829305, 24.11952181736052
577.1792978160759, 23.919647211590878
577.1667402492212, 23.71977260582124
577.1541826823666, 23.519898000051597
577.1416251155119, 23.32002339428196
577.1290675486573, 23.120148788512317
577.1165099818027, 22.92027418274268
577.1039524, 22.720399576973037
577.0913948480934,22.52052497
577.0788372812387, 22.320650365433764
577.0662797143841, 22.12077575966412
577.0537221475295, 21.920901153894484
577.0411645806748, 21.72102654812484
577.0286070138202, 21.521151942355203
577.0160494469656, 21.32127733658556
577.0034918801109, 21.121402730815923
576.9909343132563, 20.92152812504628
576.9783767464016, 20.721653519276643
576.9658192, 20.521778913507006
576.9532616126924, 20.321904307737363
576.9407040458377, 20.122029701967726
576.9281464789831, 19.922155096198082
579.0587469886531, 26.118477167837824
579.0461894217984, 25.918602562068187
579.0336318549438, 25.718727956298544
579.0210742880892, 25.518853350528907
579.0085167212346, 25.318978744759264
578.9959592, 25.119104138989627
578.9834015875253, 24.919229533219983
578.9708440206707, 24.719354927450347
578.9582864538161, 24.51948032168071
578.9457288869614, 24.319605715911067
578.9331713201068, 24.11973111014143
578.9206137532522, 23.919856504371786
578.9080561863975, 23.71998189860215
578.8954986195429, 23.520107292832506
578.8829410526882, 23.32023268706287
578.8703834858336, 23.120358081293226
578.8578259, 22.92048347552359
578.8452683521243, 22.720608869753946
578.8327107852697, 22.52073426398431
578.8201532, 22.320859658214673
578.8075956515604, 22.12098505244503
578.7950380847058, 21.921110446675392
578.7824805178511, 21.72123584090575
578.7699229509965, 21.521361235136112
578.7573653841418, 21.32148662936647
578.7448078172872, 21.121612023596832
578.7322502504326, 20.921737417827188
578.7196926835779, 20.72186281205755
578.7071351167233, 20.521988206287915
578.6945775498687, 20.32211360051827
578.68202, 20.122238994748635
578.6694624161594, 19.92236438897899
580.9005234606666, 27.717683306775854
580.8879659, 27.51780870100621
580.8754083269573, 27.317934095236573
580.8628507601027, 27.11805948946693
580.8502932, 26.918184883697293
580.8377356263934, 26.71831027792765
580.8251780595388, 26.518435672158013
580.8126204926841, 26.318561066388376
580.8000629258295, 26.118686460618733
580.7875053589748, 25.918811854849096
580.7749477921202, 25.718937249079453
580.7623902252656, 25.519062643309816
580.7498326584109, 25.319188037540172
580.7372750915564, 25.119313431770536
580.7247175247018, 24.919438826000892
580.7121599578471, 24.719564220231256
580.6996023909925, 24.51968961446162
580.6870448241378, 24.319815008691975
580.6744872572832, 24.11994040292234
580.6619296904286, 23.920065797152695
580.6493721235739, 23.72019119138306
580.6368145567193, 23.520316585613415
580.6242569898646, 23.32044197984378
580.6116994, 23.120567374074135
580.5991418561554, 22.920692768304498
580.5865842893007, 22.720818162534854
580.5740267224461, 22.520943556765218
580.5614691555915, 22.32106895099558
580.5489115887368, 22.121194345225938
580.5363540218822,21.92131974
580.5237964550275, 21.721445133686657
580.5112388881729, 21.52157052791702
580.4986813213183, 21.321695922147377
582.6795120984068, 28.31751641686568
582.6669545315522, 28.117641811096043
582.6543969646975,27.91776721
582.6418393978429, 27.717892599556762
582.6292818309882, 27.51801799378712
582.6167242641336, 27.318143388017482
582.6041667, 27.11826878224784
582.5916091304243, 26.918394176478202
582.5790515635697, 26.71851957070856
582.566494, 26.51864496493892
582.5539364298604, 26.318770359169285
582.5413788630058, 26.11889575339964
582.5288212961511, 25.919021147630005
582.5162637292965, 25.71914654186036
582.5037061624419, 25.519271936090725
584.4208280355831, 28.317725709646595
584.4082704687285, 28.11785110387696
584.3957129018738, 27.917976498107315
584.3831553350192, 27.71810189233768
584.3705977681645, 27.518227286568035
584.3580402013099, 27.318352680798398
584.3454826344553, 27.118478075028754
584.3329250676006, 26.918603469259118
584.3203675, 26.718728863489474
584.3078099338913, 26.518854257719838
584.2952523670367,26.31897965
584.2826948001821, 26.119105046180557
584.2701372333274, 25.91923044041092
584.2575796664728, 25.719355834641277
584.2450220996182, 25.51948122887164
584.2324645327635, 25.319606623101997
584.219907, 25.11973201733236
584.2073493990544, 24.919857411562717
584.1947918321997, 24.71998280579308
586.1621439727595, 28.317935002427504
586.1495864059049, 28.118060396657867
586.1370288390502, 27.918185790888224
586.1244712721956, 27.718311185118587
586.1119137, 27.518436579348943
586.0993561384863, 27.318561973579307
586.0867985716317, 27.118687367809663
586.074241, 26.918812762040027
586.0616834379224, 26.718938156270383
586.0491258710678, 26.519063550500746
586.0365683042131, 26.31918894473111
586.0240107373585, 26.119314338961466
586.0114531705038, 25.91943973319183
585.9988956036492, 25.719565127422186
585.9863380367946, 25.51969052165255
585.9737805, 25.319815915882906
585.9612229030854, 25.11994131011327
585.9486653362308, 24.920066704343625
585.9361077693761, 24.72019209857399
585.9235502025215, 24.520317492804352
585.9109926356668, 24.32044288703471
585.8984350688122, 24.120568281265072
585.8858775019576, 23.92069367549543
585.8733199351029, 23.720819069725792
585.8607623682483, 23.52094446395615
585.8482048013936, 23.32106985818651
585.8356472, 23.121195252416868
585.8230896676844, 22.92132064664723
585.8105321008297, 22.721446040877588
585.7979745339751, 22.52157143510795
585.7854169671205, 22.321696829338315
587.7653266745348, 26.119523631742375
587.7527691076801, 25.91964902597274
587.7402115408255, 25.719774420203095
587.7276539739709, 25.519899814433458
587.7150964071163, 25.320025208663814
587.7025388402617, 25.120150602894178
587.6899813, 24.920275997124534
587.6774237065524, 24.720401391354898
587.6648661396978, 24.52052678558526
587.6523085728431, 24.320652179815617
587.6397510059885, 24.12077757404598
587.6271934391339, 23.920902968276337
587.6146358722792,23.72102836
587.6020783054246, 23.521153756737057
587.5895207, 23.32127915096742
587.5769631717153, 23.121404545197777
587.5644056048607, 22.92152993942814
587.551848, 22.721655333658497
587.5392904711514, 22.52178072788886
587.5267329042968, 22.321906122119223
587.5141753374421, 22.12203151634958
587.5016177705875, 21.922156910579943
587.4890602037328,21.7222823
587.4765026368782, 21.522407699040663
587.4639450700236, 21.32253309327102
587.4513875031689, 21.122658487501383
587.4388299363143, 20.92278388173174
587.4262723694596, 20.722909275962103
587.4137148, 20.523034670192466
587.4011572357504, 20.323160064422822
587.3885996688957, 20.123285458653186
587.3760421020411, 19.923410852883542
587.3634845351864, 19.723536247113906
587.3509269683318, 19.523661641344262
587.3383694014772, 19.323787035574625
587.3258118346225, 19.12391242980498
587.3132542677679, 18.924037824035345
587.3006967009132, 18.72416321826571
587.2881391340586, 18.524288612496065
587.2755816, 18.32441400672643
587.2630240003493, 18.124539400956785
589.3433942, 23.521363049517966
589.3308366757464, 23.32148844374833
589.3182791088917, 23.121613837978686
589.3057215420371, 22.92173923220905
589.2931639751824, 22.721864626439405
589.2806064083278, 22.52199002066977
589.2680488414732, 22.322115414900132
589.2554912746185, 22.12224080913049
589.2429337077639, 21.922366203360852
589.2303761409092, 21.72249159759121
589.2178185740546, 21.52261699182157
589.205261, 21.322742386051928
589.1927034403453, 21.12286778028229
589.1801458734907, 20.922993174512648
589.1675883, 20.72311856874301
589.1550307397814, 20.523243962973375
589.1424731729268, 20.32336935720373
589.1299156060721, 20.123494751434094
589.1173580392175, 19.92362014566445
589.1048004723629, 19.723745539894814
589.0922429055082, 19.52387093412517
589.0796853386536, 19.323996328355534
589.0671277717989, 19.12412172258589
589.0545702049443, 18.924247116816254
589.0420126380897, 18.724372511046617
589.0294551, 18.524497905276974
589.0168975043804, 18.324623299507337
589.0043399375257, 18.124748693737693
588.9917823706711, 17.924874087968057
588.9792248038165, 17.724999482198413
588.9666672369618, 17.525124876428777
588.9541096701072, 17.325250270659133
588.9415521032525, 17.125375664889496
588.9289945363979, 16.925501059119853
588.9164369695433, 16.725626453350216
588.9038794026886, 16.52575184758058
590.9465769443763, 21.322951678832844
590.9340193775216, 21.123077073063207
590.9214618, 20.923202467293564
590.9089042438123, 20.723327861523927
590.8963466769577, 20.52345325575429
590.8837891101031, 20.323578649984647
590.8712315432484, 20.12370404421501
590.8586739763938, 19.923829438445367
590.8461164095391, 19.72395483267573
590.8335588426845, 19.524080226906086
590.8210012758299, 19.32420562113645
590.8084437089752, 19.124331015366806
590.7958861421206, 18.92445640959717
590.7833286, 18.724581803827533
590.7707710084113, 18.52470719805789
590.7582134415567, 18.324832592288253
590.7456559, 18.12495798651861
590.7330983078474, 17.925083380748973
590.7205407409928, 17.72520877497933
590.7079831741381, 17.525334169209692
590.6954256072835, 17.32545956344005
590.6828680404288, 17.125584957670412
590.6703104735742, 16.92571035190077
590.6577529067196, 16.725835746131132
590.6451953398649, 16.525961140361495
590.6326377730103, 16.32608653459185
590.6200802061556, 16.126211928822215
590.6075226, 15.926337323052572
590.5949650724464, 15.726462717282935
590.5824075055917, 15.526588111513291
590.5698499387371, 15.326713505743655
590.5572923718825, 15.126838899974011
590.5447348050278, 14.926964294204375
590.5321772381732, 14.727089688434738
590.5196196713185, 14.527215082665094
590.5070621044639, 14.327340476895458
590.4945045376093, 14.127465871125814
590.4819469707546, 13.927591265356178
590.4693894, 13.727716659586534
590.4568318370453, 13.527842053816897
590.4442742701908, 13.327967448047254
590.4317167033362, 13.128092842277617
592.4367415444598, 17.325668856220958
592.4241839776051, 17.12579425045132
592.4116264107505, 16.925919644681677
592.3990688438959, 16.72604503891204
592.3865112770412, 16.526170433142404
592.3739537101866, 16.32629582737276
592.3613961, 16.126421221603124
592.3488385764773, 15.92654661583348
592.3362810096227, 15.726672010063844
592.3237234,15.5267974
592.3111658759134, 15.326922798524564
592.2986083090587, 15.12704819275492
592.2860507422041, 14.927173586985283
592.2734931753495, 14.727298981215647
592.2609356084948, 14.527424375446003
592.2483780416402, 14.327549769676367
592.2358204747856, 14.127675163906723
592.2232629079309, 13.927800558137086
592.2107053410763, 13.727925952367443
592.1981477742216, 13.528051346597806
592.1855902073671, 13.328176740828162
592.1730326405125, 13.128302135058526
592.1604750736578, 12.928427529288882
592.1479175068032, 12.728552923519246
592.1353599399486, 12.528678317749609
592.1228023730939, 12.328803711979965
592.1102448062393, 12.128929106210329
592.0976872393846, 11.929054500440685
594.1654999147815, 17.12600354323223
594.1529423479269, 16.926128937462586
594.1403847810723, 16.72625433169295
594.1278272142176, 16.526379725923313
594.1152696, 16.32650512015367
594.1027120805084, 16.126630514384033
594.0901545136537, 15.926755908614389
594.0775969467991, 15.726881302844752
594.0650393799444, 15.527006697075109
594.0524818130898, 15.327132091305472
594.0399242462352, 15.127257485535829
594.0273666793805, 14.927382879766192
594.0148091125259, 14.727508273996555
594.0022515456712, 14.527633668226912
593.9896939788166, 14.327759062457275
593.9771364, 14.127884456687632
593.9645788451073, 13.928009850917995
593.9520212782527, 13.728135245148351
593.9394637, 13.528260639378715
593.9269061445435, 13.328386033609071
593.9143485776889, 13.128511427839435
593.9017910108342, 12.928636822069791
593.8892334439796, 12.728762216300154
593.8766759, 12.528887610530518
593.8641183102703, 12.329013004760874
593.8515607434157, 12.129138398991238
593.8390032, 11.929263793221594
593.8264456097064, 11.729389187451957
593.8138880428518, 11.529514581682314
593.8013304759971, 11.329639975912677
593.7887729091425, 11.129765370143033
593.7762153422879, 10.929890764373397
593.7636577754332, 10.73001615860376
595.9193734188125, 17.326087441782782
595.9068158519578, 17.126212836013146
595.8942582851032, 16.926338230243502
595.8817007182486, 16.726463624473865
595.8691431513939, 16.52658901870423
595.8565855845393, 16.326714412934585
595.8440280176846, 16.12683980716495
595.8314705, 15.926965201395305
595.8189128839754, 15.727090595625668
595.8063553171207, 15.527215989856025
595.7937977502661, 15.327341384086388
595.7812401834115, 15.127466778316744
595.7686826165568, 14.927592172547108
595.7561250497022, 14.727717566777471
595.7435674828475, 14.527842961007828
595.7310099159929, 14.327968355238191
595.7184523491383, 14.128093749468547
595.7058947822836, 13.928219143698911
595.6933372, 13.728344537929267
595.6807796485743, 13.52846993215963
595.6682220817198, 13.328595326389987
595.6556645148652, 13.12872072062035
595.6431069480105, 12.928846114850707
595.6305493811559, 12.72897150908107
595.6179918143013, 12.529096903311434
595.6054342474466, 12.32922229754179
595.5928767, 12.129347691772153
595.5803191137373, 11.92947308600251
595.5677615468827, 11.729598480232873
595.5552039800281, 11.52972387446323
595.5426464131734, 11.329849268693593
595.5300888463188, 11.12997466292395
595.5175312794642, 10.930100057154313
595.5049737126095, 10.730225451384676
597.8741679925176, 20.72416503264757
597.8616104, 20.524290426877933
597.8490528588084, 20.32441582110829
597.8364952919537, 20.124541215338652
597.8239377250991, 19.92466660956901
597.8113801582444, 19.724792003799372
597.7988225913898, 19.52491739802973
597.7862650245352, 19.325042792260092
597.7737074576805, 19.12516818649045
597.7611498908259, 18.925293580720812
597.7485923239713, 18.725418974951175
597.7360347571166, 18.52554436918153
597.7234772, 18.325669763411895
597.7109196234073, 18.12579515764225
597.6983620565527, 17.925920551872615
597.6858044896981, 17.72604594610297
597.6732469228434, 17.526171340333335
597.6606893559888, 17.32629673456369
597.6481317891341, 17.126422128794054
597.6355742222795, 16.92654752302441
597.6230166554249, 16.726672917254774
597.6104590885702, 16.526798311485138
597.5979015217156, 16.326923705715494
597.585344, 16.127049099945857
597.5727863880063, 15.927174494176214
597.5602288211517, 15.727299888406577
597.5476713, 15.527425282636933
597.5351136874424, 15.327550676867297
597.5225561205878, 15.127676071097653
597.5099985537331, 14.927801465328017
597.4974409868785, 14.72792685955838
597.4848834200238, 14.528052253788736
597.4723258531692,14.32817765
597.4597682863146, 14.128303042249456
597.4472107194599, 13.92842843647982
597.4346531526053, 13.728553830710176
597.4220955857506, 13.52867922494054
597.4095380188961, 13.328804619170896
597.3969804520415, 13.12893001340126
597.3844228851868, 12.929055407631616
597.3718653183322, 12.729180801861979
597.3593077514776, 12.529306196092342
597.3467501846229, 12.329431590322699
597.3341926177683, 12.129556984553062
597.3216350509136, 11.929682378783419
597.3090775, 11.729807773013782
597.2965199172044, 11.529933167244138
597.2839623503497, 11.330058561474502
597.2714047834951, 11.130183955704858
597.2588472166404, 10.930309349935222
597.2462896497858, 10.730434744165585
599.6280414965487, 20.924248931198115
599.6154839, 20.724374325428478
599.6029263628394, 20.52449971965884
599.5903687959848, 20.324625113889198
599.5778112291301, 20.12475050811956
599.5652536622755, 19.924875902349918
599.5526960954209, 19.72500129658028
599.5401385285662, 19.525126690810637
599.5275809617116,19.32525209
599.5150233948569, 19.125377479271357
599.5024658280023, 18.92550287350172
599.4899082611477, 18.725628267732084
599.4773507, 18.52575366196244
599.4647931274384, 18.325879056192804
599.4522355605837, 18.12600445042316
599.4396779937291, 17.926129844653524
599.4271204268745, 17.72625523888388
599.4145628600198, 17.526380633114243
599.4020052931652,17.32650603
599.3894477263106, 17.126631421574963
599.3768901594559, 16.92675681580532
599.3643325926013, 16.726882210035683
599.3517750257466, 16.527007604266046
599.3392175, 16.327132998496403
599.3266598920374, 16.127258392726766
599.3141023251827, 15.927383786957122
599.3015447583281, 15.727509181187486
599.2889871914734, 15.527634575417842
599.2764296246188, 15.327759969648206
599.2638720577642, 15.127885363878562
599.2513144909095, 14.928010758108925
599.2387569240549, 14.728136152339289
599.2261993572002, 14.528261546569645
599.2136417903456, 14.328386940800009
599.2010842, 14.128512335030365
599.1885266566363, 13.928637729260728
599.1759690897817, 13.728763123491085
599.1634115, 13.528888517721448
599.1508539560725, 13.329013911951805
599.1382963892179, 13.129139306182168
599.1257388223632, 12.929264700412524
599.1131812555086, 12.729390094642888
599.1006237, 12.529515488873251
599.0880661217993, 12.329640883103608
599.0755085549447, 12.129766277333971
599.062951, 11.929891671564327
599.0503934212354, 11.73001706579469
601.3567998668703, 20.724583618209387
601.3442423000157, 20.52470901243975
601.3316847331611, 20.324834406670107
601.3191271663064, 20.12495980090047
601.3065695994518, 19.925085195130826
601.2940120325972, 19.72521058936119
601.2814544657425, 19.525335983591546
601.2688968988879, 19.32546137782191
601.2563393320332, 19.125586772052266
601.2437817651786, 18.92571216628263
601.2312242, 18.725837560512993
601.2186666314693, 18.52596295474335
601.2061090646147, 18.326088348973713
601.1935515, 18.12621374320407
601.1809939309054, 17.926339137434432
601.1684363640508, 17.72646453166479
601.1558787971961, 17.526589925895152
601.1433212303415, 17.32671532012551
601.1307636634868, 17.126840714355872
601.1182060966322, 16.926966108586228
601.1056485297776, 16.72709150281659
601.0930909629229, 16.527216897046955
601.0805333960683, 16.32734229127731
601.0679758292137, 16.127467685507675
601.0554183, 15.927593079738031
601.0428606955044, 15.727718473968395
601.0303031286497, 15.527843868198751
601.0177455617951, 15.327969262429114
601.0051879949405, 15.12809465665947
600.9926304280858, 14.928220050889834
600.9800728612312, 14.728345445120198
600.9675152943765, 14.528470839350554
603.0353279697734, 19.725419882142106
603.0227704029188, 19.525545276372462
603.0102128360642, 19.325670670602825
602.9976552692095, 19.12579606483318
602.9850977023549, 18.925921459063545
602.9725401355003, 18.72604685329391
602.9599825686456, 18.526172247524265
602.947425, 18.32629764175463
602.9348674349363, 18.126423035984985
602.9223098680817, 17.926548430215348
602.9097523012271, 17.726673824445704
602.8971947343724, 17.526799218676068
602.8846371675178, 17.326924612906424
602.8720796006631, 17.127050007136788
602.8595220338085, 16.927175401367144
602.8469644669539, 16.727300795597507
602.8344069000992, 16.52742618982787
602.8218493332446, 16.327551584058227
602.8092918, 16.12767697828859
602.7967341995353, 15.927802372518947
602.7841766326807, 15.72792776674931
602.7716191, 15.528053160979667
602.7590614989714, 15.32817855521003
602.7465039321168, 15.128303949440387
602.7339463652621, 14.92842934367075
602.7213887984075, 14.728554737901113
602.7088312315528, 14.52868013213147
602.6962736646982, 14.328805526361833
602.6837160978436, 14.12893092059219
602.6711585309889, 13.929056314822553
604.6133955378396, 17.127259299917696
604.6008379709849, 16.927384694148053
604.5882804041303, 16.727510088378416
604.5757228372756, 16.52763548260878
604.5631653, 16.327760876839136
604.5506077035664,16.12788627
604.5380501367117, 15.928011665299856
604.5254925698571, 15.72813705953022
604.5129350030024, 15.528262453760576
604.5003774361478, 15.328387847990939
604.4878198692932, 15.128513242221295
604.4752623024385, 14.928638636451659
604.4627047355839, 14.728764030682022
604.4501471687292, 14.528889424912379
604.4375896018746, 14.329014819142742
604.425032, 14.129140213373098
604.4124744681653, 13.929265607603462
604.3999169013107, 13.729391001833818
604.3873593, 13.529516396064182
606.4426144429983, 18.526590833086082
606.4300568761437, 18.326716227316446
606.4174993, 18.126841621546802
606.4049417424344, 17.926967015777166
606.3923841755798, 17.727092410007522
606.3798266087251, 17.527217804237885
606.3672690418705, 17.327343198468242
606.3547114750158, 17.127468592698605
606.3421539081612, 16.92759398692896
606.3295963413066, 16.727719381159325
606.3170387744519, 16.52784477538969
606.3044812075973, 16.327970169620045
606.2919236407427, 16.128095563850408
606.2793661, 15.928220958080765
606.2668085070334, 15.728346352311128
606.2542509401787, 15.528471746541484
606.2416933733241, 15.328597140771848
606.2291358064695, 15.128722535002204
606.2165782396148, 14.928847929232568
606.2040206727602, 14.728973323462931
606.1914631059055, 14.529098717693287
606.1789055390509, 14.32922411192365
606.1663479721963, 14.129349506154007
606.1537904053416, 13.92947490038437
606.1412328, 13.729600294614727
606.1286752716323, 13.52972568884509
608.1839303801747, 18.52680012586699
608.1713728133201, 18.326925520097355
608.1588152464655, 18.12705091432771
608.1462576796108, 17.927176308558074
608.1337001127562, 17.72730170278843
608.1211425459015, 17.527427097018794
608.1085849790469, 17.32755249124915
608.0960274121923, 17.127677885479514
608.0834698453376, 16.92780327970987
608.0709123, 16.727928673940234
608.0583547116283, 16.528054068170597
608.0457971447737, 16.328179462400954
608.0332395779191, 16.128304856631317
608.0206820110644, 15.928430250861673
608.0081244442098, 15.728555645092037
607.9955668773551, 15.528681039322393
607.9830093105005, 15.328806433552757
607.9704517436459, 15.128931827783113
607.9578941767912, 14.929057222013476
607.9453366099366, 14.72918261624384
607.932779, 14.529308010474196
609.9252463, 18.527009418647907
609.9126887504964, 18.32713481287827
609.9001311836417, 18.127260207108627
609.8875736167871, 17.92738560133899
609.8750160499325, 17.727510995569347
609.8624584830778, 17.52763638979971
609.8499009162232, 17.327761784030066
609.8373433493686, 17.12788717826043
609.8247857825139, 16.928012572490786
609.8122282156593, 16.72813796672115
609.7996706488046, 16.528263360951513
609.7871131, 16.32838875518187
609.7745555150954, 16.128514149412233
609.7619979482407, 15.92863954364259
609.7494403813861, 15.728764937872953
609.7368828145314, 15.528890332103309
609.7243252476768, 15.329015726333672
609.7117676808222, 15.129141120564029
609.6992101139675, 14.929266514794392
609.6866525471129, 14.729391909024756
609.6740949802582, 14.529517303255112
609.6615374134036, 14.329642697485475
609.6489798, 14.129768091715832
611.6037744202541, 17.52784568258062
611.5912168533995, 17.327971076810975
611.5786592865448, 17.12809647104134
611.5661017196902, 16.928221865271695
611.5535441528356, 16.72834725950206
611.5409865859809, 16.528472653732422
611.5284290191263, 16.328598047962778
611.5158714522717, 16.12872344219314
611.5033139, 15.928848836423498
611.4907563185624, 15.728974230653861
611.4781987517077, 15.529099624884218
611.4656411848531, 15.329225019114581
611.4530836179985, 15.129350413344937
611.4405260511438, 14.929475807575301
611.4279684842892, 14.729601201805664
611.4154109174345, 14.52972659603602
611.4028533505799, 14.329851990266384
611.3902957837253, 14.12997738449674
611.3777382168706, 13.930102778727104
611.3651807, 13.73022817295746
611.3526230831613, 13.530353567187824
611.3400655163068, 13.33047896141818
611.3275079494522, 13.130604355648543
611.3149503825975,12.93072975
611.3023928157429, 12.730855144109263
611.2898352488883, 12.530980538339627
611.2772776820336, 12.331105932569983
611.2647201, 12.131231326800346
611.2521625483243, 11.931356721030703
611.2396049814697, 11.731482115261066
611.2270474146151, 11.531607509491423
611.2144898477604, 11.331732903721786
611.2019322809058, 11.131858297952142
611.1893747140512, 10.931983692182506
611.1768171471965, 10.73210908641287
611.1642595803419, 10.532234480643226
611.1517020134872, 10.332359874873589
611.1391444466326, 10.132485269103945
611.1265869, 9.932610663334309
611.1140293129233, 9.732736057564665
613.3074176568666, 16.928431158052604
613.2948601, 16.728556552282967
613.2069571220295, 15.32943431189549
613.1943995551749, 15.129559706125846
613.1818419883202, 14.92968510035621
613.1692844214656, 14.729810494586573
613.1567269, 14.52993588881693
613.1441692877563, 14.330061283047293
613.1316117209017, 14.13018667727765
613.1190542, 13.930312071508013
613.1064965871924, 13.730437465738369
613.0939390203378, 13.530562859968732
613.0813814534832, 13.330688254199089
613.0688238866286, 13.130813648429452
613.0562663, 12.930939042659809
613.0437087529193, 12.731064436890172
613.0311511860647, 12.531189831120535
613.0185936, 12.331315225350892
613.0060360523554, 12.131440619581255
612.9934784855008, 11.931566013811612
612.9809209186461, 11.731691408041975
612.9683633517915, 11.531816802272331
612.9558057849368, 11.331942196502695
612.9432482180822, 11.132067590733051
612.9306906512276, 10.932192984963415
612.9181330843729, 10.732318379193778
612.9055755175183, 10.532443773424134
612.8930179506636, 10.332569167654498
612.8804604, 10.132694561884854
612.8679028169544, 9.932819956115218
612.8553452500997, 9.732945350345574
612.8427876832451, 9.533070744575937
612.8302301163905, 9.333196138806294
612.8176725495358, 9.133321533036657
612.8051149826812,8.933446927
612.7925574158265, 8.733572321497377
612.7799998489719,8.533697716
612.7674422821173, 8.333823109958097
614.7599095563863,12.33152452
614.7473519895317, 12.131649912362164
614.7347944, 11.93177530659252
614.7222368558224, 11.731900700822884
614.7096792889678, 11.53202609505324
614.6971217221131, 11.332151489283603
614.6845641552585, 11.13227688351396
614.6720065884039, 10.932402277744323
614.6594490215492, 10.732527671974687
614.6468914546946, 10.532653066205043
614.6343339, 10.332778460435406
614.6217763209853, 10.132903854665763
614.6092187541307, 9.933029248896126
614.5966612, 9.733154643126483
614.5841036204214, 9.533280037356846
614.5715460535667, 9.333405431587202
614.5589884867121, 9.133530825817566
614.5464309198575,8.93365622
614.5338733530028, 8.733781614278286
614.5213157861482, 8.533907008508649
614.5087582192936, 8.334032402739005
614.4962006524389, 8.134157796969369
614.4836430855843, 7.934283191199725
614.4710855187296, 7.734408585430089
614.458528, 7.534533979660445
614.4459703850204, 7.334659373890808
614.4334128181657, 7.134784768121165
614.4208552513111, 6.934910162351528
614.4082976844564, 6.735035556581892
614.3957401176018, 6.535160950812248
614.3831825507472, 6.335286345042611
614.3706249838925, 6.135411739272968
616.3003044238884, 9.133740118598482
616.2877468570338, 8.933865512828845
616.2751892901791, 8.733990907059201
616.2626317233245, 8.534116301289565
616.2500741564699, 8.334241695519921
616.2375165896152, 8.134367089750285
616.2249590227606, 7.934492483980641
616.2124014559059, 7.734617878211004
616.1998438890513, 7.534743272441361
616.1872863221967, 7.334868666671724
616.1747288, 7.1349940609020805
616.1621711884874, 6.935119455132444
616.1496136216327, 6.735244849362807
616.1370560547781, 6.535370243593164
616.1244984879235, 6.335495637823527
616.1119409210688, 6.1356210320538835
616.0993833542142, 5.935746426284247
616.0868257873595, 5.735871820514603
616.0742682205049, 5.535997214744967
616.0617106536503, 5.336122608975323
616.0491530867956, 5.1362480032056865
616.0365955,4.936373397
616.0240379530863, 4.736498791666406
616.0114803862317,4.536624186
615.9989228193771, 4.336749580127126
615.9863652525224, 4.1368749743574895
615.9738076856678, 3.937000368587846
615.9612501188132, 3.7371257628182093
615.9486925519585, 3.5372511570485656
615.9361349851039, 3.337376551278929
617.9411598262277, 7.5349525652222695
617.9286022593731, 7.335077959452633
617.9160446925184, 7.135203353682989
617.9034871256638, 6.935328747913353
617.8909295588091, 6.735454142143716
617.8783719919545, 6.5355795363740725
617.8658144250999, 6.335704930604436
617.8532568582452, 6.135830324834792
617.8406992913906, 5.935955719065156
617.8281417, 5.736081113295512
617.8155841576813, 5.5362065075258755
617.8030265908267, 5.336331901756232
617.790469, 5.136457295986595
617.7779114571174, 4.936582690216959
617.7653538902628, 4.736708084447315
617.7527963234081, 4.5368334786776785
617.7402387565535, 4.336958872908035
617.7276811896988, 4.137084267138398
617.7151236228442, 3.9372096613687546
617.7025660559896, 3.737335055599118
617.6900084891349, 3.5374604498294744
617.6774509222803, 3.337585844059838
617.6648933554256, 3.137711238290194
617.6523358, 2.9378366325205647
617.6397782217164, 2.737962026750907
617.6272206548617, 2.5380874209812703
617.6146630880071, 2.3382128152116337
617.6021055211525, 2.138338209441997
617.5895479542978, 1.9384636036723464
617.5769903874432, 1.7385889979027098
617.5644328205885, 1.5387143921330733
617.5518753, 1.3388397863634367
617.5393176868794, 1.138965180593786
617.5267601200247, 0.9390905748241494
617.4765298526062, 0.13959215174558892
619.5443425, 5.336541194537141
619.5317849611483, 5.136666588767504
619.5192273942937, 4.9367919829978675
619.5066698, 4.736917377228224
619.4941122605844, 4.537042771458587
619.4815546937298, 4.337168165688944
619.4689971268751, 4.137293559919307
619.4564395600205, 3.9374189541496634
619.4438819931659, 3.737544348380027
619.4313244263112, 3.537669742610383
619.4187668594566, 3.3377951368407466
619.4062093, 3.137920531071103
619.3936517257473, 2.9380459253014735
619.3810941588927,2.73817132
619.3685366, 2.5382967137621932
619.3559790251834, 2.3384221079925567
619.3434214583287,2.138547502
619.3308638914741, 1.9386728964532693
619.3183063246195, 1.7387982906836328
619.3057487577648, 1.5389236849139962
619.2931911909103, 1.3390490791443597
619.2806336240557, 1.139174473374709
619.2680761, 0.9392998676050723
619.2555184903464, 0.7394252618354358
619.2429609234918, 0.5395506560657992
619.2304033566371, 0.33967605029616266
619.2178457897825, 0.1398014445265119
619.2052882229278,-0.060073161
621.1098525292144, 2.538506006543102
621.0972949623598, 2.3386314007734654
621.0847373955052, 2.138756795003829
621.0721798286505, 1.938882189234178
621.0596222617959, 1.7390075834645415
621.0470646949414, 1.539132977694905
621.0345071280867, 1.3392583719252684
621.0219495612321, 1.1393837661556176
621.0093919943774, 0.9395091603859811
620.9968344275228, 0.7396345546163445
620.9842768606682,0.539759949
620.9717192938135, 0.3398853430770714
620.9591617269589, 0.14001073730742064
620.9466041601042,-0.059863868
622.7130352309898, 0.34009463585798017
622.7004776641352, 0.1402200300883294
622.6879200972805,-0.059654576
624.4417936013115, 0.14042932286923815
624.4292360344568,-0.059445283
626.1831095384879, 0.1406386156501469
626.1705519716332,-0.05923599
627.9244254756642, 0.14084790843105566
627.9118679088095,-0.059026697
629.6657414128405, 0.1410572012119644
629.6531838459858,-0.058817405
631.4070573500169, 0.14126649399288738
631.3944997831622,-0.058608112
633.1483732871932, 0.14147578677379613
633.1358157203385,-0.058398819
634.8896892243696, 0.14168507955470488
634.8771317,-0.058189526
636.6310051615459, 0.14189437233561364
636.6184475946912,-0.057980233
638.3723210987222, 0.1421036651165224
638.3597635318675,-0.057770941
640.1136370358986, 0.14231295789743115
640.1010795,-0.057561648
641.8549529730749, 0.1425222506783399
641.8423954062202,-0.057352355
643.5962689102512, 0.14273154345924866
643.5837113433965,-0.057143062
645.3375848474276, 0.14294083624017162
645.3250273,-0.05693377
647.0789007846039, 0.14315012902108037
647.0663432177492,-0.056724477
648.8202167217802, 0.14335942180198913
648.8076591549255,-0.056515184
650.5615326589566, 0.14356871458289788
650.5489751,-0.056305891
652.3028485961329, 0.14377800736380664
652.2902910292783,-0.056096598
654.1195099344371, 1.3432349347625632
654.1069523675825, 1.1433603289929124
654.0943948007279, 0.9434857232232758
654.0818372338732, 0.7436111174536393
654.0692796670186, 0.5437365116840027
654.0567221001639, 0.34386190591436616
654.0441645333093, 0.1439873001447154
654.0316069664547,-0.055887306
656.1496499, 5.940560160245191
656.1370923424154, 5.740685554475547
656.1245347755607, 5.540810948705911
656.1119772087061, 5.340936342936267
656.0994196418515, 5.1410617371666305
656.0868620749968, 4.941187131396994
656.0743045081422,4.741312526
656.0617469412875, 4.541437919857714
656.0491893744329,4.341563314
656.0366318075783, 4.1416887083184335
656.0240742407236,3.941814103
656.0115167, 3.7419394967791533
655.9989591070143, 3.5420648910095096
655.9864015401597, 3.342190285239873
655.9738439733051, 3.1423156794702294
655.9612864064504,2.942441074
655.9487288395958, 2.742566467930942
655.9361712727411, 2.5426918621613055
655.9236137058865, 2.342817256391669
655.9110561390319, 2.1429426506220324
655.8984985721772, 1.9430680448523816
655.8859410053226, 1.743193439082745
655.8733834, 1.5433188333131085
655.8608258716134, 1.343444227543472
655.8482683047588, 1.1435696217738212
655.8357107379042, 0.9436950160041846
655.8231531710495,0.74382041
655.8105956041949, 0.5439458044649115
655.7980380373402, 0.3440711986952749
655.7854804704856, 0.14419659292562415
655.7729229,-0.055678013
658.1044444829752, 9.338637751109971
658.0918869161205, 9.138763145340334
658.0793293492659, 8.938888539570698
658.0667717824113, 8.739013933801054
658.0542142155566, 8.539139328031418
658.0416566, 8.339264722261774
658.0290990818473, 8.139390116492137
658.0165415149927, 7.939515510722494
658.0039839, 7.739640904952857
657.9914263812834, 7.5397662991832135
657.9788688144288, 7.339891693413577
657.9663112475741, 7.140017087643933
657.9537536807195, 6.940142481874297
657.9411961138649,6.740267876
657.9286385470102, 6.5403932703350165
657.9160809801556,6.340518665
657.9035234, 6.140644058795736
657.8909658464463,5.940769453
657.8784082795917, 5.740894847256456
657.8658507, 5.5410202414868195
657.8532931458824, 5.341145635717176
657.8407355790278, 5.141271029947539
657.8281780121731, 4.941396424177903
657.8156204453185, 4.741521818408259
657.8030628784638, 4.5416472126386225
657.7905053116092, 4.341772606868979
657.7779477447546, 4.141898001099342
657.7653901778999, 3.9420233953296986
657.7528326110453, 3.742148789560062
657.7402750441906, 3.5422741837904184
657.7277175, 3.342399578020782
657.7151599104814, 3.142524972251138
657.7026023436267, 2.9426503664815087
657.6900447767721, 2.742775760711865
657.6774872099174, 2.5429011549422285
657.6649296430628, 2.343026549172592
657.6523720762082, 2.1431519434029553
657.6398145093535, 1.9432773376333046
657.6272569424989, 1.743402731863668
657.6146993756442, 1.5435281260940314
657.6021418087897, 1.343653520324395
657.5895842419351, 1.1437789145547441
657.5770266750804, 0.9439043087851076
657.5644691082258,0.744029703
657.5519115413712, 0.5441550972458344
657.5393539745165, 0.3442804914761979
657.5267964076619, 0.1444058857065471
660.1596995915174, 14.335712188131879
660.1471420246628, 14.135837582362235
660.1345844578082, 13.935962976592599
660.1220268909535, 13.736088370822955
660.1094693240989, 13.536213765053319
660.0969117572444, 13.336339159283675
660.0843541903897, 13.136464553514038
660.0717966235351, 12.936589947744395
660.0592390566804, 12.736715341974758
660.0466814898258, 12.536840736205122
660.0341239229712, 12.336966130435478
660.0215663561165, 12.137091524665841
660.0090087892619, 11.937216918896198
659.9964512224072, 11.737342313126561
659.9838936555526, 11.537467707356917
659.9713361, 11.33759310158728
659.9587785218433, 11.137718495817637
659.9462209549887,10.93784389
659.9336634, 10.737969284278364
659.9211058212794, 10.53809467850872
659.9085482544248, 10.338220072739084
659.8959906875701, 10.13834546696944
659.8834331207155, 9.938470861199804
659.8708755538609,9.738596255
659.8583179870062, 9.538721649660523
659.8457604201516,9.338847044
659.8332028532969, 9.138972438121243
659.8206452864423, 8.939097832351607
659.8080877195877, 8.739223226581963
659.7955302, 8.539348620812326
659.7829725858784, 8.339474015042683
659.7704150190237, 8.139599409273046
659.7578574521691, 7.9397248035034025
659.7452998853145, 7.739850197733766
659.7327423184598, 7.539975591964122
659.7201847516052, 7.340100986194486
659.7076271847505, 7.140226380424842
659.6950696178959, 6.9403517746552055
659.6825120510413, 6.740477168885569
659.6699544841866, 6.540602563115925
659.6573969, 6.340727957346289
659.6448393504774, 6.140853351576645
659.6322817836227, 5.9409787458070085
659.6197242167681, 5.741104140037365
659.6071666499134, 5.541229534267728
659.5946090830588, 5.341354928498085
659.5820515162042, 5.141480322728448
659.5694939493495, 4.9416057169588115
659.5569363824949, 4.741731111189168
659.5443788156402, 4.541856505419531
659.5318212487856, 4.341981899649888
659.5192637, 4.142107293880251
659.5067061150763, 3.9422326881106073
659.4941485482217, 3.742358082340971
659.481591, 3.542483476571327
659.4690334145124, 3.3426088708016906
659.4564758476578, 3.142734265032047
659.4439182808031, 2.9428596592624174
659.4313607139485, 2.7429850534927738
659.4188031470939, 2.543110447723137
659.4062455802392, 2.3432358419535007
659.3936880133846, 2.143361236183864
659.3811304465299, 1.9434866304142133
662.0014760635308, 15.934918327069909
661.9889184966762, 15.735043721300272
661.9763609298216, 15.535169115530628
661.9638033629669, 15.335294509760992
661.9512457961123, 15.135419903991348
661.9386882292577, 14.935545298221712
661.9261307, 14.735670692452075
661.9135730955484, 14.535796086682431
661.9010155286937, 14.335921480912795
661.8884579618391, 14.136046875143151
661.8759003949845, 13.936172269373515
661.8633428281298, 13.736297663603871
661.8507852612752, 13.536423057834234
661.8382276944207, 13.33654845206459
661.8256701, 13.136673846294954
661.8131125607114, 12.93679924052531
661.8005549938567, 12.736924634755674
661.7879974270021, 12.537050028986037
661.7754398601475, 12.337175423216394
661.7628822932928, 12.137300817446757
661.7503247264382, 11.937426211677113
661.7377671595835, 11.737551605907477
661.7252095927289, 11.537677000137833
661.7126520258743, 11.337802394368197
661.7000944590196, 11.137927788598553
661.6875369, 10.938053182828916
661.6749793253103, 10.73817857705928
661.6624217584557, 10.538303971289636
661.6498641916011,10.33842937
661.6373066247464, 10.138554759750356
661.6247490578918,9.938680154
661.6121914910372, 9.738805548211076
661.5996339241825,9.538930942
661.5870763573279, 9.339056336671796
661.5745187904732, 9.139181730902159
661.5619612236186, 8.939307125132522
661.5494037, 8.739432519362879
661.5368460899093, 8.539557913593242
661.5242885230547, 8.339683307823599
661.511731, 8.139808702053962
661.4991733893454, 7.939934096284318
661.4866158224908, 7.740059490514682
661.4740582556361, 7.540184884745038
661.4615006887815, 7.340310278975402
661.4489431219268, 7.140435673205758
663.8181374, 17.134375254468658
663.8055798349803, 16.934500648699014
663.7930222681257, 16.734626042929378
663.7804647012711, 16.53475143715974
663.7679071344164, 16.334876831390098
663.7553495675618, 16.13500222562046
663.7427920007071, 15.935127619850817
663.7302344338525, 15.73525301408118
663.7176768669979, 15.535378408311537
663.7051193001432,15.3355038
663.6925617332886, 15.135629196772257
663.6800042, 14.93575459100262
663.6674465995793, 14.735879985232984
663.6548890327247, 14.53600537946334
663.6423315, 14.336130773693704
663.6297738990154, 14.13625616792406
663.6172163321608, 13.936381562154423
663.6046587653061, 13.73650695638478
663.5921011984515, 13.536632350615143
663.5795436,13.33675774
663.5669860647423, 13.136883139075863
663.5544284978877, 12.93700853330622
663.5418709, 12.737133927536583
663.5293133641784, 12.537259321766946
663.5167557973238, 12.337384715997302
663.5041982304691, 12.137510110227666
663.4916406636145, 11.937635504458022
663.4790830967598, 11.737760898688386
663.4665255299052, 11.537886292918742
663.4539679630506, 11.338011687149105
663.4414103961959, 11.138137081379462
663.4288528293413, 10.938262475609825
663.4162952624866, 10.738387869840189
663.4037377, 10.538513264070545
663.3911801287774, 10.338638658300908
663.3786225619227, 10.138764052531265
665.7980471092495, 20.93220205687272
665.7854895423949, 20.73232745110308
665.7729319755402, 20.532452845333445
665.7603744086856,20.33257824
665.7478168, 20.132703633794165
665.7352592749763, 19.93282902802452
665.7227017081217, 19.732954422254885
665.7101441, 19.53307981648524
665.6975865744124, 19.333205210715604
665.6850290075578, 19.13333060494596
665.6724714407031, 18.933455999176324
665.6599138738485, 18.733581393406688
665.6473563069939, 18.533706787637044
665.6347987401392, 18.333832181867407
665.6222411732846, 18.133957576097764
665.6096836064299, 17.934082970328127
665.5971260395753, 17.734208364558484
665.5845684727207, 17.534333758788847
665.5720109, 17.334459153019203
665.5594533390114, 17.134584547249567
665.5468957721567, 16.934709941479923
665.5343382053021, 16.734835335710287
665.5217806384475, 16.53496072994065
665.5092230715928, 16.335086124171006
665.4966655047382, 16.13521151840137
665.4841079378836, 15.935336912631726
665.4715503710289, 15.73546230686209
665.4589928041743, 15.535587701092446
665.4464352373196, 15.33571309532281
667.5895933138444, 21.731909772732187
667.5770357469897, 21.53203516696255
667.5644781801351, 21.332160561192907
667.5519206132805, 21.13228595542327
667.5393630464258, 20.932411349653627
667.5268054795712, 20.73253674388399
667.5142479127165, 20.532662138114354
667.5016903458619, 20.33278753234471
667.4891327790073, 20.132912926575074
667.4765752121526, 19.93303832080543
667.4640176, 19.733163715035793
667.4514600784433, 19.53328910926615
667.4389025115887, 19.333414503496513
667.4263449447341, 19.13353989772687
667.4137873778794, 18.933665291957233
667.4012298110248, 18.733790686187596
667.3886722441702, 18.533916080417953
667.3761146773155, 18.334041474648316
667.3635571104609, 18.134166868878673
667.3509995436062, 17.934292263109036
667.3384419767516, 17.734417657339392
667.3258844, 17.534543051569756
667.3133268430423, 17.334668445800112
667.3007692761877, 17.134793840030476
667.2882117, 16.934919234260832
667.2756541424784, 16.735044628491195
669.3434668178754, 21.931993671282747
669.3309092510208, 21.732119065513103
669.3183516841661, 21.532244459743467
669.3057941173115, 21.332369853973823
669.2932365504569, 21.132495248204187
669.2806789836022, 20.932620642434543
669.2681214167476, 20.732746036664906
669.2555638, 20.53287143089527
669.2430062830383, 20.332996825125626
669.2304487161837, 20.13312221935599
669.2178911, 19.933247613586346
669.2053335824744, 19.73337300781671
669.1927760156198, 19.533498402047066
669.1802184487651, 19.33362379627743
669.1676608819105, 19.133749190507785
669.1551033150558, 18.93387458473815
669.1425457482012, 18.733999978968512
669.1299881813466, 18.53412537319887
669.1174306144919, 18.334250767429232
669.1048730476373, 18.13437616165959
669.0923154807826, 17.934501555889952
671.0847827550517, 21.932202964063656
671.0722251881971, 21.732328358294012
671.0596676213424, 21.532453752524376
671.0471100544878, 21.332579146754732
671.0345524876332, 21.132704540985095
671.0219949207785, 20.93282993521545
671.0094373539239, 20.732955329445815
670.9968797870692, 20.53308072367618
670.9843222202146, 20.333206117906535
670.9717647,20.13333151
670.9592070865053, 19.933456906367255
670.9466495196507, 19.733582300597618
670.934092, 19.533707694827974
670.9215343859414, 19.333833089058338
670.9089768190868, 19.133958483288694
670.8964192522321, 18.934083877519058
670.8838616853775, 18.73420927174942
670.8713041185229, 18.534334665979777
670.8587465516682, 18.33446006021014
670.8461889848136, 18.134585454440497
670.8336314179589, 17.93471084867086
670.8210738511043, 17.734836242901217
670.8085162842497, 17.53496163713158
670.7959587, 17.335087031361937
670.7834011505404,17.13521243
672.8135411253734, 21.73253765107492
672.8009835585187, 21.532663045305284
672.7884259916641, 21.33278843953564
672.7758684248095, 21.132913833766004
672.7633108579548, 20.93303922799636
672.7507532911002, 20.733164622226724
672.7381957242455, 20.533290016457087
672.7256381573909, 20.333415410687444
672.7130805905363, 20.133540804917807
672.7005230236816, 19.933666199148163
672.6879655, 19.733791593378527
672.6754078899723, 19.533916987608883
672.6628503231177, 19.334042381839247
672.6502927562631, 19.134167776069603
672.6377351894084, 18.934293170299966
672.6251776225538, 18.73441856453033
672.6126200556992, 18.534543958760686
672.6000624888445, 18.33466935299105
672.5875049219899, 18.134794747221406
672.5749473551352, 17.93492014145177
672.5623897882806, 17.735045535682126
672.5498322, 17.53517092991249
672.5372746545713, 17.335296324142845
672.5247170877167, 17.13542171837321
672.5121595, 16.935547112603565
672.4996019540074, 16.73567250683393
672.4870443871528, 16.535797901064292
672.4744868202981, 16.33592329529465
672.4619292534435, 16.136048689525012
672.4493716865888, 15.936174083755368
672.4368141197342, 15.736299477985732
672.4242565528796, 15.536424872216088
672.4116989860249, 15.336550266446451
672.3991414191703, 15.136675660676808
672.3865838523157, 14.936801054907171
672.3740263, 14.736926449137535
672.3614687186064, 14.537051843367891
672.3489111517517, 14.337177237598254
672.3363535848971, 14.13730263182861
672.3237960180425, 13.937428026058974
674.5297419288405, 21.33299773231655
674.5171843619859, 21.133123126546913
674.5046267951312, 20.93324852077727
674.4920692282766, 20.733373915007633
674.4795117, 20.533499309237996
674.4669540945673, 20.333624703468352
674.4543965277127, 20.133750097698716
674.441839, 19.933875491929072
674.4292813940034, 19.734000886159436
674.4167238271488, 19.534126280389792
674.4041662602941, 19.334251674620155
674.3916086934395, 19.13437706885051
674.3790511265848, 18.934502463080875
674.3664935597302, 18.73462785731124
674.3539359928756, 18.534753251541595
674.3413784260209, 18.33487864577196
674.3288208591663, 18.135004040002315
674.3162632923116, 17.935129434232678
674.3037057, 17.735254828463034
674.2911481586024, 17.535380222693398
674.2785905917477, 17.335505616923754
674.2660330248931, 17.135631011154118
674.2534754580385, 16.935756405384474
674.2409178911838, 16.735881799614837
674.2283603243292,16.53600719
674.2158027574745, 16.336132588075557
674.2032451906199, 16.13625798230592
674.1906876237653, 15.936383376536277
674.1781300569106, 15.73650877076664
674.1655725, 15.536634164996997
674.1530149232013, 15.33675955922736
674.1404573563467, 15.136884953457717
674.1278997894921, 14.93701034768808
674.1153422226374, 14.737135741918443
674.1027846557828,14.53726114
674.0902270889281, 14.337386530379163
674.0776695220735, 14.13751192460952
674.0651119552189, 13.937637318839883
674.0525543883642, 13.73776271307024
674.0399968215096, 13.537888107300603
674.0274392546551, 13.338013501530959
674.0148816878004, 13.138138895761323
674.0023241209458, 12.938264289991679
673.9897665540911, 12.738389684222042
673.9772089872365, 12.538515078452406
673.9646514203819, 12.338640472682762
673.9520938535272, 12.138765866913126
673.9395362866726, 11.938891261143482
673.9269787, 11.739016655373845
673.9144211529633, 11.539142049604202
673.9018635861087, 11.339267443834565
673.889306, 11.139392838064921
673.8767484523994, 10.939518232295285
673.8641908855448, 10.739643626525648
675.8943308603776, 15.336968852008276
675.8817733, 15.137094246238632
675.8692157266684, 14.937219640468996
675.8566581598137, 14.73734503469936
675.8441005929591, 14.537470428929716
675.8315430261044, 14.337595823160079
675.8189854592498, 14.137721217390435
675.8064278923952, 13.937846611620799
675.7938703255405, 13.737972005851155
675.7813127586859, 13.538097400081519
675.7687551918314, 13.338222794311875
675.7561976249767, 13.138348188542238
675.7436400581221, 12.938473582772595
675.7310824912674, 12.738598977002958
675.7185249244128, 12.538724371233322
675.7059673575582, 12.338849765463678
675.6934097907035, 12.138975159694041
675.6808522238489, 11.939100553924398
675.6682946569942, 11.739225948154761
675.6557370901396, 11.539351342385118
675.6431795, 11.339476736615481
675.6306219564303, 11.139602130845837
675.6180643895757,10.93972753
675.6055068, 10.739852919306564
675.5929492558664, 10.53997831353692
675.5803916890118, 10.340103707767284
675.5678341221571, 10.14022910199764
675.5552765553025, 9.940354496228004
675.5427189884479,9.74047989
675.5301614215932, 9.540605284688723
675.5176038547386,9.340730679
675.5050462878839, 9.140856073149443
675.4924887210293, 8.940981467379807
675.4799311541747, 8.741106861610163
675.4673736, 8.541232255840526
677.3970530273159, 11.539560635166026
677.3844954604613, 11.33968602939639
677.3719378936066, 11.139811423626746
677.3593803, 10.93993681785711
677.3468227598973, 10.740062212087473
677.3342651930427, 10.54018760631783
677.3217076261881, 10.340313000548193
677.3091500593334, 10.140438394778549
677.2965924924788, 9.940563789008912
677.2840349256242, 9.740689183239269
677.2714773587695, 9.540814577469632
677.2589197919149, 9.340939971699989
677.2463622250602, 9.141065365930352
677.2338046582056, 8.941190760160715
677.2212471, 8.741316154391072
677.2086895244963, 8.541441548621435
677.1961319576417, 8.341566942851792
679.1132538, 11.140020716407655
679.1006962639284, 10.940146110638018
679.0881386970738, 10.740271504868382
679.0755811302191, 10.540396899098738
679.0630235633645, 10.340522293329101
679.0504659965098, 10.140647687559458
679.0379084296552, 9.940773081789821
679.0253508628006, 9.740898476020178
679.0127932959459, 9.541023870250541
679.0002357290913, 9.341149264480897
678.9876781622366,9.141274659
678.9751206, 8.941400052941624
678.9625630285274,8.741525447
678.9500054616727, 8.541650841402344
678.9374478948181,8.341776236
678.9248903279635, 8.141901629863064
678.9123327611088,7.942027024
678.8997751942542, 7.7421524183237835
678.8872176273995,7.542277813
678.8746600605449, 7.342403206784503
678.8621024936903,7.142528601
678.8495449268356, 6.942653995245223
678.8369874, 6.7427793894755865
678.8244297931263, 6.542904783705943
678.8118722262717, 6.343030177936306
678.7993146594171, 6.143155572166663
680.8671273, 11.340104614958207
680.8545697679593, 11.140230009188564
680.8420122011047, 10.940355403418927
680.8294546, 10.74048079764929
680.8168970673954, 10.540606191879647
680.8043395005408, 10.34073158611001
680.7917819336861, 10.140856980340367
680.7792243668315,9.940982375
680.7666667999769, 9.741107768801086
680.7541092331222,9.541233163
680.7415516662676, 9.341358557261806
680.7289941,9.141483951
680.7164365325583, 8.941609345722533
680.7038789657037,8.74173474
680.6913214, 8.541860134183253
680.6787638319944, 8.341985528413609
680.6662062651397, 8.142110922643973
680.6536486982851, 7.942236316874329
680.6410911314305, 7.742361711104692
680.6285335645758, 7.542487105335049
680.6159759977212, 7.342612499565412
680.6034184308666, 7.142737893795768
680.5908608640119, 6.942863288026132
680.5783032971573, 6.742988682256495
680.5657457303026, 6.543114076486852
680.5531882, 6.343239470717215
680.5406305965934, 6.143364864947571
680.5280730297387, 5.943490259177935
680.5155154628841, 5.743615653408291
680.5029578960294, 5.543741047638655
680.4904003291748, 5.343866441869011
680.4778427623202, 5.143991836099374
680.4652851954655, 4.944117230329738
680.4527276286109, 4.744242624560094
683.2237640478676, 21.13416959045147
683.2112064810129, 20.934294984681827
683.1986489141583, 20.73442037891219
683.1860913473037, 20.534545773142554
683.1735338, 20.33467116737291
683.1609762135944, 20.134796561603274
683.1484186467397, 19.93492195583363
683.1358610798851, 19.735047350063994
683.1233035130305, 19.53517274429435
683.1107459461758, 19.335298138524713
683.0981883793212, 19.13542353275507
683.0856308124665, 18.935548926985433
683.0730732456119, 18.735674321215797
683.0605156787573, 18.535799715446153
683.0479581119026, 18.335925109676516
683.0354005, 18.136050503906873
683.0228429781934, 17.936175898137236
683.0102854113387, 17.736301292367592
682.9977278444841, 17.536426686597956
682.9851702776294, 17.336552080828312
682.9726127107748, 17.136677475058676
682.9600551439202, 16.936802869289032
682.9474975770655, 16.736928263519395
682.9349400102109, 16.53705365774976
682.9223824433562, 16.337179051980115
682.9098248765016, 16.13730444621048
682.8972673, 15.937429840440835
682.8847097427923, 15.737555234671198
682.8721521759377, 15.537680628901555
682.8595946, 15.337806023131918
682.8470370422284, 15.137931417362275
682.8344794753738, 14.938056811592638
682.8219219085191, 14.738182205823001
682.8093643416645, 14.538307600053358
682.7968067748099, 14.338432994283721
682.7842492079552, 14.138558388514078
682.7716916411006, 13.938683782744441
682.7591340742459, 13.738809176974797
682.7465765073913, 13.53893457120516
682.7340189405368, 13.339059965435517
682.7214613736821, 13.13918535966588
682.7089038068275, 12.939310753896237
682.6963462399729,12.73943615
682.6837886731182, 12.539561542356964
682.6712311062636, 12.33968693658732
682.6586735394089, 12.139812330817684
682.6461159725543, 11.93993772504804
682.6335584056997, 11.740063119278403
682.6210008, 11.54018851350876
682.6084432719904, 11.340313907739123
682.5958857051357, 11.14043930196948
682.5833281382811, 10.940564696199843
682.5707705714265, 10.740690090430206
682.5582130045718, 10.540815484660563
682.5456554377172, 10.340940878890926
682.5330978708625, 10.141066273121282
682.5205403040079, 9.941191667351646
682.5079827371533, 9.741317061582002
682.4954251702986, 9.541442455812366
682.4828676, 9.341567850042722
682.4703100365894, 9.141693244273085
682.4577524697347, 8.941818638503449
682.4451949028801, 8.741944032733805
682.4326373360254, 8.542069426964169
682.4200797691708, 8.342194821194525
682.4075222023162, 8.142320215424888
682.3949646354615, 7.942445609655245
682.3824070686069, 7.742571003885608
682.3698495017522, 7.5426963981159645
682.3572919348976, 7.342821792346328
682.3447344, 7.142947186576684
682.3321768011883, 6.943072580807048
682.3196192343337, 6.743197975037411
682.3070617, 6.5433233692677675
682.2945041006244, 6.343448763498131
682.2819465337698, 6.143574157728487
682.2693889669151, 5.943699551958851
682.2568314000605, 5.743824946189207
682.2442738332059, 5.5439503404195705
682.2317162663512, 5.344075734649927
682.2191586994966,5.144201129
682.2066011326419, 4.944326523110654
682.1940435657873,4.744451917
685.1660010547181, 24.332372575546614
685.1534434878635, 24.132497969776978
685.1408859210088, 23.932623364007334
685.1283283541542, 23.732748758237697
685.1157707872995, 23.532874152468054
685.1032132204449, 23.332999546698417
685.0906556535903, 23.133124940928774
685.0780980867356, 22.933250335159137
685.0655405, 22.733375729389493
685.0529829530263, 22.533501123619857
685.0404253861717, 22.33362651785022
685.0278678193171, 22.133751912080577
685.0153102524624, 21.93387730631094
685.0027526856078, 21.734002700541296
684.9901951187531, 21.53412809477166
684.9776375518985, 21.334253489002016
684.9650799850439, 21.13437888323238
684.9525224181892, 20.934504277462736
684.9399648513346,20.73462967
684.9274073, 20.534755065923463
684.9148497176253, 20.33488046015382
684.9022921507707, 20.135005854384183
684.8897346, 19.93513124861454
684.8771770170614, 19.735256642844902
684.8646194502068, 19.53538203707526
684.8520618833521, 19.335507431305622
684.8395043164975, 19.13563282553598
684.8269467496428, 18.935758219766342
684.8143891827882, 18.735883613996705
684.8018316159336, 18.53600900822706
684.7892740490789, 18.336134402457425
684.7767164822243, 18.13625979668778
684.7641589153696, 17.936385190918145
684.7516013,17.73651059
684.7390437816604, 17.536635979378865
684.7264862148057, 17.33676137360922
684.7139286479511, 17.136886767839584
684.7013710810965, 16.93701216206994
684.6888135142418, 16.737137556300304
684.6762559473872, 16.537262950530668
684.6636983805325, 16.337388344761024
684.6511408136779, 16.137513738991387
684.6385832468233, 15.937639133221744
684.6260256799686, 15.737764527452107
684.6134681, 15.537889921682464
684.6009105462593, 15.338015315912827
684.5883529794047, 15.138140710143183
684.5757954125501, 14.938266104373547
684.5632378456954, 14.73839149860391
684.5506802788408, 14.538516892834267
684.5381227119861, 14.33864228706463
684.5255651451315, 14.138767681294986
684.5130075782769, 13.93889307552535
684.5004500114222, 13.739018469755706
684.4878924445676, 13.53914386398607
684.4753348777131, 13.339269258216426
684.4627773108584, 13.13939465244679
684.4502197440038, 12.939520046677146
684.4376621771492, 12.739645440907509
684.4251046102945, 12.539770835137872
684.4125470434399, 12.339896229368229
684.3999894765852, 12.140021623598592
684.3874319097306, 11.940147017828949
684.3748743, 11.740272412059312
684.3623167760213, 11.540397806289668
684.3497592091667, 11.340523200520032
684.3372016, 11.140648594750388
684.3246440754574, 10.940773988980752
684.3120865086028, 10.740899383211115
684.2995289417481, 10.541024777441471
684.2869713748935, 10.341150171671835
684.2744138080388, 10.141275565902191
684.2618562411842, 9.941400960132555
684.2492986743296, 9.741526354362911
684.2367411074749, 9.541651748593274
684.2241835406203,9.341777143
684.2116259737656, 9.141902537053994
684.1990684, 8.942027931284358
684.1865108400564, 8.742153325514714
684.1739532732017, 8.542278719745077
684.1613957063471, 8.342404113975434
684.1488381394925, 8.142529508205797
684.1362805726378, 7.9426549024361535
684.1237230057832, 7.742780296666517
684.1111654389285, 7.542905690896873
684.0986078720739, 7.343031085127237
684.0860503052193, 7.143156479357593
684.0734927383646, 6.9432818735879565
684.0609352,6.743407268
684.0483776046553, 6.543532662048676
684.0358200378007,6.343658056
684.0232624709461, 6.143783450509396
684.0107049040914, 5.9439088447397594
683.9981473372368, 5.744034238970116
683.9855897703821, 5.544159633200479
683.9730322035275, 5.3442850274308356
683.9604746366729, 5.144410421661199
686.9701048261675, 25.33195489717572
686.9575473, 25.132080291406083
686.9449896924583, 24.93220568563644
686.9324321256037, 24.732331079866803
686.9198746, 24.532456474097167
686.9073169918944, 24.332581868327523
686.8947594250398, 24.132707262557886
686.8822018581851, 23.932832656788243
686.8696442913305, 23.732958051018606
686.8570867244758, 23.533083445248963
686.8445291576212, 23.333208839479326
686.8319715907666, 23.133334233709682
686.8194140239119, 22.933459627940046
686.8068564570573, 22.733585022170402
686.7942988902026, 22.533710416400766
686.7817413, 22.33383581063113
686.7691837564934, 22.133961204861485
686.7566261896387, 21.93408659909185
686.7440686227841, 21.734211993322205
686.7315110559294, 21.53433738755257
686.7189534890748, 21.334462781782925
686.7063959222202, 21.13458817601329
686.6938383553655, 20.934713570243645
686.6812807885109, 20.734838964474008
686.6687232216563, 20.53496435870437
686.6561656548016, 20.335089752934728
686.6436081, 20.13521514716509
686.6310505210923, 19.935340541395448
686.6184929542377, 19.73546593562581
686.6059354, 19.535591329856167
686.5933778205284, 19.33571672408653
686.5808202536738, 19.135842118316887
686.5682626868191, 18.93596751254725
686.5557051199645, 18.736092906777614
686.5431475531099, 18.53621830100797
686.5305899862552, 18.336343695238334
686.5180324194006, 18.13646908946869
686.5054749, 17.936594483699054
686.4929172856913, 17.73671987792941
688.7114208, 25.33216418995663
688.6988631964894, 25.132289584186992
688.6863056296347, 24.93241497841735
688.6737480627801, 24.732540372647712
688.6611904959254, 24.532665766878075
688.6486329290708, 24.33279116110843
688.6360753622162, 24.132916555338795
688.6235177953615, 23.93304194956915
688.6109602285069, 23.733167343799515
688.5984026616522, 23.53329273802987
688.5858450947976, 23.333418132260235
688.5732875, 23.13354352649059
688.5607299610883, 22.933668920720955
688.5481723942337, 22.73379431495131
688.5356148, 22.533919709181674
688.5230572605244, 22.334045103412038
688.5104996936698, 22.134170497642394
688.4979421268151, 21.934295891872758
688.4853845599605, 21.734421286103114
688.4728269931059, 21.534546680333477
688.4602694262512, 21.334672074563834
690.4527367005203, 25.332373482737545
690.4401791336657, 25.132498876967908
690.4276216, 24.932624271198264
690.4150639999564, 24.732749665428628
690.4025064331017, 24.53287505965899
690.3899488662471, 24.333000453889348
690.3773912993925, 24.13312584811971
690.3648337325378, 23.933251242350067
690.3522761656832, 23.73337663658043
690.3397185988285, 23.533502030810787
690.3271610319739, 23.33362742504115
690.3146034651193, 23.133752819271507
690.3020458982646, 22.93387821350187
690.2894883, 22.734003607732227
690.2769307645553, 22.53412900196259
690.2643731977007, 22.334254396192954
690.2518156308461, 22.13437979042331
690.2392580639914, 21.934505184653673
690.2267004971368, 21.73463057888403
690.2141429302822, 21.534755973114393
692.1187072365688, 24.13333514090062
692.1061496697141, 23.933460535130976
692.0935921028595, 23.73358592936134
692.0810345360048, 23.533711323591696
692.0684769691502, 23.33383671782206
692.0559194022956, 23.133962112052416
692.0433618354409, 22.93408750628278
692.0308042685863, 22.734212900513135
692.0182467017316,22.53433829
692.0056891, 22.334463688973862
691.9931315680224, 22.13458908320422
691.9805740011677, 21.934714477434582
691.9680164343131, 21.73483987166494
691.9554588674584, 21.534965265895302
691.9429013006038, 21.33509066012566
691.9303437337492, 21.13521605435602
691.9177861668945, 20.935341448586378
691.9052286000399, 20.73546684281674
691.8926710331853, 20.535592237047105
691.8801134663306, 20.33571763127746
691.8675559, 20.135843025507825
691.8549983326213, 19.93596841973818
691.8424407657667, 19.736093813968544
691.8298831989121,19.53621921
691.8173256320574, 19.336344602429264
691.8047680652028, 19.13646999665962
691.7922104983481, 18.936595390889984
691.7796529314935, 18.736720785120347
693.8600231737452, 24.13354443368153
693.8474656068905, 23.933669827911885
693.8349080400359, 23.73379522214225
693.8223504731812, 23.533920616372605
693.8097929063266, 23.334046010602968
693.7972353, 23.134171404833324
693.7846777726173, 22.934296799063688
693.7721202057627, 22.734422193294044
693.7595626, 22.534547587524408
693.7470050720534, 22.33467298175477
693.7344475051988, 22.134798375985127
693.7218899383441, 21.93492377021549
693.7093323714895, 21.735049164445847
693.6967748046349, 21.53517455867621
693.6842172377802, 21.335299952906567
693.6716596709256, 21.13542534713693
693.6591021040709, 20.935550741367287
693.6465445372163, 20.73567613559765
693.6339869703617, 20.535801529828014
693.6214294, 20.33592692405837
693.6088718366524, 20.136052318288733
693.5963142697977, 19.93617771251909
693.5837567029431, 19.736303106749453
693.5711991360885, 19.53642850097981
693.5586415692338, 19.336553895210173
693.5460840023792, 19.13667928944053
693.5335264355245, 18.936804683670893
693.5209688686699, 18.736930077901256
693.5084113018153, 18.537055472131613
693.4958537349606, 18.337180866361976
693.4832962, 18.137306260592332
695.6013391109215, 24.133753726462444
695.5887815440668,23.93387912
695.5762239772122, 23.734004514923164
695.5636664103575, 23.53412990915352
695.5511088435029, 23.334255303383884
695.5385512766483, 23.13438069761424
695.5259937097936, 22.934506091844604
695.5134361, 22.73463148607496
695.5008785760843, 22.534756880305324
695.4883210092297, 22.334882274535687
695.4757634423751, 22.135007668766043
695.4632058755204, 21.935133062996407
695.4506483086658, 21.735258457226763
695.4380907418112, 21.535383851457127
695.4255331749565, 21.335509245687483
695.4129756081019, 21.135634639917846
695.4004180412472, 20.935760034148203
695.3878604743926, 20.735885428378566
695.3753029, 20.53601082260893
695.3627453406833, 20.336136216839286
695.3501877738287, 20.13626161106965
695.3376302, 19.936387005300006
695.3250726401194, 19.73651239953037
695.3125150732648, 19.536637793760725
695.2999575064101, 19.33676318799109
695.2873999395555, 19.136888582221445
695.2748423727008, 18.93701397645181
695.2622848058462, 18.737139370682172
695.2497272389916, 18.53726476491253
695.2371696721369, 18.337390159142892
695.2246121052823, 18.137515553373248
695.2120545384277, 17.93764094760361
695.199497, 17.737766341833968
695.1869394047184, 17.53789173606433
695.1743818378637, 17.338017130294688
695.1618242710091, 17.13814252452505
695.1492667041545, 16.938267918755407
695.1367091372998, 16.73839331298577
695.1241515704452, 16.538518707216134
697.3049823, 23.53433920193443
697.2924247806793, 23.334464596164793
697.2798672138247, 23.13458999039515
697.2673096, 22.934715384625513
697.2547520801154, 22.73484077885587
697.2421945132608, 22.534966173086232
697.2296369464061, 22.335091567316596
697.2170793795515, 22.135216961546952
697.2045218126968, 21.935342355777316
697.1919642458422, 21.735467750007672
697.1794066789876, 21.535593144238035
697.1668491121329, 21.33571853846839
697.1542915452783, 21.135843932698755
697.1417339784236, 20.93596932692911
697.1291764, 20.736094721159475
697.1166188447144, 20.53622011538984
697.1040612778597, 20.336345509620195
697.0915037110051, 20.136470903850558
697.0789461441504, 19.936596298080914
697.0663885772958, 19.736721692311278
697.0538310104412, 19.536847086541634
697.0412734435865, 19.336972480771998
697.0287158767319, 19.137097875002354
697.0161583098773, 18.937223269232717
697.0036007430226, 18.73734866346308
696.9910432, 18.537474057693437
696.9784856093133,18.33759945
696.9659280424587, 18.137724846154157
696.9533704756041, 17.93785024038452
696.9408129087494, 17.737975634614877
696.9282553418948, 17.53810102884524
696.9156977750401, 17.338226423075596
696.9031402081855, 17.13835181730596
696.8905826413309, 16.938477211536316
696.8780250744762, 16.73860260576668
696.8654675076216, 16.538727999997043
696.8529099,16.33885339
699.0462982847102, 23.534548494715338
699.0337407178556,23.33467389
699.0211832, 23.134799283176058
699.0086255841463, 22.93492467740642
698.9960680172917, 22.735050071636778
698.9835105, 22.53517546586714
698.9709528835824, 22.335300860097504
698.9583953167278, 22.13542625432786
698.9458377498731, 21.935551648558224
698.9332801830185, 21.73567704278858
698.9207226161639, 21.535802437018944
698.9081650493092,21.33592783
698.8956074824546, 21.136053225479664
698.8830499155999, 20.93617861971002
698.8704923487453, 20.736304013940384
698.8579347818907, 20.536429408170747
698.8453772, 20.336554802401103
698.8328196481814, 20.136680196631467
698.8202620813267, 19.936805590861823
698.8077045144721, 19.736930985092187
698.7951469476175, 19.537056379322543
698.7825893807628, 19.337181773552906
698.7700318139082, 19.137307167783263
698.7574742470536, 18.937432562013626
698.7449166801989, 18.73755795624399
698.7323591133443, 18.537683350474346
698.7198015464896, 18.33780874470471
698.707244, 18.137934138935066
698.6946864127804, 17.93805953316543
698.6821288459257, 17.738184927395785
698.6695712790711, 17.53831032162615
698.6570137122164, 17.338435715856505
698.6444561453618, 17.13856111008687
698.6318985785072, 16.938686504317225
698.6193410116525, 16.73881189854759
698.6067834447979, 16.538937292777952
700.8001717887412, 23.73463239326589
700.7876142218865, 23.534757787496247
700.7750566550319, 23.33488318172661
700.7624990881773, 23.135008575956967
700.7499415213226, 22.93513397018733
700.737384, 22.735259364417686
700.7248263876133, 22.53538475864805
700.7122688207587, 22.335510152878413
700.6997112539041, 22.13563554710877
700.6871536870494, 21.935760941339133
700.6745961201948, 21.73588633556949
700.6620385533402, 21.536011729799853
700.6494809864855, 21.33613712403021
700.6369234196309, 21.136262518260573
700.6243658527762, 20.93638791249093
700.6118082859216, 20.736513306721292
700.5992507, 20.536638700951656
700.5866931522123, 20.336764095182012
700.5741355853577, 20.136889489412376
700.561578, 19.937014883642732
700.5490204516484, 19.737140277873095
700.5364628847938, 19.53726567210345
700.5239053179391, 19.337391066333815
700.5113477510845, 19.13751646056417
700.4987901842298, 18.937641854794535
702.5414877259176, 23.734841686046806
702.5289302, 23.534967080277163
702.5163725922083, 23.335092474507526
702.5038150253537, 23.135217868737882
702.4912575, 22.935343262968246
702.4786998916444, 22.735468657198602
702.4661423247898, 22.535594051428966
702.4535847579351, 22.33571944565933
702.4410271910805, 22.135844839889685
702.4284696242258, 21.93597023412005
702.4159120573712, 21.736095628350405
702.4033544905166, 21.53622102258077
702.3907969236619, 21.336346416811125
702.3782393568073, 21.13647181104149
702.3656817899526, 20.936597205271845
702.3531242, 20.736722599502208
702.3405666562434, 20.53684799373257
702.3280090893887, 20.336973387962928
702.3154515225341, 20.13709878219329
702.3028939556795, 19.937224176423648
702.2903363888248, 19.73734957065401
702.2777788219702, 19.537474964884368
702.2652212551155, 19.33760035911473
702.2526636882609, 19.137725753345087
702.2401061214063, 18.93785114757545
704.2828036630939, 23.735050978827715
704.2702460962392, 23.53517637305807
704.2576885293846, 23.335301767288435
704.245131, 23.13542716151879
704.2325733956753, 22.935552555749155
704.2200158288207, 22.73567794997951
704.2074583, 22.535803344209874
704.1949006951114, 22.335928738440238
704.1823431282568, 22.136054132670594
704.1697855614021, 21.936179526900958
704.1572279945475, 21.736304921131314
704.1446704276929, 21.536430315361677
704.1321128608382, 21.336555709592034
704.1195552939836, 21.136681103822397
704.1069977271289, 20.936806498052754
704.0944401602743, 20.736931892283117
704.0818825934197, 20.53705728651348
704.069325, 20.337182680743837
704.0567674597104,20.13730807
704.0442098928557, 19.937433469204557
704.0316523260011, 19.73755886343492
704.0190947591465, 19.537684257665276
704.0065371922918, 19.33780965189564
703.9939796254372, 19.137935046125996
703.9814220585826, 18.93806044035636
706.0241196002702, 23.735260271608624
706.0115620334155, 23.53538566583898
705.9990044665609, 23.335511060069344
705.9864468997063,23.13563645
705.9738893328516, 22.935761848530063
705.9613318, 22.73588724276042
705.9487741991423, 22.536012636990783
705.9362166322877, 22.336138031221147
705.9236590654331, 22.136263425451503
705.9111014985784, 21.936388819681866
705.8985439317238, 21.736514213912223
705.8859863648692, 21.536639608142586
705.8734287980145, 21.336765002372942
705.8608712311599, 21.136890396603306
705.8483136643052, 20.937015790833662
705.8357560974506, 20.737141185064026
705.8231985, 20.53726657929439
705.8106409637413, 20.337391973524745
705.7980833968867, 20.13751736775511
705.7855258, 19.937642761985465
705.7729682631774, 19.73776815621583
707.7654355374466, 23.735469564389533
707.752878, 23.53559495861989
707.7403204037373, 23.335720352850252
707.7277628368827, 23.13584574708061
707.7152053, 22.935971141310972
707.7026477031734, 22.73609653554133
707.6900901363188, 22.536221929771692
707.6775325694641, 22.336347324002055
707.6649750026095, 22.13647271823241
707.6524174357548, 21.936598112462775
707.6398598689002, 21.73672350669313
707.6273023020456, 21.536848900923495
707.6147447351909, 21.33697429515385
707.6021871683363, 21.137099689384215
709.6323271431692, 25.734424914866842
709.6197695763145, 25.534550309097206
709.607212, 25.334675703327562
709.5946544426054, 25.134801097557926
709.5820968757507, 24.934926491788282
709.5695393088961, 24.735051886018645
709.5569817420414, 24.53517728024901
709.5444241751868, 24.335302674479365
709.5318666083322, 24.13542806870973
709.5193090414775, 23.935553462940085
709.5067514746229, 23.73567885717045
709.4941939077682, 23.535804251400805
709.4816363409136, 23.33592964563117
709.4690788, 23.136055039861525
709.4565212072043, 22.936180434091888
709.4439636403497, 22.736305828322244
709.4314061, 22.536431222552608
709.4188485066404, 22.33655661678297
709.4062909397858, 22.136682011013328
709.3937333729311, 21.93680740524369
709.3811758060765, 21.736932799474047
709.3686182392219, 21.53705819370441
709.3560606723672, 21.337183587934767
711.3736430803455, 25.73463420764775
711.3610855134908, 25.534759601878115
711.3485279466363, 25.33488499610847
711.3359703797817, 25.135010390338834
711.3234128, 24.93513578456919
711.3108552460724, 24.735261178799554
711.2982976792177, 24.535386573029918
711.2857401123631, 24.335511967260274
711.2731825455085, 24.135637361490637
711.2606249786538, 23.935762755720994
711.2480674117992, 23.735888149951357
711.2355098449445, 23.536013544181714
711.2229522780899, 23.336138938412077
711.2103947112353, 23.136264332642433
711.1978371443806, 22.936389726872797
711.1852796, 22.736515121103153
711.1727220106714, 22.536640515333517
711.1601644438167, 22.33676590956388
711.1476068769621, 22.136891303794236
711.1350493101074,21.9370167
711.1224917432528, 21.737142092254956
711.1099341763982, 21.53726748648532
713.1149590175219, 25.73484350042866
713.1024014506672, 25.534968894659023
713.0898438838126, 25.33509428888938
713.0772863169581, 25.135219683119743
713.0647287501034,24.93534508
713.0521711832488, 24.735470471580463
713.0396136163941, 24.535595865810826
713.0270560495395, 24.335721260041183
713.0144984826849, 24.135846654271546
713.0019409158302, 23.935972048501903
712.9893833489756, 23.736097442732266
712.9768258, 23.536222836962622
712.9642682152663, 23.336348231192986
712.9517106484117, 23.136473625423342
712.9391531, 22.936599019653706
712.9265955147024, 22.736724413884062
712.9140379478478, 22.536849808114425
712.9014803809931, 22.33697520234479
712.8889228141385, 22.137100596575145
712.8763652472838, 21.93722599080551
714.8437173878435, 25.535178187439932
714.8311598209889, 25.33530358167029
714.8186022541344, 25.135428975900652
714.8060446872797, 24.93555437013101
714.7934871204251, 24.73567976436137
714.7809295535704, 24.535805158591735
714.7683719867158, 24.33593055282209
714.7558144198612, 24.136055947052455
714.7432568530065, 23.93618134128281
714.7306992861519, 23.736306735513175
714.7181417192973, 23.53643212974353
714.7055841524426, 23.336557523973894
714.6930266, 23.13668291820425
714.6804690187333, 22.936808312434614
714.6679114518787, 22.73693370666497
714.6553539, 22.537059100895334
714.6427963181694, 22.337184495125697
714.6302387513148, 22.137309889356054
714.6176811844601, 21.937435283586417
714.6051236176055, 21.737560677816774
714.5925660507509, 21.537686072047137
714.5800084838962, 21.337811466277493
714.5674509170416, 21.137936860507857
714.5548934, 20.938062254738213
714.5423357833323, 20.738187648968577
714.5297782164777, 20.53831304319894
714.5172206, 20.338438437429296
714.5046630827684, 20.13856383165966
714.4921055159137, 19.938689225890016
714.4795479490591, 19.73881462012038
714.4669903822045, 19.538940014350736
714.4544328153498,19.33906541
714.4418752484952, 19.139190802811456
714.4293176816406, 18.93931619704182
714.4167601147859, 18.739441591272183
716.5348030576015, 24.735889057142288
716.5222454907469, 24.53601445137265
716.5096879238922, 24.336139845603007
716.4971303570376, 24.13626523983337
716.4845727901829, 23.936390634063727
716.4720152233283, 23.73651602829409
716.4594576564737, 23.536641422524447
716.4469001, 23.33676681675481
716.4343425227644, 23.136892210985167
716.4217849559097, 22.93701760521553
716.4092273890551, 22.737142999445886
716.3966698222005, 22.53726839367625
716.3841122553458, 22.337393787906613
716.3715546884912, 22.13751918213697
716.3589971216365, 21.937644576367333
716.3464395547819, 21.73776997059769
716.3338819879273, 21.537895364828053
716.3213244210726, 21.33802075905841
716.3087669, 21.138146153288773
716.2962092873634, 20.93827154751913
716.2836517205087, 20.738396941749492
716.2710941536541, 20.538522335979856
716.2585365867994, 20.338647730210212
716.2459790199448, 20.138773124440576
716.2334214530902, 19.938898518670932
716.2208638862355, 19.739023912901295
716.2083063193809, 19.53914930713165
716.1957487525262, 19.339274701362015
716.1831911856716, 19.13940009559237
716.1706336, 18.939525489822735
716.1580760519623,18.73965088
716.1455184851077, 18.539776278283455
716.1329609, 18.339901672513818
716.1204033513984, 18.140027066744175
716.1078457845438, 17.940152460974538
716.0952882176891, 17.740277855204894
716.0827306508345, 17.540403249435258
716.0701730839799, 17.340528643665614
716.0576155171252, 17.140654037895978
716.0450579502706, 16.940779432126334
716.0325003834159, 16.740904826356697
716.0199428165613, 16.54103022058706
716.0073852497067, 16.341155614817417
715.9948277, 16.14128100904778
715.9822701159974, 15.941406403278137
715.9697125491427,15.7415318
715.9571549822881, 15.541657191738857
718.2258887273592, 23.936599926844636
718.2133311605046,23.73672532
718.2007736, 23.536850715305356
718.1882160267953, 23.33697610953572
718.1756584599407, 23.137101503766075
718.1631009, 22.93722689799644
718.1505433262314, 22.737352292226795
718.1379857593768, 22.53747768645716
718.1254281925221, 22.337603080687522
718.1128706256675, 22.13772847491788
718.1003130588128, 21.937853869148242
718.0877554919582, 21.737979263378598
718.0751979251036, 21.53810465760896
718.0626403582489, 21.338230051839318
718.0500827913943, 21.13835544606968
718.0375252245396, 20.938480840300038
718.0249677,20.73860623
718.0124100908304, 20.538731628760765
717.9998525239757, 20.33885702299112
717.9872949571211, 20.138982417221484
717.9747373902665, 19.93910781145184
717.9621798234118, 19.739233205682204
717.9496222565572, 19.53935859991256
717.9370646897025, 19.339483994142924
717.9245071228479, 19.13960938837328
717.9119495559933, 18.939734782603644
717.8993919891386, 18.739860176834007
717.8868344, 18.539985571064364
717.8742768554293, 18.340110965294727
717.8617192885747, 18.140236359525083
717.8491617217201, 17.940361753755447
717.8366041548654, 17.740487147985803
717.8240465880108, 17.540612542216167
717.8114890211561, 17.340737936446523
717.7989314543015, 17.140863330676886
717.7863738874469, 16.940988724907243
717.7738163205922, 16.741114119137606
717.7612587537376, 16.54123951336797
717.7487012, 16.341364907598326
717.7361436200283, 16.14149030182869
717.7235860531737, 15.941615696059046
717.7110285, 15.741741090289409
717.6984709194644, 15.541866484519765
717.6859133526098, 15.341991878750129
717.6733557857551, 15.142117272980485
717.6607982189005, 14.942242667210849
717.6482406520458, 14.742368061441212
717.6356830851912, 14.542493455671568
717.4849922829357, 12.143998186435894
719.6030352, 18.140445652305992
719.5904776588964, 17.940571046536355
719.5779200920417, 17.740696440766712
719.5653625251871, 17.540821834997075
719.5528049583324, 17.34094722922743
719.5402473914778, 17.141072623457795
719.5276898246232, 16.94119801768815
719.5151322577685, 16.741323411918515
719.5025746909139, 16.54144880614888
719.4900171240592, 16.341574200379235
719.4774595572046, 16.141699594609598
719.464902, 15.941824988839954
719.4523444234953, 15.741950383070318
719.4397868566407, 15.542075777300674
719.4272293, 15.342201171531038
719.4146717229314, 15.142326565761394
719.4021141560768, 14.942451959991757
719.3895565892221, 14.74257735422212
719.3769990223675, 14.542702748452477
719.3644414555129, 14.34282814268284
719.3518838886582, 14.142953536913197
719.3393263218036, 13.94307893114356
719.3267688, 13.743204325373917
719.3142111880943, 13.54332971960428
719.3016536212398, 13.343455113834636
719.2890960543851,13.14358051
719.2765384875305, 12.943705902295356
719.2639809206759, 12.74383129652572
719.2514233538212, 12.543956690756083
719.2388657869666, 12.34408208498644
719.2263082, 12.144207479216803
719.2137506532573, 11.94433287344716
719.2011930864027, 11.744458267677523
721.3945814, 18.94015336816546
721.3820238634913, 18.740278762395825
721.3694662966367, 18.54040415662618
721.3569087, 18.340529550856544
721.3443511629274,18.14065495
721.3317935960728, 17.940780339317264
721.3192360292181, 17.74090573354762
721.3066784623635, 17.541031127777984
721.2941208955089, 17.34115652200834
721.2815633286542, 17.141281916238704
721.2690057617996, 16.94140731046906
721.2564481949449, 16.741532704699424
721.2438906280903, 16.541658098929787
721.2313330612357, 16.341783493160143
721.2187755, 16.141908887390507
721.2062179275264, 15.942034281620863
721.1936603606717, 15.742159675851227
721.1811027938171, 15.542285070081583
721.1685452269625, 15.342410464311946
721.1559876601078, 15.142535858542303
721.1434300932532, 14.942661252772666
721.1308725263985, 14.74278664700303
721.1183149595439, 14.542912041233386
721.1057573926893, 14.34303743546375
721.0931998258346, 14.143162829694106
721.0806423, 13.943288223924469
721.0680846921254, 13.743413618154825
721.0555271252707, 13.543539012385189
721.0429695584162, 13.343664406615545
721.0304119915616, 13.143789800845909
721.0178544247069, 12.943915195076265
721.0052968578523, 12.744040589306628
720.9927392909976, 12.544165983536992
720.9801817, 12.344291377767348
720.9676241572884, 12.144416771997712
720.9550665904337, 11.944542166228068
720.9425090235791, 11.744667560458431
720.9299514567244, 11.544792954688788
723.1358973675223, 18.940362660946377
723.1233398006676, 18.74048805517674
723.1107822, 18.540613449407097
723.0982246669583, 18.34073884363746
723.0856671001037, 18.140864237867817
723.0731095332491, 17.94098963209818
723.0605519663944, 17.741115026328536
723.0479943995398,17.54124042
723.0354368326851, 17.341365814789256
723.0228792658305, 17.14149120901962
723.0103216989759, 16.941616603249976
722.9977641321212, 16.74174199748034
722.9852065652666, 16.541867391710703
722.972649, 16.34199278594106
722.9600914315573, 16.142118180171423
722.9475338647027, 15.942243574401779
722.9349763, 15.742368968632142
722.9224187309934, 15.542494362862499
722.9098611641388, 15.342619757092862
722.8973035972841, 15.142745151323219
722.8847460304295, 14.942870545553582
722.8721884635748, 14.742995939783945
722.8596308967202, 14.543121334014302
722.8470733298656, 14.343246728244665
722.8345157630109, 14.143372122475022
722.8219581961563, 13.943497516705385
722.8094006293016, 13.743622910935741
722.7968431, 13.543748305166105
722.7842854955925, 13.343873699396461
722.7717279287378, 13.143999093626825
722.7591703618832, 12.94412448785718
722.7466127950286, 12.744249882087544
722.7340552281739, 12.544375276317908
722.7214976613193, 12.344500670548264
722.7089400944647, 12.144626064778627
722.6963825, 11.944751459008984
722.6838249607554, 11.744876853239347
722.6712673939007, 11.545002247469704
722.6587098270461, 11.345127641700067
722.6461522601915, 11.145253035930423
722.6335946933368, 10.945378430160787
722.6210371264822, 10.74550382439115
722.6084795596275, 10.545629218621507
722.5959219927729, 10.34575461285187
722.5833644259183, 10.145880007082226
722.5708068590636,9.946005401
722.5582493, 9.746130795542946
722.5456917253543,9.54625619
722.5331341584997, 9.346381584003666
722.5205765916451,9.146506978
722.5080190247904, 8.946632372464393
722.4954614579358,8.746757767
722.4829038910812, 8.546883160925113
722.4703463242265, 8.347008555155469
724.8646557378439, 18.74069734795765
724.8520981709893, 18.540822742188006
724.8395406041346, 18.34094813641837
724.826983, 18.141073530648725
724.8144254704254, 17.94119892487909
724.8018679035707, 17.741324319109445
724.7893103367161, 17.54144971333981
724.7767527698614, 17.341575107570165
724.7641952030068, 17.14170050180053
724.7516376361522, 16.941825896030885
724.7390800692975, 16.741951290261248
724.7265225024429, 16.54207668449161
724.7139649355883, 16.342202078721968
724.7014073687336, 16.14232747295233
724.6888498, 15.942452867182688
724.6762922350243, 15.742578261413051
724.6637346681697, 15.542703655643408
724.6511771, 15.342829049873771
724.6386195344604, 15.142954444104127
724.6260619676058, 14.94307983833449
724.6135044007511, 14.743205232564854
724.6009468338965, 14.54333062679521
724.5883892670419, 14.343456021025574
724.5758317001872, 14.14358141525593
724.5632741333326, 13.943706809486294
724.5507166, 13.74383220371665
724.5381589996233, 13.543957597947013
724.5256014327688, 13.34408299217737
724.5130438659141, 13.144208386407733
724.5004862990595, 12.94433378063809
724.4879287322049, 12.744459174868453
724.4753711653502, 12.544584569098816
724.4628135984956, 12.344709963329173
724.450256, 12.144835357559536
724.4376984647863, 11.944960751789893
724.4251408979317, 11.745086146020256
724.4125833, 11.545211540250612
724.4000257642224, 11.345336934480976
724.3874681973678, 11.145462328711332
724.3749106305131, 10.945587722941696
724.3623530636585, 10.745713117172059
724.3497954968038, 10.545838511402415
724.3372379299492, 10.345963905632779
724.3246803630946, 10.146089299863135
724.3121227962399, 9.946214694093499
724.2995652293853, 9.746340088323855
724.2870076625306, 9.546465482554218
724.2744501, 9.346590876784575
724.2618925288214, 9.146716271014938
724.2493349619667, 8.946841665245302
724.2367773951121, 8.746967059475658
724.2242198282574, 8.547092453706021
724.2116622614028, 8.347217847936378
724.1991046945482, 8.147343242166741
724.1865471276935, 7.947468636397097
724.1739895608389, 7.747594030627461
724.1614319939843, 7.547719424857817
724.1488744271296, 7.347844819088181
724.1363169, 7.147970213318537
724.1237592934203,6.948095608
724.1112017265657, 6.748221001779264
724.0986441597111,6.548346396
724.0860865928564, 6.348471790239984
724.0735290260018,6.148597184
724.0609714591471, 5.948722578700703
724.0484138922925,5.748847973
724.0358563254379, 5.548973367161423
724.0232987585832, 5.3490987613917795
724.0107411917286, 5.149224155622143
723.9981836, 4.949349549852506
723.9856260580193, 4.749474944082863
723.9730684911647, 4.549600338313226
723.9605109, 4.3497257325435825
723.9479533574554, 4.149851126773946
723.9353957906008, 3.9499765210043023
723.9228382237461, 3.7501019152346657
723.9102806568915, 3.550227309465022
723.8977230900368, 3.3503527036953855
723.8851655231822, 3.150478097925742
723.8726079563276, 2.9506034921561124
723.8600503894729, 2.7507288863864545
723.8474928226183, 2.550854280616818
723.8349352557636, 2.3509796748471814
723.8223777, 2.151105069077545
723.8098201220544, 1.951230463307894
723.7972625551997, 1.7513558575382575
723.7847049883451, 1.551481251768621
723.7721474214906, 1.3516066459989844
723.7595898546359, 1.1517320402293336
723.7470322877813, 0.9518574344596971
726.1538992682534, 11.545420833031521
726.1413417013988, 11.345546227261885
726.1287841345442, 11.14567162149224
726.1162265676895, 10.945797015722604
726.1036690008349, 10.745922409952968
726.0911114339802, 10.546047804183324
726.0785538671256, 10.346173198413688
726.0659963, 10.146298592644044
726.0534387334163, 9.946423986874407
726.0408811665617, 9.746549381104764
726.0283236, 9.546674775335127
726.0157660328524, 9.346800169565483
726.0032084659978, 9.146925563795847
725.9906508991431,8.947050958
725.9780933322885, 8.747176352256567
725.9655357654339,8.547301746
725.9529781985792, 8.347427140717286
725.9404206317246,8.147552535
725.9278630648699, 7.947677929178006
725.9153054980153,7.747803323
725.9027479311607, 7.547928717638726
725.8901904, 7.348054111869089
725.8776327974514, 7.148179506099446
725.8650752305967, 6.948304900329809
725.8525176637421, 6.748430294560173
725.8399600968875, 6.548555688790529
725.8274025300328, 6.348681083020892
725.8148449631782, 6.148806477251249
725.8022873963235, 5.948931871481612
725.7897298294689, 5.7490572657119685
725.7771722626143, 5.549182659942332
725.7646146957596, 5.349308054172688
725.7520571, 5.149433448403052
725.7394995620504, 4.949558842633415
725.7269419951957, 4.7496842368637715
725.7143844283411, 4.549809631094135
725.7018268614864, 4.349935025324491
725.6892692946318, 4.150060419554855
725.6767117277772, 3.950185813785211
725.6641541609225, 3.7503112080155745
725.6515965940679, 3.550436602245931
725.6390390272132, 3.3505619964762943
725.6264814603586, 3.1506873907066506
725.6139239, 2.950812784937021
725.6013663266493, 2.7509381791673775
725.5888087597947, 2.551063573397741
725.5762512, 2.3511889676281044
725.5636936260854, 2.151314361858468
725.5511360592308, 1.951439756088817
725.5385784923761, 1.7515651503191805
725.5260209255216, 1.551690544549544
725.5134634, 1.3518159387799074
725.5009057918123, 1.1519413330102566
725.4883482249577,0.952066727
725.4757907, 0.7521921214709835
725.4632330912484, 0.5523175157013469
725.4506755243938, 0.35244290993171035
725.4381179575391, 0.15256830416205958
725.4255603906845,-0.047306302
727.5561609003545, 6.149015770032165
727.5436033334998, 5.949141164262528
727.5310457666452, 5.749266558492884
727.5184881997906, 5.549391952723248
727.5059306329359, 5.349517346953604
727.4933730660813, 5.149642741183968
727.4808154992267, 4.949768135414331
727.4682579, 4.749893529644687
727.4557003655174, 4.550018923875051
727.4431427986627, 4.350144318105407
727.4305852318081, 4.150269712335771
727.4180276649535, 3.950395106566127
727.4054700980988, 3.7505205007964904
727.3929125312442, 3.5506458950268467
727.3803549643895,3.350771289
727.3677973975349, 3.1508966834875665
727.3552398306803, 2.951022077717937
727.3426822638256, 2.7511474719482862
727.3301247, 2.5512728661786497
727.3175671301163, 2.351398260409013
727.3050095632617, 2.1515236546393766
727.2924519964071, 1.9516490488697258
727.2798944295524, 1.7517744431000892
727.2673368626979, 1.5518998373304527
727.2547792958433, 1.352025231560816
727.2422217289886, 1.1521506257911653
727.2296642, 0.9522760200215288
727.2171065952793, 0.7524014142518922
727.2045490284247, 0.5525268084822557
727.1919914615701, 0.3526522027126191
727.1794338947154, 0.15277759694296833
727.1668763278608,-0.047097009
728.9333073987465, 0.35286149549352785
728.9207498318918, 0.15298688972387708
728.9081922650372,-0.046887716
730.7374112, 1.3524438171226336
730.7248536033413, 1.1525692113529828
730.7122960364867, 0.9526946055833463
730.6997385, 0.7528199998137097
730.6871809027774, 0.5529453940440732
730.6746233359228, 0.3530707882744366
730.6620657690681, 0.15319618250478584
730.6495082022135,-0.046678423
732.830339, 6.949142071453451
732.8177814124474, 6.749267465683815
732.8052238455928, 6.549392859914171
732.7926662787381, 6.3495182541445345
732.7801087118835, 6.149643648374891
732.7675511450288, 5.949769042605254
732.7549935781742, 5.749894436835611
732.7424360113196, 5.550019831065974
732.7298784444649,5.350145225
732.7173208776103, 5.150270619526694
732.7047633107557, 4.950396013757057
732.6922057, 4.750521407987414
732.6796481770464, 4.550646802217777
732.6670906101917, 4.350772196448133
732.6545330433371, 4.150897590678497
732.6419754764825, 3.951022984908853
732.6294179096278, 3.7511483791392166
732.6168603427732, 3.551273773369573
732.6043027759185, 3.3513991675999364
732.5917452090639, 3.1515245618302927
732.5791876422093, 2.9516499560606633
732.5666300753546, 2.7517753502910125
732.5540725, 2.551900744521376
732.5415149416453, 2.3520261387517394
732.5289573747907, 2.152151532982103
732.5163998079361, 1.952276927212452
732.5038422410814, 1.7524023214428155
732.4912846742268, 1.552527715673179
732.4787271073723, 1.3526531099035424
732.4661695405176, 1.1527785041338916
732.453612,0.952903898
732.4410544068083, 0.7530292925946185
732.4284968399537, 0.5531546868249819
732.4159392730991, 0.35328008105534536
732.4033817062444, 0.1534054752856946
732.3908241393898,-0.04646913
734.9986121895361, 13.745087960402117
734.9860546226814, 13.54521335463248
734.9734970558269, 13.345338748862837
734.9609394889723,13.14546414
734.9483819221176, 12.945589537323556
734.9358244, 12.74571493155392
734.9232667884083, 12.545840325784283
734.9107092215537, 12.34596572001464
734.8981516546991, 12.146091114245003
734.8855940878444, 11.94621650847536
734.8730365209898, 11.746341902705723
734.8604789541351, 11.546467296936079
734.8479213872805, 11.346592691166443
734.8353638204259, 11.146718085396799
734.8228062535712, 10.946843479627162
734.8102486867166, 10.746968873857526
734.7976911, 10.547094268087882
734.7851335530073, 10.347219662318246
734.7725759861527, 10.147345056548602
734.7600184, 9.947470450778965
734.7474608524434, 9.747595845009322
734.7349032855888, 9.547721239239685
734.7223457187341, 9.347846633470041
734.7097881518795, 9.147972027700405
734.6972305850248, 8.948097421930768
734.6846730181702, 8.748222816161125
734.6721154513156, 8.548348210391488
734.6595578844609, 8.348473604621844
734.6470003176063, 8.148598998852208
734.6344427507516, 7.948724393082564
734.6218852, 7.748849787312928
734.6093276170424, 7.548975181543284
734.5967700501877, 7.349100575773647
734.5842124833331, 7.149225970004004
734.5716549164785, 6.949351364234367
734.5590973496238, 6.749476758464731
734.5465397827692, 6.549602152695087
734.5339822159145,6.349727547
734.5214246490599, 6.149852941155807
734.5088670822053,5.949978335
734.4963095153506, 5.7501037296165265
734.4837519,5.550229124
734.4711943816413, 5.350354518077246
734.4586368147867,5.150479912
734.4460792479321, 4.950605306537973
734.4335216810774, 4.7507307007683295
734.4209641142228, 4.550856094998693
734.4084065473681, 4.350981489229049
734.3958489805135, 4.151106883459413
734.3832914136589, 3.951232277689769
734.3707338468042, 3.7513576719201325
734.3581762799496, 3.551483066150489
734.3456187, 3.3516084603808523
734.3330611462403, 3.1517338546112086
734.3205035793857, 2.951859248841579
734.307946, 2.7519846430719213
734.2953884456764, 2.5521100373022847
734.2828308788218, 2.352235431532648
734.2702733119671, 2.1523608257630116
734.2577157451125, 1.9524862199933608
734.2451581782578, 1.7526116142237242
734.2326006114033, 1.5527370084540877
734.2200430445487, 1.3528624026844511
734.2074855, 1.1529877969148004
734.1949279108394, 0.9531131911451638
734.1823703439848, 0.7532385853755272
734.1698127771301, 0.5533639796058907
734.1572552102755, 0.3534893738362541
734.1446976434208, 0.15361476806660335
734.1321400765662,-0.046259838
736.7399281267124, 13.745297253183026
736.7273705598577, 13.545422647413389
736.7148129930032, 13.345548041643745
736.7022554261486, 13.145673435874109
736.6896978592939, 12.945798830104465
736.6771402924393, 12.745924224334829
736.6645827255846, 12.546049618565192
736.6520252, 12.346175012795548
736.6394675918754, 12.146300407025912
736.6269100250207, 11.946425801256268
736.6143524581661, 11.746551195486632
736.6017948913114, 11.546676589716988
736.5892373244568, 11.346801983947351
736.5766797576022, 11.146927378177708
736.5641221907475, 10.947052772408071
736.5515646238929, 10.747178166638435
736.5390070570382, 10.54730356086879
736.5264494901836, 10.347428955099154
736.5138919, 10.14755434932951
736.5013343564743, 9.947679743559874
736.4887767896197,9.747805138
736.4762192, 9.547930532020594
736.4636616559104,9.348055926
736.4511040890558, 9.148181320481314
736.4385465222011, 8.948306714711677
736.4259889553465, 8.748432108942033
736.4134313884919, 8.548557503172397
736.4008738216372, 8.348682897402753
736.3883162547826, 8.148808291633117
736.3757586879279, 7.948933685863473
736.3632011210733, 7.749059080093836
736.3506435542187, 7.549184474324193
736.338086, 7.349309868554556
736.3255284205094, 7.1494352627849125
736.3129708536547, 6.949560657015276
736.3004132868001, 6.749686051245639
736.2878557199455, 6.549811445475996
736.2752981530908, 6.349936839706359
736.2627405862362, 6.1500622339367155
736.2501830193816, 5.950187628167079
736.2376254525269, 5.750313022397435
736.2250678856723, 5.550438416627799
736.2125103188176, 5.350563810858155
736.1999528, 5.1506892050885185
736.1873951851084, 4.950814599318882
736.1748376182537, 4.750939993549238
736.1622800513991, 4.551065387779602
736.1497224845444, 4.351190782009958
736.1371649176898, 4.1513161762403215
736.1246073508352, 3.951441570470678
736.1120497839805, 3.7515669647010412
736.0994922171259, 3.5516923589313976
736.0869346502712, 3.351817753161761
736.0743770834166, 3.1519431473921173
736.0618195, 2.952068541622488
736.0492619497073,2.752193936
736.0367043828527, 2.5523193300831934
736.0241468, 2.352444724313557
738.4938016307433, 13.945381151733578
738.4812440638887, 13.745506545963934
738.4686865, 13.545631940194298
738.4561289301795, 13.345757334424654
738.4435713633248, 13.145882728655018
738.4310137964702, 12.946008122885374
738.4184562296156, 12.746133517115737
738.4058986627609,12.54625891
738.3933410959063, 12.346384305576457
738.3807835290517, 12.14650969980682
738.368226, 11.946635094037177
738.3556683953424, 11.74676048826754
738.3431108284877, 11.546885882497897
738.3305532616331, 11.34701127672826
738.3179956947785, 11.147136670958616
738.3054381279238, 10.94726206518898
738.2928805610692, 10.747387459419343
738.2803229942145,10.54751285
738.2677654273599, 10.347638247880063
738.2552078605053, 10.14776364211042
738.2426502936506, 9.947889036340783
738.2300927,9.748014431
738.2175351599413, 9.548139824801503
738.2049775930867, 9.348265219031859
738.1924200262321, 9.148390613262222
738.1798624593774, 8.948516007492586
740.3606932364661, 15.94433650221088
740.3481356696115, 15.744461896441244
740.3355781027568,15.54458729
740.3230205359022, 15.344712684901964
740.3104629690475, 15.14483807913232
740.2979054021929, 14.944963473362684
740.2853478353383, 14.745088867593047
740.2727902684836, 14.545214261823403
740.2602327, 14.345339656053767
740.2476751347743, 14.145465050284123
740.2351175679197, 13.945590444514487
740.2225600010651, 13.745715838744843
740.2100024342104, 13.545841232975206
740.1974448673559, 13.345966627205563
740.1848873005013, 13.146092021435926
740.1723297336466, 12.946217415666283
740.1597722, 12.746342809896646
740.1472145999373, 12.54646820412701
740.1346570330827, 12.346593598357366
740.1220994662281, 12.14671899258773
740.1095418993734, 11.946844386818086
740.0969843325188, 11.746969781048449
740.0844267656641, 11.547095175278805
740.0718691988095, 11.347220569509169
740.0593116319549, 11.147345963739525
740.0467540651002, 10.947471357969889
740.0341964982456, 10.747596752200252
740.0216389, 10.547722146430608
740.0090813645363, 10.347847540660972
739.9965237976817, 10.147972934891328
739.9839662, 9.948098329121692
739.9714086639724, 9.748223723352048
739.9588510971178, 9.548349117582411
739.9462935302631, 9.348474511812768
739.9337359634085, 9.148599906043131
742.1145667, 16.14442040076144
742.1020091736424, 15.944545794991797
742.0894516067877, 15.74467118922216
742.0768940399331, 15.544796583452516
742.0643364730785, 15.34492197768288
742.0517789062238, 15.145047371913236
742.0392213393692,14.94517277
742.0266637725146, 14.745298160373963
742.0141062056599, 14.54542355460432
742.0015486388053, 14.345548948834683
741.9889910719506, 14.14567434306504
741.9764335, 13.945799737295403
741.9638759382414, 13.745925131525759
741.9513183713867, 13.546050525756122
741.9387608045322, 13.346175919986479
741.9262032376776, 13.146301314216842
741.9136456708229, 12.946426708447198
741.9010881039683, 12.746552102677562
741.8885305371136, 12.546677496907925
741.875973, 12.346802891138282
741.8634154034044, 12.146928285368645
741.8508578365497, 11.947053679599001
741.8383002696951, 11.747179073829365
741.8257427028404, 11.547304468059721
741.8131851359858, 11.347429862290085
741.8006275691312, 11.147555256520441
741.7880700022765, 10.947680650750804
741.7755124354219, 10.747806044981168
741.7629548685672, 10.547931439211524
741.7503973017126, 10.348056833441888
741.7378397, 10.148182227672244
741.7252821680033, 9.948307621902607
741.7127246011487, 9.748433016132964
741.700167, 9.548558410363327
741.6876094674394, 9.348683804593684
741.6750519005848, 9.148809198824047
741.6624943337301,8.948934593
743.8433251108188, 15.944755087772705
743.8307675439642, 15.744880482003069
743.8182099771095, 15.545005876233425
743.8056524102549, 15.345131270463789
743.7930948434002, 15.145256664694145
743.7805372765456, 14.945382058924508
743.7679797, 14.745507453154872
743.7554221428363, 14.545632847385228
743.7428645759817, 14.345758241615592
743.730307, 14.145883635845948
743.7177494422724, 13.946009030076311
743.7051918754178, 13.746134424306668
743.6926343085631, 13.546259818537031
743.6800767417086, 13.346385212767387
743.6675192, 13.14651060699775
743.6549616079993, 12.946636001228107
743.6424040411447, 12.74676139545847
743.6298465, 12.546886789688834
743.6172889074354, 12.34701218391919
743.6047313405808, 12.147137578149554
743.5921737737261, 11.94726297237991
743.5796162068715, 11.747388366610274
743.5670586400169, 11.54751376084063
743.5545010731622, 11.347639155070993
743.5419435063076, 11.14776454930135
743.5293859394529, 10.947889943531713
743.5168283725983, 10.748015337762077
743.5042708057437, 10.548140731992433
743.4917132, 10.348266126222796
743.4791556720344, 10.148391520453153
743.4665981051797, 9.948516914683516
743.4540405383251, 9.748642308913873
743.4414829714705, 9.548767703144236
743.4289254046158, 9.348893097374592
743.4163678377612, 9.149018491604956
743.4038102709065,8.949143886
743.3912527040519, 8.749269280065676
743.3786951371973, 8.549394674296039
743.3661375703426, 8.349520068526395
743.35358, 8.149645462756759
743.3410224366334, 7.949770856987115
743.3284648697787, 7.7498962512174785
743.3159073029241, 7.550021645447835
743.3033497360694, 7.350147039678198
743.2907921692148, 7.150272433908555
743.2782346023602, 6.950397828138918
743.2656770355055, 6.7505232223692815
743.2531194686509, 6.550648616599638
743.2405619017962, 6.350774010830001
743.2280043349416, 6.150899405060358
743.2154468, 5.951024799290721
743.2028892012323, 5.751150193521077
743.1903316343777, 5.551275587751441
743.1777741, 5.351400981981797
743.1652165006684, 5.151526376212161
743.1526589338138, 4.951651770442524
743.1401013669591,4.751777165
743.1275438001045, 4.551902558903244
745.4590653794487, 13.94621832285722
745.4465078125941, 13.746343717087576
745.4339502457394, 13.54646911131794
745.4213926788849, 13.346594505548296
745.4088351120303, 13.14671989977866
745.3962775451756, 12.946845294009016
745.38372, 12.74697068823938
745.3711624114663, 12.547096082469743
745.3586048446117,12.34722148
745.3460472777571, 12.147346870930463
745.3334897109024, 11.947472265160819
745.3209321440478, 11.747597659391182
745.3083745771931, 11.547723053621539
745.2958170103385, 11.347848447851902
745.2832594434839, 11.147973842082258
745.2707018766292, 10.948099236312622
745.2581443097746, 10.748224630542985
745.2455867, 10.548350024773342
745.2330291760653, 10.348475419003705
745.2204716092107, 10.148600813234061
745.207914, 9.948726207464425
745.1953564755014, 9.748851601694781
745.1827989086468, 9.548976995925145
745.1702413417921, 9.349102390155501
745.1576837749375, 9.149227784385864
745.1451262080828, 8.949353178616228
745.1325686412282, 8.749478572846584
745.1200110743736, 8.549603967076948
745.1074535075189, 8.349729361307304
745.0948959406643, 8.149854755537667
745.0823383738096, 7.949980149768024
745.0697808, 7.750105543998387
745.0572232401004, 7.550230938228744
745.0446656732457, 7.350356332459107
745.0321081063911, 7.150481726689463
745.0195505395365, 6.950607120919827
745.0069929726818,6.750732515
744.9944354058272, 6.550857909380547
744.9818778389725,6.350983304
744.9693202721179, 6.151108697841266
744.9567627052633,5.951234092
744.9442051384086, 5.751359486301986
744.9316476,5.551484881
744.9190900046993, 5.351610274762706
744.9065324378447, 5.151735668993069
744.8939748709901, 4.951861063223433
744.8814173041354, 4.751986457453789
744.8688597372808, 4.5521118516841526
744.8563021704261, 4.352237245914509
744.8437446035715, 4.152362640144872
744.8311870367169, 3.9524880343752287
744.8186294698622, 3.752613428605592
744.8060719030076, 3.5527388228359484
744.7935143, 3.352864217066312
744.7809567692983, 3.152989611296668
744.7683992024437, 2.9531150055270388
744.7558416, 2.753240399757388
744.7432840687344, 2.5533657939877514
744.7307265018798, 2.353491188218115
744.7181689350251, 2.1536165824484783
744.7056113681705, 1.9537419766788275
744.6930538013158, 1.753867370909191
746.7231937761488, 6.351192596391819
746.7106362092942, 6.151317990622175
746.6980786424396, 5.9514433848525385
746.6855210755849, 5.751568779082895
746.6729635087303, 5.551694173313258
746.6604059418756, 5.351819567543615
746.6478484, 5.151944961773978
746.6352908081664, 4.9520703560043415
746.6227332413117, 4.752195750234698
746.6101756744571, 4.552321144465061
746.5976181076024, 4.352446538695418
746.5850605407478, 4.152571932925781
746.5725029738932, 3.9526973271561374
746.5599454070385, 3.752822721386501
746.5473878401839, 3.552948115616857
746.5348302733292, 3.3530735098472206
746.5222727064746, 3.153198904077577
746.5097151, 2.9533242983079475
746.4971575727653, 2.7534496925382967
746.4846000059107,2.553575087
746.4720424, 2.3537004809990236
746.4594848722014, 2.153825875229387
746.4469273053468, 1.9539512694597363
746.4343697384921, 1.7540766636900997
746.4218121716376, 1.5542020579204632
748.4645097133252, 6.351401889172735
748.4519521464706, 6.151527283403091
748.4393946, 5.951652677633454
748.4268370127613, 5.751778071863811
748.4142794459067, 5.551903466094174
748.4017219, 5.3520288603245305
748.3891643121974, 5.152154254554894
748.3766067453428, 4.952279648785257
748.3640491784881, 4.752405043015614
748.3514916116335, 4.552530437245977
748.3389340447789, 4.3526558314763335
748.3263764779242, 4.152781225706697
748.3138189110696, 3.9529066199370533
748.3012613442149, 3.7530320141674167
748.2887037773603, 3.553157408397773
748.2761462105057, 3.3532828026281365
748.2635886, 3.153408196858493
748.2510310767964, 2.9535335910888634
748.2384735099417, 2.7536589853192055
748.2259159430871, 2.553784379549569
748.2133583762325, 2.3539097737799324
748.2008008093778, 2.154035168010296
748.1882432425232, 1.954160562240645
748.1756856756685, 1.7542859564710085
748.1631281088139, 1.554411350701372
750.2937286, 7.750733422341121
750.2811710516294, 7.550858816571477
750.2686134847747,7.350984211
750.2560559179201, 7.151109605032197
750.2434983510655,6.951234999
750.2309407842108, 6.751360393492924
750.2183832173562,6.551485788
750.2058256505015, 6.351611181953643
750.1932680836469,6.151736576
750.1807105167923, 5.951861970414363
750.1681529499376, 5.7519873646447195
750.1555954, 5.552112758875083
750.1430378162283, 5.352238153105439
750.1304802493737, 5.152363547335803
750.1179226825191, 4.952488941566166
750.1053651156644, 4.7526143357965225
750.0928075488098, 4.552739730026886
750.0802499819551, 4.352865124257242
750.0676924151005, 4.152990518487606
750.0551348482459, 3.953115912717962
750.0425772813912, 3.7532413069483255
750.0300197145366, 3.553366701178682
750.0174621, 3.3534920954090452
750.0049045808273, 3.1536174896394016
749.9923470139727, 2.953742883869772
749.9797894, 2.7538682781001143
749.9672318802634, 2.5539936723304777
749.9546743134088, 2.354119066560841
749.9421167465541, 2.1542444607912046
749.9295591796995, 1.9543698550215538
752.0852748230789,8.550441138
752.0727172562242, 8.350566532430946
752.0601596893696,8.150691927
752.0476021, 7.950817320891666
752.0350445556603, 7.750942715122029
752.0224869888057, 7.551068109352386
752.0099294, 7.351193503582749
751.9973718550964, 7.1513188978131055
751.9848142882418, 6.951444292043469
751.9722567213871, 6.751569686273832
751.9596991545325, 6.551695080504189
751.9471415876778, 6.351820474734552
751.9345840208232, 6.1519458689649085
751.9220264539686, 5.952071263195272
751.9094688871139, 5.752196657425628
751.8969113202593, 5.552322051655992
751.8843537534046, 5.352447445886348
751.8717962, 5.1525728401167115
751.8592386196954, 4.952698234347075
751.8466810528407, 4.752823628577431
751.8341234859861, 4.552949022807795
751.8215659191314, 4.353074417038151
751.8090083522768, 4.1531998112685145
751.7964507854222, 3.953325205498871
753.8265907602553, 8.550650430981499
753.8140331934006, 8.350775825211855
753.8014756, 8.150901219442218
753.7889180596914, 7.951026613672575
753.7763604928367, 7.751152007902938
753.7638029259821, 7.5512774021332945
753.7512453591274, 7.351402796363658
753.7386877922728, 7.151528190594014
753.7261302254182, 6.951653584824378
753.7135726585635, 6.751778979054741
753.7010150917089, 6.5519043732850974
753.6884575248542, 6.352029767515461
753.6758999579996, 6.152155161745817
753.6633424, 5.952280555976181
753.6507848242903, 5.752405950206537
753.6382272574357,5.552531344
753.6256697, 5.352656738667257
753.6131121237264,5.152782133
753.6005545568718, 4.952907527127984
753.5879969900171,4.753032921
753.5754394231625, 4.553158315588703
753.5628818563079,4.35328371
753.5503242894532, 4.153409104049423
755.5804642642862, 8.750734329532051
755.5679066974316, 8.550859723762414
755.5553491305769,8.350985118
755.5427915637223, 8.151110512223134
755.5302339968677, 7.9512359064534905
755.5176764, 7.751361300683854
755.5051188631584,7.551486695
755.4925612963037, 7.351612089144574
755.4800037294491,7.151737483
755.4674461625945, 6.9518628776052935
755.4548885957398, 6.751988271835657
755.4423310288852, 6.552113666066013
755.4297734620305, 6.352239060296377
755.4172158951759, 6.152364454526733
755.4046583283213, 5.9524898487570965
755.3921007614666, 5.752615242987453
755.3795432, 5.552740637217816
755.3669856277573, 5.352866031448173
755.3544280609027, 5.152991425678536
755.3418704940481, 4.9531168199088995
755.3293129271934, 4.753242214139256
755.3167553603388, 4.553367608369619
755.3041977934841, 4.353493002599976
755.2916402266295, 4.153618396830339
757.5854891, 12.948310343475391
757.5729315385554, 12.748435737705755
757.5603739717008, 12.548561131936118
757.5478164048461, 12.348686526166475
757.5352588379915, 12.148811920396838
757.5227012711368, 11.948937314627194
757.5101437042822, 11.749062708857558
757.4975861374276, 11.549188103087914
757.4850285705729, 11.349313497318278
757.4724710037183, 11.149438891548634
757.4599134368636, 10.949564285778997
757.4473559, 10.74968968000936
757.4347983031544, 10.549815074239717
757.4222407362997, 10.34994046847008
757.4096831694451, 10.150065862700437
757.3971256025904,9.950191257
757.3845680357358, 9.750316651161157
757.3720104688812,9.550442045
757.3594529020265, 9.350567439621877
757.3468953351719,9.150692834
757.3343377683173, 8.950818228082603
757.3217802014626,8.750943622
757.3092226, 8.551069016543323
757.2966650677533,8.351194411
757.2841075008987, 8.151319805004043
757.2715499340441, 7.951445199234399
757.2589923671894, 7.751570593464763
757.2464348003348, 7.551695987695119
757.2338772334801, 7.3518213819254825
757.2213196666255, 7.151946776155839
757.2087620997709, 6.952072170386202
757.1962045329162, 6.752197564616566
757.1836469660616, 6.552322958846922
757.1710894, 6.3524483530772855
757.1585318323523, 6.152573747307642
757.1459742654977, 5.952699141538005
757.1334167, 5.752824535768362
757.1208591317884, 5.552949929998725
757.1083015649338, 5.353075324229081
757.0957439980791, 5.153200718459445
757.0831864312245, 4.953326112689808
757.0706288643698, 4.753451506920165
757.0580712975152, 4.553576901150528
757.0455137306606, 4.353702295380884
757.0329561638059, 4.153827689611248
757.0203985969513, 3.953953083841604
759.4021504, 14.14776727087414
759.3895928768594, 13.947892665104504
759.3770353100048, 13.74801805933486
759.3644777431501, 13.548143453565224
759.3519201762956, 13.34826884779558
759.3393626, 13.148394242025944
759.3268050425863,12.94851964
759.3142474757317, 12.748645030486664
759.3016899, 12.548770424717027
759.2891323420224, 12.348895818947383
759.2765747751678, 12.149021213177747
759.2640172083131, 11.949146607408103
759.2514596414585, 11.749272001638467
759.2389020746039, 11.549397395868823
759.2263445077492, 11.349522790099186
759.2137869408946, 11.149648184329543
759.2012293740399, 10.949773578559906
759.1886718071853, 10.74989897279027
759.1761142403307, 10.550024367020626
759.1635567, 10.35014976125099
759.1509991066214, 10.150275155481346
759.1384415397667,9.95040055
759.1258839729121, 9.750525943942066
759.1133264060575, 9.550651338172429
759.1007688392028, 9.350776732402785
759.0882112723482, 9.150902126633149
759.0756537054936, 8.951027520863512
759.0630961386389, 8.751152915093869
759.0505385717843, 8.551278309324232
759.0379810049296, 8.351403703554588
759.0254234, 8.151529097784952
759.0128658712204, 7.951654492015308
759.0003083043657, 7.7517798862456715
758.9877507375111, 7.551905280476028
758.9751931706564, 7.352030674706391
758.9626356038018, 7.152156068936748
758.9500780369472, 6.952281463167111
758.9375204700925, 6.7524068573974745
758.9249629032379, 6.552532251627831
758.9124053363832, 6.352657645858194
758.8998477695286, 6.152783040088551
758.8872902, 5.952908434318914
758.8747326358193,5.753033829
758.8621750689647, 5.553159222779634
758.8496175,5.353284617
758.8370599352554, 5.153410011240354
758.8245023684008, 4.953535405470717
758.8119448015461, 4.753660799701073
758.7993872346915, 4.553786193931437
758.7868296678369, 4.353911588161793
758.7742721009822, 4.154036982392157
761.1685815145996, 14.547725775194337
761.1560239,14.34785117
761.1434663808903, 14.147976563655057
761.1309088140357, 13.94810195788542
761.1183512471811, 13.748227352115777
761.1057936803264, 13.54835274634614
761.0932361134719, 13.348478140576496
761.0806785466173, 13.14860353480686
761.0681209797626, 12.948728929037216
761.0555634, 12.74885432326758
761.0430058460533, 12.548979717497943
761.0304482791987,12.34910511
761.0178907123441, 12.149230505958663
761.0053331454894, 11.949355900189019
760.9927755786348, 11.749481294419382
760.9802180117802, 11.549606688649739
760.9676604449255, 11.349732082880102
760.9551028780709, 11.149857477110459
760.9425453112162, 10.949982871340822
760.9299877443616, 10.750108265571185
760.9174302, 10.550233659801542
760.9048726106523, 10.350359054031905
760.8923150437977, 10.150484448262262
760.8797575, 9.950609842492625
763.0229155534678, 16.346806519902003
763.0103579866131, 16.146931914132367
762.9978004197585, 15.947057308362723
762.9852428529039, 15.747182702593086
762.9726852860492, 15.547308096823443
762.9601277191946, 15.347433491053806
762.9475702, 15.147558885284162
762.9350125854853, 14.947684279514526
762.9224550186307, 14.74780967374489
762.9098975, 14.547935067975246
762.8973398849214, 14.34806046220561
762.8847823180668, 14.148185856435965
762.8722247512121, 13.948311250666329
762.8596671843575, 13.748436644896685
762.8471096175028, 13.548562039127049
762.8345520506483, 13.348687433357405
762.8219944837937, 13.148812827587768
762.8094369, 12.948938221818125
762.7968793500844, 12.749063616048488
764.9525949934637, 19.34513489922751
764.9400374, 19.145260293457866
764.9274798597544, 18.94538568768823
764.9149222928997, 18.745511081918593
764.9023647260451, 18.54563647614895
764.8898071591905, 18.345761870379313
764.8772495923358, 18.14588726460967
764.8646920254812, 17.946012658840033
764.8521344586266, 17.74613805307039
764.8395768917719, 17.546263447300753
764.8270193249173, 17.34638884153111
764.8144617580626, 17.146514235761472
764.8019042, 16.94663962999183
764.7893466243534, 16.746765024222192
764.7767890574987, 16.546890418452556
764.7642314906441, 16.347015812682912
764.7516739237894, 16.147141206913275
764.7391163569348, 15.947266601143632
764.7265587900802, 15.747391995373995
764.7140012232255, 15.547517389604351
764.7014436563709, 15.347642783834715
764.6888860895162, 15.147768178065071
764.6763285226616, 14.947893572295435
764.663771, 14.748018966525798
764.6512133889523, 14.548144360756154
764.6386558220977, 14.348269754986518
764.6260983, 14.148395149216874
764.6135406883884, 13.948520543447238
764.6009831215338, 13.748645937677594
764.5884255546791, 13.548771331907957
764.5758679878246, 13.348896726138314
764.5633104, 13.149022120368677
764.5507528541153, 12.949147514599034
764.5381952872607, 12.749272908829397
764.5256377, 12.54939830305976
767.1083106368429, 25.941206182406532
767.0957530699883, 25.741331576636888
767.0831955031337, 25.54145697086725
767.0706379362791, 25.341582365097608
767.0580803694245, 25.14170775932797
767.0455228025698, 24.941833153558328
767.0329652357152, 24.74195854778869
767.0204076688606, 24.542083942019055
767.0078501020059, 24.34220933624941
766.9952925351513, 24.142334730479774
766.9827349682967, 23.94246012471013
766.9701774, 23.742585518940494
766.9576198345874, 23.54271091317085
766.9450622677327, 23.342836307401214
766.9325047008781, 23.14296170163157
766.9199471340235, 22.943087095861934
766.9073895671688, 22.74321249009229
766.8948320003142, 22.543337884322654
766.8822744334595, 22.343463278553017
766.8697168666049, 22.143588672783373
766.8571592997503, 21.943714067013737
766.8446017328956, 21.743839461244093
766.8320442, 21.543964855474456
766.8194865991863, 21.344090249704813
766.8069290323317, 21.144215643935176
766.7943714654771, 20.944341038165533
766.7818138986224, 20.744466432395896
766.7692563317678, 20.54459182662626
766.7566987649132, 20.344717220856616
766.7441411980585, 20.14484261508698
766.7315836312039, 19.944968009317336
766.7190260643492,19.7450934
766.7064684974946, 19.545218797778055
766.6939109, 19.34534419200842
766.6813533637853, 19.145469586238775
766.6687957969307, 18.94559498046914
766.6562382, 18.745720374699502
766.6436806632214, 18.54584576892986
766.6311230963668, 18.345971163160222
766.6185655295121, 18.146096557390578
766.6060079626575, 17.94622195162094
766.5934503958028, 17.746347345851298
766.5808928289482, 17.54647274008166
766.5683352620936, 17.346598134312018
766.5557776952389, 17.14672352854238
766.5432201283843, 16.946848922772737
766.5306625615297,16.74697432
766.518105, 16.547099711233464
766.5055474278204, 16.34722510546382
766.4929898609657, 16.147350499694184
766.4804322941111, 15.94747589392454
766.4678747272565, 15.747601288154904
766.4553171604018, 15.54772668238526
766.4427595935472, 15.347852076615624
766.4302020266925, 15.14797747084598
766.4176444598379, 14.948102865076343
766.4050868929833, 14.748228259306707
766.3925293261286, 14.548353653537063
766.3799718, 14.348479047767427
766.3674141924193, 14.148604441997783
766.3548566255647, 13.948729836228146
766.3422990587101, 13.748855230458503
766.3297414918554, 13.548980624688866
766.3171839250009, 13.349106018919223
766.3046263581463, 13.149231413149586
766.2920687912916, 12.949356807379942
766.2795112, 12.749482201610306
769.1886808790946, 31.33802983096772
769.1761233, 31.138155225198076
769.1635657453853, 30.93828061942844
769.1384506, 30.53853140788916
769.1258930448214, 30.338656802119523
769.1133354779668, 30.13878219634988
769.1007779111121, 29.938907590580243
769.0882203442575,29.73903298
769.0756627774028, 29.539158379040963
769.0631052105482, 29.33928377327132
769.0505476436936, 29.139409167501682
769.0379900768389, 28.93953456173204
769.0254325099843, 28.739659955962402
769.0128749431296, 28.539785350192766
769.0003174, 28.339910744423122
768.9877598094204, 28.140036138653485
768.9752022425657, 27.94016153288384
768.9626446757111, 27.740286927114205
768.9500871088565, 27.54041232134456
768.9375295420018, 27.340537715574925
768.9249719751472, 27.14066310980528
768.9124144082925, 26.940788504035645
768.8998568414379,26.7409139
768.8872992745833, 26.541039292496365
768.8747417077286, 26.341164686726728
768.8621841, 26.141290080957084
768.8496265740193, 25.941415475187448
768.8370690071647, 25.741540869417804
768.8245114403101, 25.541666263648168
768.8119538734554, 25.341791657878524
768.7993963066009, 25.141917052108887
768.7868387397463, 24.942042446339244
768.7742811728916, 24.742167840569607
768.7617236, 24.54229323479997
768.7491660391823, 24.342418629030327
768.7366084723277, 24.14254402326069
768.7240509054731, 23.942669417491047
768.7114933386184, 23.74279481172141
768.6989357717638, 23.542920205951766
768.6863782049091, 23.34304560018213
768.6738206380545, 23.143170994412486
768.6612630711999, 22.94329638864285
768.6487055043452, 22.743421782873206
768.6361479374906, 22.54354717710357
768.6235904, 22.343672571333933
768.6110328037813, 22.14379796556429
768.5984752369267, 21.943923359794653
768.5859177, 21.74404875402501
768.5733601032174, 21.544174148255372
768.5608025363628, 21.34429954248573
768.5482449695081, 21.144424936716092
768.5356874026535, 20.94455033094645
768.5231298357988, 20.744675725176812
768.5105722689442, 20.544801119407175
768.4980147020896, 20.34492651363753
768.4854571352349, 20.145051907867895
768.4728995683803, 19.94517730209825
768.4603420015256, 19.745302696328615
768.4477844, 19.54542809055897
768.4352268678164, 19.345553484789335
768.4226693009617, 19.14567887901969
768.4101117341071, 18.945804273250054
768.3975541672525, 18.745929667480418
768.3849966003978, 18.546055061710774
768.3724390335432, 18.346180455941138
768.3598814666885, 18.146305850171494
768.3473238998339, 17.946431244401857
768.3347663329793, 17.746556638632214
768.3222087661246, 17.546682032862577
768.3096512, 17.346807427092934
768.2970936324153, 17.146932821323297
768.2845360655607, 16.947058215553653
768.2719784987061, 16.747183609784017
768.2594209318514, 16.54730900401438
768.2468633649968, 16.347434398244737
768.2343057981421,16.14755979
768.2217482312875, 15.947685186705456
768.2091906644329, 15.74781058093582
768.1966330975782, 15.547935975166176
771.2313784207822, 36.135229662219984
771.2188208539276, 35.93535505645034
771.2062632870729,35.73548045
771.1937057202183, 35.53560584491106
771.1811481533637, 35.335731239141424
771.1685906, 35.13585663337179
771.1560330196544, 34.935982027602144
771.1434754527997,34.73610742
771.1309178859451, 34.53623281606286
771.1183603190905, 34.33635821029323
771.1058027522358, 34.13648360452358
771.0932451853812, 33.93660899875395
771.0806876185266,33.73673439
771.0681300516719, 33.53685978721467
771.0555724848173, 33.33698518144502
771.0430149179626, 33.137110575675386
771.0304574, 32.93723596990574
771.0178997842534, 32.737361364136106
771.0053422173987, 32.53748675836647
770.9927846505441, 32.337612152596826
770.9802270836894, 32.13773754682719
770.9676695168348, 31.937862941057546
770.9551119499802, 31.73798833528791
770.9425543831255, 31.538113729518265
770.9299968162709, 31.33823912374863
770.9174392494162, 31.138364517978985
770.9048816825616, 30.93848991220935
770.8923241, 30.738615306439705
770.8797665488523, 30.53874070067007
770.8672089819977, 30.338866094900432
770.8546514, 30.138991489130788
770.8420938482884, 29.93911688336115
770.8295362814338, 29.739242277591508
770.8169787145791, 29.53936767182187
770.8044211477245, 29.339493066052228
770.7918635808699, 29.13961846028259
770.7793060140152, 28.939743854512948
770.7667484471606, 28.73986924874331
770.7541908803059, 28.539994642973674
770.7416333134513, 28.34012003720403
770.7290757465967, 28.140245431434394
770.7165182, 27.94037082566475
770.7039606128874, 27.740496219895114
770.6914030460327, 27.54062161412547
770.6788454791781, 27.340747008355834
770.6662879123235, 27.14087240258619
770.6537303454688, 26.940997796816553
770.6411727786142, 26.74112319104691
770.6286152117596, 26.541248585277273
770.6160576449049, 26.341373979507637
770.6035000780503, 26.141499373737993
770.5909425111956, 25.941624767968356
770.5783849, 25.741750162198713
770.5658273774864, 25.541875556429076
770.5532698106317, 25.342000950659433
770.5407122437772, 25.142126344889796
770.5281546769226, 24.942251739120152
770.5155971100679, 24.742377133350516
770.5030395432133, 24.54250252758088
770.4904819763586, 24.342627921811236
770.4779244,24.14275332
770.4653668426494, 23.942878710271955
770.4528092757947, 23.74300410450232
770.4402517089401, 23.543129498732675
770.4276941420854, 23.34325489296304
770.4151365752308, 23.143380287193395
770.4025790083762, 22.94350568142376
770.3900214415215, 22.743631075654115
770.3774638746669, 22.543756469884478
770.3649063078122, 22.34388186411484
770.3523487409576, 22.144007258345198
770.3397912, 21.94413265257556
770.3272336072483, 21.744258046805918
770.3146760403937, 21.54438344103628
770.3021185, 21.344508835266637
770.2895609066844,21.14463423
770.2770033398298, 20.944759623727357
770.2644457729751, 20.74488501795772
770.2518882061205, 20.545010412188084
770.2393306392659, 20.34513580641844
770.2267730724112, 20.145261200648804
770.2142155055566, 19.94538659487916
772.9852519248132, 36.33531356077053
772.9726943579585, 36.13543895500089
772.9601367911039, 35.93556434923125
772.9475792242492, 35.735689743461606
772.9350216573946, 35.53581513769197
772.9224641, 35.33594053192233
772.9099065236853, 35.136065926152696
772.8973489568307, 34.93619132038305
772.8847914, 34.73631671461341
772.8722338231214, 34.53644210884377
772.8596762562668, 34.336567503074136
772.8471186894121, 34.13669289730449
772.8345611225575, 33.936818291534856
772.8220035557028, 33.73694368576521
772.8094459888482, 33.537069079995575
772.7968884219936, 33.33719447422593
772.7843308551389, 33.137319868456295
772.7717732882843, 32.93744526268665
772.7592157214297, 32.737570656917015
772.7466582, 32.53769605114738
772.7341005877204, 32.337821445377735
772.7215430208657,32.13794684
772.7089854540111, 31.938072233838454
772.6964278871565, 31.738197628068818
772.6838703203018, 31.538323022299174
772.6713127534472, 31.338448416529538
772.6587551865925, 31.138573810759894
772.6461976197379, 30.938699204990257
772.6336400528833, 30.738824599220614
772.6210824860286, 30.538949993450977
772.6085249, 30.33907538768134
772.5959673523193, 30.139200781911697
772.5834097854647, 29.93932617614206
772.5708522186101, 29.739451570372417
772.5582946517554, 29.53957696460278
772.5457370849008, 29.339702358833136
772.5331795180462,29.13982775
772.5206219511915, 28.939953147293856
772.5080643843369, 28.74007854152422
772.4955068174822, 28.540203935754583
772.4829492506276, 28.34032932998494
772.4703917, 28.140454724215303
772.4578341169183, 27.94058011844566
772.4452765500637, 27.740705512676023
772.432719, 27.54083090690638
772.4201614163544, 27.340956301136742
772.4076038494998,27.1410817
774.7265678619896, 36.33552285355144
774.7140102951349,36.13564825
774.7014527282803, 35.935773642012165
774.6888951614256, 35.73589903624252
774.6763376, 35.53602443047288
774.6637800277164, 35.33614982470324
774.6512224608617, 35.136275218933605
774.6386648940071, 34.93640061316397
774.6261073271525, 34.73652600739432
774.6135497602978, 34.53665140162468
776.8069381, 41.73234650211262
776.7943805373864, 41.53247189634298
776.7818229705317, 41.33259729057335
776.7692654036771, 41.13272268480371
776.7567078368224, 40.932848079034066
776.7441502699678, 40.73297347326442
776.7315927031132, 40.533098867494786
776.7190351362585, 40.33322426172515
776.7064775694039, 40.133349655955506
776.6939200025492, 39.93347505018586
776.6813624356946, 39.733600444416226
776.6688049, 39.53372583864659
776.6562473019853, 39.33385123287695
776.6436897351307, 39.13397662710731
776.6311322, 38.934102021337665
776.6185746014214, 38.73422741556803
776.6060170345668, 38.53435280979839
776.5934594677121, 38.33447820402875
776.5809019008575, 38.134603598259105
776.5683443340029, 37.93472899248947
776.5557867671482, 37.73485438671983
776.5432292002936, 37.53497978095019
776.5306716334389, 37.33510517518055
776.5181140665844, 37.13523056941091
776.5055564997298, 36.93535596364127
776.4929989328751, 36.735481357871635
776.4804413660205, 36.53560675210199
776.4678837991659, 36.33573214633235
776.4553262323112, 36.13585754056271
776.4427686654566, 35.935982934793074
776.4302111, 35.73610832902343
776.4176535317473, 35.53623372325379
776.4050959648927, 35.33635911748415
776.3925384, 35.136484511714514
776.3799808311834, 34.93660990594488
776.3674232643287, 34.73673530017523
778.6863872768184, 43.93117645835957
778.6738297099638, 43.73130185258994
778.6612721431092, 43.53142724682029
778.6487145762545, 43.331552641050656
778.6361570093999, 43.13167803528101
778.6235994425452, 42.931803429511376
778.6110418756906, 42.73192882374174
778.5984843, 42.532054217972096
778.5859267419813, 42.33217961220245
778.5733691751267, 42.132305006432816
778.5608116, 41.93243040066318
778.5482540414174, 41.732555794893536
778.5356964745628, 41.53268118912389
778.5231389077081, 41.332806583354255
778.5105813408535, 41.13293197758462
778.4980237739989, 40.93305737181498
778.4854662071442, 40.73318276604534
778.4729086402896, 40.533308160275695
778.4603510734349, 40.33343355450606
778.4477935065803, 40.13355894873642
778.4352359397257, 39.93368434296678
778.4226784, 39.733809737197134
778.4101208060164,39.53393513
778.3975632391617, 39.33406052565786
778.3850056723071, 39.134185919888225
778.3724481054525, 38.93431131411858
778.3598905385978, 38.73443670834894
778.3473329717432,38.5345621
778.3347754048885, 38.334687496809664
778.3222178380339, 38.13481289104002
778.3096602711793, 37.93493828527038
778.2971027043246, 37.73506367950074
778.2845451, 37.535189073731104
778.2719875706154, 37.33531446796147
778.2594300037608, 37.135439862191824
778.2468724369062, 36.93556525642218
778.2343148700515, 36.73569065065254
778.2217573031969, 36.53581604488291
778.2091997363423, 36.33594143911326
778.1966421694876, 36.13606683334362
778.1840846, 35.93619222757398
778.1715270357784, 35.736317621804346
778.1589694689237,35.53644302
778.1464119020691, 35.336568410265066
778.1338543352144, 35.13669380449542
778.1212967683598, 34.936819198725786
778.1087392015052, 34.73694459295614
780.4402607808494, 44.13126035691012
780.4277032139947, 43.93138575114048
780.4151456471401, 43.731511145370845
780.4025880802855,43.53163654
780.3900305134308, 43.331761933831565
780.3774729465762, 43.13188732806192
780.3649153797215, 42.932012722292285
780.3523578128669, 42.73213811652265
780.3398002460123, 42.532263510753005
780.3272426791576, 42.33238890498336
780.3146851, 42.132514299213724
780.3021275454483, 41.93263969344409
780.2895699785937, 41.732765087674444
780.2770124117391,41.53289048
780.2644548448844, 41.333015876135164
780.2518972780298, 41.13314127036553
780.2393397111751, 40.93326666459589
780.2267821443205, 40.73339205882625
780.2142245774659, 40.533517453056604
780.2016670106112, 40.33364284728697
780.1891094437566, 40.13376824151733
780.1765519, 39.93389363574769
780.1639943100473, 39.73401902997804
780.1514367431927, 39.53414442420841
780.1388792, 39.33426981843877
780.1263216094834, 39.13439521266913
780.1137640426288, 38.93452060689949
780.1012064757741, 38.734646001129846
780.0886489089195, 38.53477139536021
780.0760913420648, 38.33489678959057
780.0635337752102, 38.13502218382093
780.0509762083556, 37.935147578051286
780.0384186415009, 37.73527297228165
780.0258610746463, 37.53539836651201
780.0133035077916, 37.335523760742376
780.0007459409371, 37.13564915497273
779.9881883740825, 36.93577454920309
779.9756308072278, 36.73589994343345
779.9630732403732, 36.536025337663816
779.9505156735186, 36.33615073189417
782.1815767180257, 44.131469649691034
782.1690192, 43.93159504392139
782.1564615843164, 43.731720438151754
782.1439040174618, 43.53184583238212
782.1313464506071, 43.33197122661248
782.1187888837525, 43.13209662084284
782.1062313168978, 42.932222015073194
782.0936737500432, 42.73234740930356
782.0811161831886, 42.53247280353392
782.0685586163339, 42.33259819776428
782.0560010494793, 42.13272359199463
782.0434434826246,41.93284899
782.0308859, 41.73297438045536
782.0183283489154, 41.53309977468572
782.0057707820607, 41.33322516891608
781.9932132152061, 41.133350563146436
781.9806556483514,40.93347596
781.9680980814968, 40.73360135160716
781.9555405146422, 40.53372674583752
781.9429829477875, 40.333852140067876
781.9304253809329, 40.13397753429824
783.9228926552021, 44.13167894247194
783.9103350883474,43.93180434
783.8977775214928, 43.73192973093266
783.8852199546382, 43.532055125163026
783.8726623877835, 43.33218051939339
783.8601048209289, 43.132305913623746
783.8475472540742,42.93243131
783.8349896872196, 42.732556702084466
783.8224321, 42.53268209631483
783.8098745535103, 42.332807490545186
783.7973169866557, 42.13293288477554
783.7847594, 41.933058279005905
783.7722018529464, 41.73318367323627
783.7596442860918, 41.533309067466625
783.7470867192371, 41.33343446169699
783.7345291523825, 41.133559855927345
783.7219715855279, 40.93368525015771
783.7094140186732, 40.73381064438807
783.6968564518186, 40.53393603861843
783.6842988849639, 40.334061432848785
783.6717413181093, 40.13418682707915
783.6591837512547, 39.93431222130951
783.6466262, 39.73443761553987
783.6340686175454, 39.534563009770224
783.6215110506907, 39.33468840400059
783.6089534838361, 39.13481379823095
783.5963959169815, 38.934939192461314
783.5838383501268, 38.73506458669167
783.5712807832722, 38.53518998092203
783.5587232164175, 38.33531537515239
783.5461656495629, 38.135440769382754
783.5336080827083, 37.93556616361311
783.5210505158536, 37.73569155784347
783.5084929, 37.53581695207383
783.4959353821444, 37.33594234630419
783.4833778152898, 37.13606774053456
783.4708202484352, 36.93619313476491
783.4582626815805, 36.73631852899527
783.4457051147259, 36.53644392322563
785.6139783249598,43.33238981
785.6014207581052, 43.13251520640466
785.5888631912505, 42.93264060063502
785.5763056243959, 42.732765994865375
785.5637480575413, 42.53289138909574
785.5511904906866,42.33301678
785.5386329, 42.13314217755646
785.5260753569773, 41.933267571786814
785.5135177901227, 41.73339296601718
785.5009602232681, 41.53351836024754
785.4884026564134, 41.333643754477905
785.4758450895588, 41.13376914870826
785.4632875227041, 40.93389454293862
785.4507299558495, 40.73401993716898
785.4381723889949, 40.534145331399344
785.4256148221402,40.33427073
785.4130572552856, 40.13439611986006
785.4004997, 39.93452151409042
785.3879421215763, 39.734646908320784
785.3753845547217, 39.53477230255114
785.362827,39.3348977
785.3502694210124, 39.13502309101186
785.3377118541578, 38.93514848524222
785.3251542873031, 38.73527387947259
785.3125967204485, 38.53539927370294
785.3000391535938,38.33552467
785.2874815867392, 38.13565006216366
785.2749240198846, 37.935775456394026
785.2623664530299, 37.73590085062438
785.2498088861753, 37.53602624485474
785.2372513193206,37.33615164
785.2246937524661, 37.136277033315466
785.2121361856115, 36.93640242754583
785.1995786187568, 36.736527821776185
785.1870210519022, 36.53665321600654
785.1744634850476, 36.336778610236905
785.1619059181929, 36.13690400446727
785.1493483513383, 35.937029398697625
785.1367907844837, 35.73715479292798
785.1242332, 35.537280187158345
785.1116756507744, 35.33740558138871
785.0991180839197, 35.13753097561907
785.0865605170651, 34.93765636984943
785.0740029502105, 34.737781764079784
785.0614453833558, 34.53790715831015
787.1167005, 39.53498159533205
787.1041429250433, 39.33510698956241
787.0915853581887, 39.13523238379277
787.0790278, 38.93535777802313
787.0664702244794, 38.735483172253495
787.0539126576248, 38.53560856648385
787.0413550907701, 38.33573396071421
787.0287975239155, 38.13585935494457
787.0162399570609, 37.935984749174935
787.0036823902062, 37.73611014340529
786.9911248233516, 37.53623553763565
786.9785673, 37.33636093186601
786.9660096896424, 37.136486326096374
786.9534521227878, 36.93661172032674
786.9408945559331, 36.736737114557094
786.9283369890785, 36.53686250878745
786.9157794222239, 36.336987903017814
786.9032218553692, 36.13711329724818
786.8906642885146, 35.937238691478534
786.8781067, 35.73736408570889
786.8655491548053, 35.537489479939254
786.8529915879507, 35.33761487416962
786.840434, 35.13774026839998
786.8278764542414, 34.93786566263034
786.8153188873868, 34.73799105686069
786.8027613205321, 34.53811645109106
786.7902037536775, 34.33824184532142
786.7776461868228, 34.138367239551776
786.7650886199682, 33.93849263378214
786.7525310531136, 33.738618028012496
786.7399734862589, 33.53874342224286
786.7274159194043, 33.338868816473216
786.7148583525496, 33.13899421070358
786.7023008, 32.939119604933936
786.6897432188404,32.739245
786.6771856519857, 32.53937039339466
786.6646280851311, 32.33949578762502
786.6520705182764, 32.13962118185538
786.6395129514218, 31.93974657608574
786.6269553845672, 31.739871970316102
786.6143978177125, 31.53999736454646
786.6018402508579, 31.340122758776822
786.5892826840033, 31.140248153007178
786.5767251171486, 30.94037354723754
786.5641676, 30.740498941467898
786.5516099834393, 30.54062433569826
786.5390524165847, 30.340749729928625
786.5264948, 30.14087512415898
786.5139372828754, 29.941000518389345
786.5013797160208,29.74112591
786.4888221491661, 29.541251306850064
786.4762645823115, 29.34137670108042
786.4637070154569, 29.141502095310784
786.4511494486022, 28.94162748954114
786.4385918817476, 28.741752883771504
786.4260343, 28.541878278001867
786.4134767480383, 28.342003672232224
786.4009191811837, 28.142129066462587
788.6696529262549, 36.537071801568366
788.6570953594003, 36.33719719579872
788.6445377925456, 36.137322590029086
788.6319802, 35.93744798425945
788.6194226588364, 35.737573378489806
788.6068650919817, 35.53769877272016
788.5943075251271, 35.337824166950526
788.5817499582724, 35.13794956118089
788.5691923914178, 34.93807495541125
788.5566348245632,34.73820035
788.5440772577085, 34.538325743871965
788.5315196908539, 34.33845113810233
788.5189621239992, 34.138576532332685
788.5064045571446, 33.93870192656305
788.493847, 33.738827320793405
788.4812894234353, 33.53895271502377
788.4687318565807, 33.339078109254125
788.4561743, 33.13920350348449
788.4436167228714, 32.939328897714844
788.4310591560168, 32.73945429194521
788.4185015891621, 32.53957968617557
788.4059440223075, 32.33970508040593
788.3933864554529, 32.13983047463629
788.3808288885982, 31.939955868866647
788.3682713217436, 31.74008126309701
788.3557137548889, 31.540206657327367
788.3431561880343, 31.34033205155773
788.3305986211797, 31.140457445788087
788.3180411, 30.94058284001845
788.3054834874704, 30.740708234248807
788.2929259206157, 30.54083362847917
788.2803683537611, 30.340959022709534
788.2678107869065, 30.14108441693989
788.2552532200518, 29.941209811170253
788.2426956531972, 29.74133520540061
788.2301380863425, 29.541460599630973
788.2175805194879, 29.34158599386133
788.2050229526333, 29.141711388091693
788.1924653857786, 28.94183678232205
788.1799078, 28.741962176552413
788.1673502520694, 28.542087570782776
788.1547926852147, 28.342212965013132
788.1422351183601, 28.142338359243496
788.1296775515054, 27.942463753473852
790.3858537297219, 36.137531882809995
790.3732961628673, 35.93765727704036
790.3607385960127, 35.737782671270715
790.348181, 35.53790806550107
790.3356234623034, 35.338033459731435
790.3230658954487,35.13815885
790.3105083285941, 34.93828424819216
790.2979507617395, 34.73840964242252
790.2853931948848, 34.53853503665288
790.2728356280302, 34.338660430883245
790.2602780611755,34.13878583
790.2477204943209, 33.938911219343964
790.2351629274663, 33.73903661357432
790.2226053606116, 33.539162007804684
790.2100478, 33.33928740203504
790.1974902269023, 33.139412796265404
790.1849326600477, 32.93953819049576
790.1723750931931, 32.739663584726124
790.1598175263384, 32.53978897895649
790.1472599594838, 32.33991437318684
790.1347023926292, 32.14003976741721
790.1221448257745, 31.940165161647563
790.1095872589199, 31.740290555877927
790.0970296920652, 31.540415950108283
790.0844721252106, 31.340541344338646
790.0719146, 31.140666738569003
790.0593569915013, 30.940792132799366
790.0467994246467, 30.740917527029723
790.0342419, 30.541042921260086
790.0216842909374, 30.34116831549045
790.0091267240828, 30.141293709720806
789.9965691572281, 29.94141910395117
789.9840115903735, 29.741544498181526
789.9714540235188, 29.54166989241189
789.9588964566642, 29.341795286642245
789.9463388898096, 29.14192068087261
789.9337813229549, 28.942046075102965
789.9212237561003, 28.74217146933333
789.9086661892457, 28.542296863563692
789.8961086, 28.34242225779405
789.8835510555364, 28.14254765202441
789.8709934886817, 27.942673046254768
791.9388061640788, 33.13962208904631
791.9262485972241, 32.93974748327667
791.9136910303695, 32.73987287750703
791.9011334635148, 32.539998271737396
791.8885758966602, 32.34012366596775
791.8760183298056, 32.140249060198116
791.8634607629509, 31.940374454428472
791.8509031960963, 31.740499848658835
791.8383456292416, 31.540625242889192
791.8257881, 31.340750637119555
791.8132304955324, 31.14087603134991
791.8006729286777, 30.941001425580275
791.7881153618231, 30.74112681981063
791.7755577949684, 30.541252214040995
791.7630002281138, 30.341377608271358
791.7504426612592, 30.141503002501715
791.7378850944045, 29.941628396732078
791.7253275275499, 29.741753790962434
791.7127699606953, 29.541879185192798
791.7002123938406, 29.342004579423154
791.6876548, 29.142129973653518
791.6750972601313, 28.942255367883874
791.6625396932767, 28.742380762114237
791.6499821264221,28.54250616
791.6374245595674, 28.342631550574957
791.6248669927128, 28.14275694480532
791.6123094258581, 27.942882339035677
791.5997518590035, 27.74300773326604
793.8056977698014, 35.138577439523615
793.7931402029468, 34.93870283375398
793.7805826360922, 34.738828227984335
793.7680250692375,34.53895362
793.7554675023829, 34.33907901644506
793.7429099355282, 34.13920441067542
793.7303523686736, 33.93932980490578
793.7177948, 33.73945519913614
793.7052372349643,33.53958059
793.6926796681097, 33.33970598759686
793.6801221, 33.13983138182722
793.6675645344004, 32.93995677605758
793.6550069675458, 32.74008217028794
793.6424494006911, 32.540207564518305
793.6298918338365, 32.34033295874866
793.6173342669819, 32.140458352979024
793.6047767001272, 31.94058374720938
793.5922191332726, 31.740709141439744
793.5796615664179,31.54083454
793.5671039995633, 31.340959929900464
793.5545464327087, 31.14108532413082
793.5419889, 30.941210718361184
793.5294312989994, 30.74133611259154
793.5168737321447, 30.541461506821904
793.5043161652901, 30.341586901052267
793.4917585984355, 30.141712295282623
793.4792010315808, 29.941837689512987
793.4666434647262, 29.741963083743343
793.4540858978716, 29.542088477973707
793.4415283310169, 29.342213872204063
793.4289707641623, 29.142339266434426
793.4164131973076, 28.942464660664783
793.4038556, 28.742590054895146
793.3912980635984, 28.54271544912551
793.3787404967437, 28.342840843355866
793.3661829298891, 28.14296623758623
793.3536253630344, 27.943091631816586
793.3410677961798, 27.74321702604695
793.3285102293252, 27.543342420277305
795.5972439743963, 35.938285155383085
795.5846864075417, 35.73841054961345
795.5721288, 35.53853594384381
795.5595712738324, 35.338661338074175
795.5470137069777, 35.13878673230453
795.5344561401231, 34.93891212653489
795.5218985732685, 34.73903752076525
795.5093410064138, 34.539162914995615
795.4967834395592, 34.33928830922598
795.4842258727045, 34.139413703456334
795.4716683058499,33.9395391
795.4591107389953, 33.739664491917054
795.4465531721406, 33.53978988614742
795.4339956, 33.339915280377774
795.4214380384313, 33.14004067460814
795.4088804715767, 32.940166068838494
795.3963229047221, 32.74029146306886
795.3837653378674, 32.54041685729922
795.3712077710128, 32.34054225152958
795.3586502041582, 32.14066764575994
795.3460926373035, 31.940793039990297
795.3335350704489, 31.74091843422066
795.3209775035942, 31.541043828451016
795.3084199367396, 31.34116922268138
795.2958624, 31.141294616911736
795.2833048030303,30.94142001
795.2707472361757, 30.741545405372456
795.2581897, 30.54167079960282
795.2456321024664, 30.341796193833183
795.2330745356118, 30.14192158806354
795.2205169687571, 29.942046982293903
795.2079594019025, 29.74217237652426
795.1954018350478, 29.542297770754622
795.1828442681932, 29.34242316498498
795.1702867013386, 29.142548559215342
795.1577291344839,28.94267395
795.1451715676293, 28.742799347676062
795.1326140007747, 28.542924741906425
795.1200564, 28.34305013613678
795.1074988670654, 28.143175530367145
795.0949413002107,27.94330092
795.0823837333561, 27.743426318827865
795.0698261665015, 27.54355171305822
797.3385599115727,35.93849445
797.3260023447181, 35.73861984239436
797.3134447778634, 35.53874523662472
797.3008872110088, 35.338870630855084
797.2883296441541, 35.13899602508545
797.2757720772995,34.93912142
797.2632145104449, 34.73924681354616
797.2506569435902, 34.53937220777652
797.2380993767356, 34.33949760200689
797.2255418, 34.13962299623724
797.2129842430263, 33.93974839046761
797.2004266761717, 33.73987378469796
797.1878691, 33.539999178928326
797.1753115424624, 33.34012457315868
797.1627539756078, 33.140249967389046
797.1501964087531,32.94037536
797.1376388418985, 32.740500755849766
797.1250812750438, 32.54062615008013
797.1125237081892, 32.340751544310486
797.0999661413346, 32.14087693854085
797.0874085744799, 31.941002332771205
797.0748510076253, 31.74112772700157
797.0622934407706, 31.541253121231925
797.0497359, 31.34137851546229
797.0371783070614, 31.141503909692645
797.0246207402067, 30.94162930392301
797.0120631733521, 30.741754698153365
796.9995056064975, 30.541880092383728
796.9869480396428, 30.34200548661409
796.9743904727882, 30.142130880844448
796.9618329059335, 29.94225627507481
799.0798758, 35.93870374094491
799.0673182818944, 35.738829135175266
799.0547607150397, 35.53895452940563
799.0422031481851, 35.33907992363599
799.0296455813304, 35.139205317866356
799.0170880144758, 34.93933071209671
799.0045304476212, 34.73945610632707
798.9919728807665, 34.53958150055743
798.9794153139119, 34.339706894787795
798.9668577470572, 34.13983228901815
798.9543001802026, 33.939957683248515
798.9417426, 33.74008307747887
798.9291850464933, 33.540208471709235
798.9166274796387, 33.34033386593959
798.9040699, 33.140459260169955
798.8915123459294, 32.94058465440031
798.8789547790748, 32.740710048630675
798.8663972122201, 32.54083544286104
798.8538396453655, 32.340960837091394
798.8412820785109, 32.14108623132176
798.8287245116562, 31.941211625552114
798.8161669448016, 31.741337019782478
798.8036093779469, 31.541462414012834
798.7910518110923, 31.341587808243197
798.7784942442377, 31.141713202473554
798.7659367, 30.941838596703917
798.7533791105284, 30.741963990934273
798.7408215436737, 30.542089385164637
798.7282639768191,30.34221478
798.7157064099645, 30.142340173625357
798.7031488431098, 29.94246556785572
798.6905912762552, 29.742590962086076
798.6780337094006, 29.54271635631644
798.6654761425459, 29.342841750546796
798.6529185756913, 29.14296714477716
798.6403610088366, 28.943092539007516
798.6278034, 28.74321793323788
798.6152458751274, 28.543343327468243
798.6026883082727,28.34346872
798.5901307414181, 28.143594115928963
798.5775731745634, 27.94371951015932
798.5650156077088, 27.743844904389682
798.5524580408542, 27.54397029862004
798.5399004739995, 27.344095692850402
798.5273429071449, 27.14422108708076
798.5147853402902, 26.944346481311122
798.5022277734356, 26.74447187554148
798.4896702, 26.54459726977184
798.4771126397263, 26.344722664002205
798.4645550728717, 26.14484805823256
798.4519975, 25.944973452462925
798.4394399391624, 25.74509884669328
798.4268823723078, 25.545224240923645
798.4143248054531,25.34534964
798.4017672385986, 25.145475029384365
798.3892097, 24.94560042361472
800.5449253151232, 31.541671706793743
800.5323677482686, 31.341797101024106
800.5198102, 31.141922495254462
800.5072526145593, 30.942047889484826
800.4946950477047, 30.742173283715182
800.4821375, 30.542298677945546
800.4695799139954, 30.34242407217591
800.4570223471408, 30.142549466406265
800.4444647802861, 29.94267486063663
800.4319072134315, 29.742800254866985
800.4193496465768, 29.54292564909735
800.4067920797222, 29.343051043327705
800.3942345128676, 29.14317643755807
800.3816769460129, 28.943301831788425
800.3691193791583, 28.743427226018788
800.3565618123037, 28.54355262024915
800.3440042, 28.343678014479508
800.3314466785944, 28.14380340870987
800.3188891117397, 27.943928802940228
800.3063315448851, 27.74405419717059
800.2937739780305, 27.544179591400948
800.2812164111758, 27.34430498563131
800.2686588443212, 27.144430379861667
800.2561012774665, 26.94455577409203
800.2435437106119, 26.744681168322387
800.2309861437573, 26.54480656255275
800.2184285769026, 26.344931956783114
800.205871, 26.14505735101347
800.1933134431933, 25.945182745243834
800.1807558763387, 25.74530813947419
800.1681983094841, 25.545433533704553
800.1556407426294, 25.34555892793491
800.1430831757749, 25.145684322165273
800.1305256089203, 24.94580971639563
800.1179680420656, 24.745935110625993
800.1054105, 24.546060504856356
800.0928529083563, 24.346185899086713
800.0802953415017, 24.146311293317076
800.0677377746471, 23.946436687547433
800.0551802077924, 23.746562081777796
800.0426226409378, 23.546687476008152
800.0300650740832, 23.346812870238516
800.0175075072285, 23.146938264468872
800.0049499403739, 22.947063658699236
799.9923923735192, 22.747189052929592
799.9798348066646, 22.547314447159955
802.1229928831893, 28.94351112456934
802.1104353163347, 28.743636518799704
802.0978777494801, 28.543761913030067
802.0853201826254, 28.343887307260424
802.0727626157708, 28.144012701490787
802.0602050489161, 27.944138095721144
802.0476474820615, 27.744263489951507
802.0350899152069, 27.544388884181863
802.0225323483522, 27.344514278412227
802.0099747814976, 27.144639672642583
801.9974172, 26.944765066872947
801.9848596477883, 26.744890461103303
801.9723020809337, 26.545015855333666
801.9597445, 26.34514124956403
801.9471869472244, 26.145266643794386
801.9346293803698, 25.94539203802475
801.9220718135151, 25.745517432255106
801.9095142466605, 25.54564282648547
801.8969567, 25.345768220715826
801.8843991129513, 25.14589361494619
801.8718415460967, 24.946019009176545
801.859284, 24.74614440340691
801.8467264123874, 24.546269797637272
801.8341688455328, 24.34639519186763
801.8216112786781, 24.146520586097992
801.8090537118235, 23.94664598032835
801.7964961449688, 23.746771374558712
801.7839385781142, 23.54689676878907
801.7713810112596, 23.34702216301943
801.7588234444049, 23.147147557249788
801.7462658775503, 22.94727295148015
801.7337083106956, 22.747398345710508
801.7211507, 22.54752373994087
801.7085931769864, 22.347649134171235
801.6960356101317, 22.14777452840159
801.6834780432771, 21.947899922631954
801.6709204764225, 21.74802531686231
801.6583629095678, 21.548150711092674
801.6458053427132, 21.34827610532303
801.6332477758585, 21.148401499553394
801.6206902090039, 20.94852689378375
801.6081326421493, 20.748652288014114
801.5955750752946, 20.548777682244477
801.5830175, 20.348903076474834
801.5704599415853, 20.149028470705197
801.5579023747307, 19.949153864935553
801.5453448078761, 19.749279259165917
801.5327872410214, 19.549404653396273
801.5202296741668, 19.349530047626637
801.5076721073121, 19.149655441856993
801.4951145404575, 18.949780836087356
801.4825569736029, 18.74990623031772
801.4699994067482, 18.550031624548076
801.4574418398936, 18.35015701877844
801.4448843, 18.150282413008796
801.4323267061843, 17.95040780723916
801.4197691393297, 17.750533201469516
801.4072116, 17.55065859569988
801.3946540056204, 17.350783989930235
801.3820964387658,17.15090938
801.3695388719111, 16.951034778390955
801.3569813050565, 16.75116017262132
801.3444237382018, 16.551285566851682
801.3318661713472, 16.35141096108204
801.3193086044926, 16.151536355312402
801.3067510376379, 15.951661749542758
801.2941934707833, 15.751787143773122
801.2816359039286, 15.551912538003478
801.2690783, 15.352037932233841
801.2565207702194, 15.152163326464198
801.2439632033647, 14.952288720694561
801.2314056365101, 14.752414114924925
801.2188480696555, 14.552539509155281
801.2062905028008, 14.352664903385644
801.1937329359462,14.1527903
801.1811753690915, 13.952915691846364
801.1686178022369, 13.75304108607672
801.1560602353823, 13.553166480307084
801.1435026685277, 13.35329187453744
801.1309451016731, 13.153417268767804
803.5503696489998, 23.946855273109257
803.5378120821451, 23.74698066733962
803.5252545152905, 23.547106061569977
803.5126969484359, 23.34723145580034
803.5001393815812, 23.147356850030697
803.4875818147266, 22.94748224426106
803.4750242478719, 22.747607638491417
803.4624666810173, 22.54773303272178
803.4499091141627, 22.347858426952143
803.4373515,22.14798382
803.4247939804534, 21.948109215412863
803.4122364135987, 21.74823460964322
803.3996788467441, 21.548360003873583
803.3871212798895, 21.34848539810394
803.3745637130348, 21.148610792334303
803.3620061461802, 20.94873618656466
803.3494485793256, 20.748861580795023
803.3368910124709, 20.548986975025386
803.3243334456163, 20.349112369255742
803.3117758787616, 20.149237763486106
803.2992183, 19.949363157716462
803.2866607450524, 19.749488551946826
803.2741031781977, 19.549613946177182
803.2615456113431, 19.349739340407545
803.2489880444884,19.14986473
803.2364304776338, 18.949990128868265
803.2238729107792, 18.75011552309863
803.2113153439245, 18.550240917328985
803.1987577770699, 18.35036631155935
803.1862002102152, 18.150491705789705
803.1736426433606, 17.950617100020068
803.1610851, 17.750742494250424
803.1485275096513, 17.550867888480788
803.1359699427967, 17.350993282711144
803.1234124, 17.151118676941508
803.1108548090874, 16.951244071171864
803.0982972422328, 16.751369465402227
803.0857396753781, 16.55149485963259
803.0731821085235, 16.351620253862947
803.0606245416689, 16.15174564809331
803.0480669748142, 15.951871042323667
803.0355094079596, 15.75199643655403
803.0229518411049, 15.552121830784387
803.0103942742503, 15.35224722501475
802.9978367073957, 15.152372619245106
802.9852791, 14.95249801347547
802.9727215736864, 14.752623407705833
802.9601640068317, 14.55274880193619
802.9476064399771, 14.352874196166553
802.9350488731225, 14.15299959039691
802.9224913062678, 13.953124984627273
802.9099337394132, 13.75325037885763
802.8973761725586, 13.553375773087993
802.8848186, 13.353501167318349
802.8722610388494, 13.153626561548712
802.8597034719947, 12.953751955779069
802.8471459051401, 12.753877350009432
802.8345883382855, 12.554002744239796
802.8220307714308, 12.354128138470152
802.8094732045762, 12.154253532700515
802.7969156377216, 11.954378926930872
802.7843580708669, 11.754504321161235
802.7718005040123, 11.554629715391592
802.7592429371576, 11.354755109621955
802.7466854, 11.154880503852311
802.7341278034484, 10.955005898082675
802.7215702365937, 10.755131292313038
805.1535523507752, 21.74844390242413
805.1409947839205, 21.54856929665449
805.1284372170659, 21.348694690884848
805.1158796502112, 21.14882008511521
805.1033220833566, 20.948945479345568
805.0907645, 20.74907087357593
805.0782069496473, 20.549196267806295
805.0656493827927, 20.34932166203665
805.0530918, 20.149447056267014
805.0405342490834, 19.94957245049737
805.0279766822288, 19.749697844727734
805.0154191153741, 19.54982323895809
805.0028615485195, 19.349948633188454
804.9903039816649, 19.15007402741881
804.9777464148102, 18.950199421649174
804.9651888479556, 18.750324815879537
804.9526312811009, 18.550450210109894
804.9400737142463, 18.350575604340257
804.9275161473917, 18.150700998570613
804.9149586, 17.950826392800977
804.9024010136824, 17.750951787031333
804.8898434468277, 17.551077181261697
804.8772858799731, 17.351202575492053
804.8647283131185, 17.151327969722416
804.8521707462638, 16.951453363952773
804.8396131794092, 16.751578758183136
804.8270556125545,16.55170415
804.8144980456999, 16.351829546643856
804.8019404788453, 16.15195494087422
804.7893829119906, 15.952080335104576
804.7768253, 15.75220572933494
804.7642677782814, 15.552331123565295
804.7517102114267, 15.352456517795659
804.7391526445721, 15.152581912026015
804.7265950777174, 14.952707306256379
804.7140375108628, 14.752832700486742
804.7014799440082, 14.552958094717098
804.6889223771535, 14.353083488947462
804.6763648102989, 14.153208883177818
804.6638072434442, 13.953334277408182
804.6512496765896, 13.753459671638538
804.6386921, 13.553585065868901
804.6261345428804, 13.353710460099258
804.6135769760258, 13.153835854329621
804.6010194091712, 12.953961248559978
804.5884618423165, 12.754086642790341
804.5759042754619, 12.554212037020704
804.5633467086072, 12.35433743125106
804.5507891417526, 12.154462825481424
804.5382316, 11.95458821971178
804.5256740080433, 11.754713613942144
804.5131164411887,11.55483901
804.5005589, 11.354964402402864
804.4880013074794, 11.15508979663322
804.4754437406248, 10.955215190863584
804.4628861737701, 10.755340585093947
804.4503286069155, 10.555465979324303
804.4377710400609, 10.355591373554667
806.3423353463475, 12.954170541340886
806.3297777794928, 12.75429593557125
806.3172202126382, 12.554421329801613
806.3046626457835, 12.35454672403197
806.2921050789289, 12.154672118262333
806.2795475120743, 11.95479751249269
806.2669899452196, 11.754922906723053
806.2544324, 11.555048300953409
806.2418748115103, 11.355173695183773
806.2293172446557, 11.155299089414129
806.2167596778011, 10.955424483644492
806.2042021109464, 10.755549877874856
806.1916445440918, 10.555675272105212
806.1790869772371, 10.355800666335575
806.1665294103825, 10.155926060565932
808.209227, 14.953125891818203
808.1715542515061, 14.353502074509287
808.1589966846515, 14.153627468739643
808.1464391177968, 13.953752862970006
808.1338815509422, 13.753878257200363
808.1213239840876, 13.554003651430726
808.1087664, 13.354129045661082
808.0962088503784, 13.154254439891446
808.0836512835237, 12.954379834121802
808.0710937166691, 12.754505228352166
808.0585361498145, 12.554630622582529
808.0459785829598, 12.354756016812885
808.0334210161052, 12.154881411043249
808.0208634492506, 11.955006805273605
808.0083058823959, 11.755132199503969
807.9957483155413, 11.555257593734325
807.9831907486866, 11.355382987964688
807.9329604812681, 10.555884564886128
810.3147123, 20.749698751918665
810.3021547611763, 20.549824146149028
810.2895971943217, 20.349949540379384
810.2770396, 20.150074934609748
810.2644820606124, 19.950200328840104
810.2519244937578, 19.750325723070468
810.2393669269031, 19.550451117300824
810.2268093600485, 19.350576511531187
810.2142517931939, 19.150701905761544
810.2016942263392, 18.950827299991907
810.1891366594846, 18.75095269422227
810.1765790926299, 18.551078088452627
810.1640215257753, 18.35120348268299
810.1514639589207, 18.151328876913347
810.1389064, 17.95145427114371
810.1263488252114, 17.751579665374067
810.1137912583567, 17.55170505960443
810.1012336915021, 17.351830453834786
810.0886761246475, 17.15195584806515
810.0761185577928, 16.952081242295506
810.0635609909382, 16.75220663652587
810.0510034240835, 16.552332030756233
810.0384458572289, 16.35245742498659
810.0258882903743, 16.152582819216953
810.0133307235196, 15.952708213447309
810.0007732, 15.752833607677672
809.9882155898104, 15.552959001908029
809.9756580229557, 15.353084396138392
809.9631004561011, 15.153209790368749
809.9505428892464, 14.953335184599112
809.9379853223918, 14.753460578829475
809.9254277555372, 14.553585973059832
809.9128701886825, 14.353711367290195
809.9003126218279, 14.153836761520552
809.8877550549732, 13.953962155750915
809.8751974881186, 13.754087549981271
809.8626399, 13.554212944211635
809.8500823544094, 13.354338338441991
809.8375247875548, 13.154463732672355
809.8249672207002, 12.954589126902711
809.8124096538455, 12.754714521133074
809.7998520869909, 12.554839915363438
809.7872945201362, 12.354965309593794
809.7747369532816, 12.155090703824158
812.0811433989165, 21.149657256238854
812.0685858320619, 20.94978265046921
812.0560282652073, 20.749908044699573
812.0434706983526, 20.550033438929937
812.0309131, 20.350158833160293
812.0183555646433, 20.150284227390657
812.0057979977887, 19.950409621621013
811.9932404309341, 19.750535015851376
811.9806828640794, 19.550660410081733
811.9681252972248, 19.350785804312096
811.9555677303701, 19.150911198542452
811.9430101635155, 18.951036592772816
811.9304525966609, 18.75116198700318
811.9178950298062, 18.551287381233536
811.9053374629516,18.35141278
811.8927799, 18.151538169694255
811.8802223292423, 17.95166356392462
811.8676647623877, 17.751788958154975
811.8551072, 17.55191435238534
811.8425496286784, 17.352039746615695
811.8299920618238, 17.15216514084606
811.8174344949691, 16.952290535076415
811.8048769281145, 16.75241592930678
811.7923193612598, 16.55254132353714
811.7797617944052, 16.352666717767498
811.7672042275506, 16.15279211199786
811.7546466606959, 15.952917506228218
811.7420890938413, 15.753042900458581
811.7295315269866, 15.553168294688938
811.716974, 15.353293688919301
811.7044163932774, 15.153419083149657
811.6918588264227, 14.95354447738002
811.6793012595681, 14.753669871610384
811.6667436927135, 14.55379526584074
811.6541861258588, 14.353920660071104
811.6416285590042, 14.15404605430146
811.6290709921495, 13.954171448531824
811.6165134252949, 13.75429684276218
811.6039558584403, 13.554422236992544
811.5913982915857,13.35454763
811.5788407247311, 13.154673025453263
811.5662831578765, 12.95479841968362
811.5537255910218, 12.754923813913983
813.9731501383485, 23.548361818255437
813.9605925714939,23.34848721
813.9480350046392, 23.148612606716156
813.9354774377846, 22.94873800094652
813.9229199, 22.748863395176876
813.9103623040753, 22.54898878940724
813.8978047372207, 22.349114183637603
813.8852472, 22.14923957786796
813.8726896035114, 21.949364972098323
813.8601320366568, 21.74949036632868
813.8475744698021, 21.549615760559043
813.8350169029475,21.34974115
813.8224593360928, 21.149866549019762
813.8099017692382, 20.94999194325012
813.7973442023836, 20.750117337480482
813.7847866355289, 20.550242731710846
813.7722290686743, 20.350368125941202
813.7596715018196, 20.150493520171565
813.7471139, 19.95061891440192
813.7345563681104, 19.750744308632285
813.7219988012557, 19.55086970286264
813.7094412344011, 19.350995097093005
813.6968836675464, 19.15112049132336
813.6843261006918, 18.951245885553725
813.6717685338372, 18.751371279784088
813.6592109669825, 18.551496674014444
813.6466534001279, 18.351622068244808
813.6340958332732, 18.151747462475164
813.6215382664186, 17.951872856705528
813.6089807, 17.751998250935884
813.5964231327093, 17.552123645166247
813.5838655658547, 17.352249039396604
813.571308, 17.152374433626967
813.5587504321454, 16.952499827857324
813.5461928652908, 16.752625222087687
813.5336352984361, 16.55275061631805
813.5210777315815, 16.352876010548407
813.5085201647269, 16.15300140477877
813.4959625978722, 15.953126799009127
813.4834050310176, 15.75325219323949
813.4708475, 15.553377587469846
813.4582898973083, 15.35350298170021
813.4457323304537, 15.153628375930566
815.7144660755249, 23.548571111036352
815.7019085086703, 23.348696505266716
815.6893509418156, 23.148821899497072
815.6767934, 22.948947293727436
815.6642358081064, 22.749072687957792
815.6516782412517, 22.549198082188155
815.6391206743971, 22.34932347641852
815.6265631075424, 22.149448870648875
815.6140055406878, 21.94957426487924
815.6014479738332, 21.749699659109595
815.5888904069785, 21.54982505333996
815.5763328401239, 21.349950447570315
815.5637752732692, 21.15007584180068
815.5512177064146, 20.950201236031035
815.5386601, 20.750326630261398
815.5261025727053, 20.55045202449176
815.5135450058507, 20.350577418722118
815.5009874, 20.15070281295248
815.4884298721414, 19.950828207182838
815.4758723052868,19.7509536
815.4633147384321, 19.551078995643557
815.4507571715775, 19.35120438987392
815.4381996047229, 19.151329784104277
815.4256420378682, 18.95145517833464
815.4130844710136, 18.751580572565004
815.4005269041589, 18.55170596679536
815.3879693373043, 18.351831361025724
815.3754117704497, 18.15195675525608
815.3628542, 17.952082149486444
815.3502966367404,17.75220754
815.3377390698857, 17.552332937947163
815.3251815030311, 17.35245833217752
815.3126239361765, 17.152583726407883
815.3000663693218, 16.95270912063824
815.2875088024672, 16.752834514868603
815.2749512356125, 16.552959909098966
815.2623936687579, 16.353085303329323
815.2498361019033, 16.153210697559686
815.2372785350486, 15.953336091790042
815.224721, 15.753461486020406
815.2121634013394, 15.553586880250762
815.1996058344847, 15.353712274481126
815.1870482676301, 15.153837668711482
815.1744907007754, 14.953963062941845
815.1619331339208, 14.754088457172209
817.4557820127012, 23.54878040381726
817.4432244458466, 23.348905798047625
817.4306668789919, 23.14903119227798
817.4181093121373, 22.949156586508344
817.4055517452827,22.74928198
817.3929942, 22.549407374969064
817.3804366115734, 22.349532769199428
817.3678790447187, 22.149658163429784
817.3553214778641, 21.949783557660147
817.3427639110095, 21.749908951890504
817.3302063441548, 21.550034346120867
817.3176487773002, 21.350159740351224
817.3050912104455, 21.150285134581587
817.2925336435909, 20.950410528811943
817.2799760767363, 20.750535923042307
817.2674185098816, 20.55066131727267
817.2548609, 20.350786711503027
817.2423033761723, 20.15091210573339
817.2297458093177, 19.951037499963746
817.2171882424631, 19.75116289419411
817.2046306756084, 19.551288288424466
817.1920731087538, 19.35141368265483
817.1795155418991, 19.151539076885186
817.1669579750445, 18.95166447111555
817.1544004081899, 18.751789865345913
817.1418428413352, 18.55191525957627
817.1292852744806, 18.352040653806633
817.1167277, 18.15216604803699
817.1041701407713, 17.952291442267352
817.0916125739167, 17.75241683649771
817.079055, 17.552542230728072
817.0664974402074, 17.35266762495843
817.0539398733528, 17.152793019188792
817.0413823064981, 16.952918413419148
817.0288247396435, 16.75304380764951
817.0162671727888, 16.553169201879875
817.0037096059342, 16.35329459611023
816.9911520390796, 16.153419990340595
816.9785944722249, 15.953545384570951
816.9660369053703, 15.753670778801315
816.9534793385156, 15.553796173031671
816.9409218, 15.353921567262034
816.9283642048064, 15.15404696149239
816.9158066379517, 14.954172355722754
816.9032490710971, 14.754297749953118
816.8906915042425, 14.554423144183474
816.8781339373878, 14.354548538413837
818.9961768802033, 20.350996004283935
818.9836193133486,20.1511214
818.9710617, 19.951246792744655
818.9585041796394, 19.75137218697502
818.9459466127847, 19.551497581205375
818.9333890459301, 19.35162297543574
818.9208314790754, 19.151748369666095
818.9082739122208, 18.951873763896458
818.8957163453662, 18.75199915812682
818.8831587785115, 18.552124552357178
818.8706012116569, 18.35224994658754
818.8580436448023, 18.152375340817898
818.8454860779476, 17.95250073504826
818.8329285, 17.752626129278617
818.8203709442383, 17.55275152350898
818.8078133773837, 17.352876917739337
818.7952558,17.15300231
818.7826982436744, 16.953127706200057
818.7701406768198, 16.75325310043042
818.7575831099651, 16.553378494660784
818.7450255431105, 16.35350388889114
818.7324679762559, 16.153629283121504
818.7199104094012, 15.95375467735186
818.7073528425466, 15.753880071582223
818.6947953, 15.55400546581258
818.6822377088373, 15.354130860042943
818.6696801419827,15.15425625
818.6571226, 14.954381648503663
818.6445650082734, 14.754507042734026
818.6320074414188, 14.554632436964383
818.6194498745641, 14.354757831194746
820.7249353, 20.151330691295207
820.7123776836704, 19.951456085525564
820.6998201168158, 19.751581479755927
820.6872625499611, 19.551706873986284
820.6747049831065, 19.351832268216647
820.6621474162519, 19.151957662447003
820.6495898493972, 18.952083056677367
820.6370322825426, 18.75220845090773
820.6244747156879, 18.552333845138087
820.6119171488333, 18.35245923936845
820.5993595819787, 18.152584633598806
820.586802, 17.95271002782917
820.5742444482694, 17.752835422059526
820.5616868814147, 17.55296081628989
820.5491293145601, 17.353086210520246
820.5365717477055, 17.15321160475061
820.5240141808508, 16.953336998980966
820.5114566139962, 16.75346239321133
820.4988990471415, 16.553587787441693
820.4863414802869, 16.35371318167205
820.4737839134323, 16.153838575902412
822.4788088, 20.35141458984576
822.4662511877013, 20.151539984076123
822.4536936208467, 19.95166537830648
822.4411360539921, 19.751790772536843
822.4285784871374,19.55191617
822.4160209202828, 19.352041560997563
822.4034633534282, 19.15216695522792
822.3909057865735, 18.952292349458283
822.3783482197189, 18.752417743688646
822.3657906528642, 18.552543137919002
822.3532330860096, 18.352668532149366
822.3406755, 18.152793926379722
822.3281179523003, 17.952919320610086
822.3155603854457, 17.753044714840442
822.3030028, 17.553170109070805
822.2904452517364, 17.35329550330116
822.2778876848818, 17.153420897531525
822.2653301180271, 16.95354629176188
822.2527725511725, 16.753671685992245
822.2402149843178, 16.55379708022261
822.2276574174632, 16.353922474452965
824.2577973922963, 20.951247699935585
824.2452398254417, 20.75137309416595
824.2326823, 20.551498488396312
824.2201246917324, 20.35162388262667
824.2075671248778, 20.151749276857032
824.1950095580231, 19.95187467108739
824.1824519911685, 19.752000065317752
824.1698944243138, 19.552125459548108
824.1573368574592, 19.35225085377847
824.1447792906046, 19.152376248008828
824.1322217237499, 18.95250164223919
824.1196641568953, 18.752627036469555
824.1071065900406, 18.55275243069991
824.094549, 18.352877824930275
824.0819914563314, 18.15300321916063
824.0694338894767, 17.953128613390994
824.0568763226221, 17.75325400762135
824.0443187557674, 17.553379401851714
824.0317611889128, 17.35350479608207
824.0192036220582, 17.153630190312434
824.0066460552035, 16.95375558454279
823.9940884883489, 16.753880978773154
823.9815309214943, 16.554006373003517
823.9689733546396, 16.354131767233874
825.9991133294726, 20.951456992716494
825.9865558, 20.751582386946858
825.9739981957633, 20.55170778117722
825.9614406289087, 20.351833175407577
825.9488831, 20.15195856963794
825.9363254951994, 19.952083963868297
825.9237679283448, 19.75220935809866
825.9112103614901, 19.552334752329017
825.8986527946355, 19.35246014655938
825.8860952277809, 19.152585540789737
825.8735376609262,18.95271094
825.8609800940716, 18.752836329250464
825.8484225272169, 18.55296172348082
825.8358649603623, 18.353087117711183
825.8233073935077, 18.15321251194154
825.8107498, 17.953337906171903
825.7981922597984, 17.75346330040226
825.7856346929437, 17.553588694632623
825.7730771260891, 17.35371408886298
825.7605195592345, 17.153839483093343
825.7479619923798,16.95396488
825.7354044255252, 16.754090271554062
825.7228468586706, 16.554215665784426
825.7102892918159, 16.354341060014782
825.6977317249613, 16.154466454245146
825.6726166, 15.754717242705865
825.6600590243974, 15.554842636936222
825.6475014575427, 15.354968031166585
825.6349438906881, 15.155093425396942
825.6223863238334, 14.955218819627305
825.6098287569788, 14.755344213857668
825.5972711901242, 14.555469608088025
825.5847136232695, 14.355595002318388
825.5721560564149, 14.155720396548745
825.5595984895602, 13.955845790779108
825.5470409227056, 13.755971185009464
825.5344834, 13.556096579239828
825.5219257889964, 13.356221973470184
825.5093682221418, 13.156347367700548
825.4968106552872, 12.956472761930904
825.4842530884325, 12.756598156161267
825.4716955215779, 12.55672355039163
825.4591379547232, 12.356848944621987
825.4465803878686, 12.15697433885235
825.4340228, 11.957099733082707
825.4214652541593, 11.75722512731307
825.4089076873047, 11.557350521543427
825.3963501, 11.35747591577379
825.3837925535954, 11.157601310004146
825.3712349867408, 10.95772670423451
825.3586774198861, 10.757852098464873
825.3461198530315, 10.55797749269523
825.3335622861769, 10.358102886925593
825.3210047193222, 10.15822828115595
825.3084471524676, 9.958353675386313
825.2958895856129,9.75847907
825.2833320187583, 9.558604463847033
825.2707744519037, 9.358729858077389
825.2582169, 9.158855252307752
825.2456593181944, 8.958980646538116
825.2331017513397, 8.759106040768472
825.2205441844851, 8.559231434998836
825.2079866176305, 8.359356829229192
825.1954290507758, 8.159482223459555
825.1828714839212, 7.959607617689912
825.1703139170666, 7.759733011920275
825.1577563502119, 7.5598584061506315
825.1451987833573, 7.359983800380995
825.1326412165026, 7.160109194611351
825.1200836, 6.960234588841715
825.1075260827934, 6.760359983072078
825.0949685159387, 6.5604853773024345
825.0824109490841, 6.360610771532798
825.0698533822294, 6.160736165763154
825.0572958153748, 5.960861559993518
825.0447382485202, 5.760986954223874
825.0321806816655, 5.5611123484542375
825.0196231148109, 5.361237742684594
825.0070655479562, 5.161363136914957
824.9945079811016, 4.961488531145321
824.9819504, 4.761613925375677
824.9693928473923, 4.5617393196060405
824.9568352805377, 4.361864713836397
824.9442777,4.161990108
824.9317201468284, 3.9621155022971166
824.9191625799738,3.762240897
824.9066050131191, 3.5623662907578364
824.8940474462645,3.362491685
824.8814898794099, 3.162617079218556
824.8689323125552, 2.9627424734489267
824.8563747457006, 2.762867867679276
824.8438171788459, 2.5629932619096394
824.8312596119913, 2.363118656140003
824.8187020451367, 2.1632440503703663
824.8061445, 1.9633694446007155
824.7935869114274, 1.763494838831079
824.7810293445727, 1.5636202330614424
824.7684717777182, 1.3637456272918058
824.7559142108636, 1.163871021522155
824.7433566440089, 0.9639964157525185
824.7307990771543, 0.7641218099828819
824.7182415102997, 0.5642472042132454
824.7056839, 0.3643725984436088
824.6931263765904, 0.16449799267395804
824.6805688097357,-0.035376613
827.7027566, 20.352042468188493
827.6901989992303, 20.152167862418857
827.6776414323757, 19.952293256649213
827.6650838655211, 19.752418650879576
827.6525262986664, 19.552544045109933
827.6399687318118, 19.352669439340296
827.6274111649572, 19.152794833570653
827.6148535981025, 18.952920227801016
827.6022960312479, 18.75304562203138
827.5897384643932, 18.553171016261736
827.5771808975386,18.35329641
827.5646233, 18.153421804722456
827.5520657638293, 17.95354719895282
827.5395081969747, 17.753672593183175
827.5269506, 17.55379798741354
827.5143930632654, 17.353923381643895
827.5018354964108, 17.15404877587426
827.4892779295561, 16.954174170104615
827.4767203627015, 16.75429956433498
827.4641627958468, 16.554424958565342
827.4516052289922, 16.354550352795698
827.4390476621376, 16.15467574702606
827.4264900952829, 15.954801141256418
827.4139325284283, 15.754926535486781
827.4013749615737, 15.555051929717138
827.3888174, 15.355177323947501
827.3762598278644, 15.155302718177857
827.3637022610097, 14.955428112408221
827.3511446941551, 14.755553506638584
827.3385871273005, 14.55567890086894
827.3260295604458, 14.355804295099304
827.3134719935912, 14.15592968932966
827.3009144267365, 13.956055083560024
827.2883568598819, 13.75618047779038
827.2757992930273, 13.556305872020744
827.2632417261727,13.35643127
827.2506841593181, 13.156556660481463
827.2381265924635, 12.95668205471182
827.2255690256088, 12.756807448942183
827.2130114587542, 12.556932843172547
827.2004538918995, 12.357058237402903
827.1878963250449, 12.157183631633266
827.1753387581903, 11.957309025863623
827.1627811913356, 11.757434420093986
827.1502236, 11.557559814324343
827.1376660576263, 11.357685208554706
827.1251084907717, 11.157810602785062
827.1125509239171, 10.957935997015426
827.0999933570624, 10.75806139124579
827.0874357902078, 10.558186785476146
827.0748782233532, 10.358312179706509
827.0623206564985, 10.158437573936865
827.0497630896439, 9.958562968167229
827.0372055227892, 9.758688362397585
827.0246479559346, 9.558813756627949
827.0120904, 9.358939150858305
826.9995328222253, 9.159064545088668
826.9869752553707, 8.959189939319032
826.9744177, 8.759315333549388
826.9618601216614, 8.559440727779752
826.9493025548068, 8.359566122010108
826.9367449879521, 8.159691516240471
826.9241874210975, 7.959816910470828
826.9116298542428, 7.759942304701191
826.8990722873882, 7.560067698931547
826.8865147205336, 7.360193093161911
826.8739571536789, 7.160318487392267
826.8613995868243, 6.960443881622631
826.8488420199697, 6.760569275852994
826.8362845,6.56069467
826.8237268862604, 6.360820064313714
826.8111693194057,6.160945459
826.7986117525511, 5.961070852774434
826.7860541856965,5.761196247
826.7734966188418, 5.561321641235153
826.7609390519872,5.361447035
826.7483814851325, 5.161572429695873
826.7358239182779, 4.961697823926237
826.7232663514233, 4.761823218156593
826.7107087845686, 4.561948612386956
826.6981512, 4.362074006617313
826.6855936508593, 4.162199400847676
826.6730360840047, 3.9623247950780325
826.6604785171501, 3.762450189308396
826.6479209502954, 3.5625755835387523
826.6353633834408, 3.3627009777691157
826.6228058165862, 3.162826371999472
826.6102482497315, 2.9629517662298426
826.5976906828769, 2.7630771604601847
826.5851331160222, 2.563202554690548
826.5725755491676, 2.3633279489209116
826.560018, 2.163453343151275
826.5474604154583, 1.9635787373816243
826.5349028486037, 1.7637041316119877
826.5223453, 1.5638295258423511
826.5097877148945, 1.3639549200727146
826.4972301480399, 1.1640803143030638
826.4846725811852, 0.9642057085334272
826.4721150143306, 0.7643311027637907
826.4595574, 0.5644564969941541
826.4469998806213, 0.36458189122451756
826.4344423137667, 0.1647072854548668
826.4218847,-0.03516732
829.4189573695521, 19.952502549430122
829.4063998026975, 19.752627943660485
829.3938422358428, 19.55275333789084
829.3812846689882, 19.352878732121205
829.3687271021336, 19.15300412635156
829.3561695352789, 18.953129520581925
829.3436119684243, 18.75325491481229
829.3310544015696, 18.553380309042645
829.3184968, 18.353505703273008
829.3059392678604, 18.153631097503364
829.2933817010057, 17.953756491733728
829.2808241341511, 17.753881885964084
829.2682665672965, 17.554007280194448
829.2557090004418, 17.354132674424804
829.2431514335872, 17.154258068655167
829.2305938667325, 16.954383462885524
829.2180362998779, 16.754508857115887
829.2054787330233, 16.55463425134625
829.1929211661686, 16.354759645576607
829.1803636, 16.15488503980697
829.1678060324593, 15.955010434037327
829.1552484656047, 15.75513582826769
829.1426908987501, 15.555261222498046
829.1301333318954, 15.35538661672841
829.1175757650408, 15.155512010958766
829.1050181981861, 14.95563740518913
829.0924606313315, 14.755762799419493
829.0799030644769, 14.55588819364985
829.0673454976222, 14.356013587880213
829.0547879307676, 14.15613898211057
829.0422304, 13.956264376340933
829.0296727970583, 13.756389770571289
829.0171152302037, 13.556515164801652
829.0045576633491, 13.356640559032009
828.9920000964945, 13.156765953262372
828.9794425296399, 12.956891347492729
828.9668849627852, 12.757016741723092
828.9543273959306, 12.557142135953455
828.9417698, 12.357267530183812
828.9292122622213, 12.157392924414175
828.9166546953667, 11.957518318644532
828.9040971, 11.757643712874895
828.8915395616574, 11.557769107105251
828.8789819948028, 11.357894501335615
828.8664244279481, 11.158019895565971
828.8538668610935, 10.958145289796335
828.8413092942388, 10.758270684026698
828.8287517273842, 10.558396078257054
828.8161941605296, 10.358521472487418
828.8036365936749, 10.158646866717774
828.7910790268203, 9.958772260948138
828.7785214599656, 9.758897655178494
828.7659639, 9.559023049408857
828.7534063262564, 9.359148443639214
828.7408487594017, 9.159273837869577
828.7282911925471,8.959399232
828.7157336256925, 8.759524626330297
828.7031760588378,8.559650021
828.6906184919832, 8.359775414791017
828.6780609251285,8.159900809
828.6655033582739, 7.960026203251736
828.6529457914193,7.760151597
828.6403882245646, 7.560276991712456
828.6278307,7.360402386
828.6152730908553, 7.160527780173176
828.6027155240007, 6.960653174403539
828.5901579571461, 6.760778568633903
828.5776003902914, 6.560903962864259
828.5650428234368, 6.361029357094623
828.5524852565821, 6.161154751324979
828.5399276897275, 5.961280145555342
828.5273701228729, 5.761405539785699
828.5148125560182, 5.561530934016062
828.5022549891636, 5.3616563282464185
828.4896974, 5.161781722476782
828.4771398554543, 4.961907116707145
828.4645822885997, 4.762032510937502
828.4520247, 4.562157905167865
828.4394671548904, 4.3622832993982215
828.4269095880358, 4.162408693628585
828.4143520211811, 3.9625340878589412
828.4017944543265, 3.7626594820893047
828.3892368874718, 3.562784876319661
828.3766793206172, 3.3629102705500244
828.3641217537626, 3.163035664780381
828.3515641869079, 2.9631610590107513
828.3390066200533, 2.7632864532410935
828.3264490531986, 2.563411847471457
828.3138915, 2.3635372417018203
828.3013339194894, 2.1636626359321838
828.2887763526347, 1.963788030162533
828.2762187857801, 1.7639134243928964
828.2636612189256, 1.5640388186232599
828.2511036520709, 1.3641642128536233
828.2385460852163, 1.1642896070839726
828.2259885183616,0.964415001
828.213431, 0.7645403955446994
828.2008733846524, 0.5646657897750629
828.1883158177977, 0.3647911840054263
828.1757582509431, 0.16491657823577555
828.1632006840885,-0.034958028
831.2481762747109, 21.351834082598508
831.2356187078562, 21.15195947682887
831.2230611410016, 20.952084871059228
831.2105036, 20.75221026528959
831.1979460072923, 20.552335659519954
831.1853884404377, 20.35246105375031
831.1728309, 20.152586447980674
831.1602733067284, 19.95271184221103
831.1477157398738, 19.752837236441394
831.1351581730191, 19.55296263067175
831.1226006061645, 19.353088024902114
831.1100430393099, 19.15321341913247
831.0974854724552, 18.953338813362834
831.0849279056006, 18.753464207593197
831.0723703387459, 18.553589601823553
831.0598127718913, 18.353714996053917
831.0472552050367, 18.153840390284273
831.0346976, 17.953965784514637
831.0221400713274, 17.754091178744993
831.0095825044727, 17.554216572975356
830.9970249376181, 17.354341967205713
830.9844673707635, 17.154467361436076
830.9719098039088, 16.954592755666432
830.9593522370542, 16.754718149896796
830.9467946701996, 16.55484354412716
830.9342371033449, 16.354968938357516
830.9216795364903, 16.15509433258788
830.9091219696356, 15.955219726818235
830.8965644, 15.755345121048599
830.8840068359264, 15.555470515278955
830.8714492690717, 15.355595909509319
830.8588917022171, 15.155721303739675
830.8463341353624, 14.955846697970038
830.8337765685078, 14.755972092200402
830.8212190016532, 14.556097486430758
830.8086614347985, 14.356222880661122
830.7961038679439, 14.156348274891478
830.7835463010892, 13.956473669121841
830.7709887342346, 13.756599063352198
830.7584312, 13.556724457582561
830.7458736005254, 13.356849851812918
830.7333160336708, 13.156975246043281
830.7207584668162, 12.957100640273637
830.7082008999615,12.75722603
830.6956433331069, 12.557351428734364
830.6830857662522, 12.35747682296472
830.6705281993976, 12.157602217195084
830.6579706, 11.95772761142544
830.6454130656883, 11.757853005655804
830.6328554988337, 11.55797839988616
830.6202979, 11.358103794116523
830.6077403651244, 11.15822918834688
830.5951827982698, 10.958354582577243
830.5826252314151, 10.758479976807607
830.5700676645605, 10.558605371037963
830.5575100977059, 10.358730765268326
830.5449525308512, 10.158856159498683
830.5323949639966, 9.958981553729046
830.5198373971419, 9.759106947959403
830.5072798302873, 9.559232342189766
830.4947222634327, 9.359357736420122
830.4821647, 9.159483130650486
830.4696071297234,8.959608525
830.4570495628687, 8.759733919111206
830.4444919960141, 8.559859313341569
830.4319344291595, 8.359984707571925
830.4193768623048, 8.160110101802289
830.3942617285956, 7.760360890263009
830.3817041617409, 7.560486284493365
830.3691465948863, 7.360611678723728
830.3565890280316, 7.160737072954085
830.3440315, 6.960862467184448
830.3314738943224, 6.760987861414812
830.3189163274677, 6.561113255645168
830.3063587606131, 6.361238649875531
830.2938011937584, 6.161364044105888
830.2812436269038, 5.961489438336251
830.2686860600492, 5.7616148325666074
830.2561284931945, 5.561740226796971
830.2435709263399, 5.361865621027327
830.2310133594852, 5.161991015257691
830.2184557926306, 4.962116409488054
830.2058982,4.762241804
830.1933406589213, 4.562367197948774
830.1807830920667,4.362492592
830.1682255, 4.162617986409494
830.1556679583574,3.962743381
830.1431103915028, 3.7628687748702134
830.1305528246481, 3.5629941691005698
830.1179952577935, 3.363119563330933
830.1054376909389, 3.1632449575612895
830.0928801240842,2.963370352
830.0803225572296, 2.7634957460220164
830.0677649903749,2.56362114
830.0552074235203, 2.3637465344827433
830.0426498566657, 2.1638719287131067
830.0300923, 1.963997322943456
830.0175347229564, 1.7641227171738194
830.0049771561019, 1.5642481114041829
829.9924195892472, 1.3643735056345463
833.5545827203458, 30.34640063501321
833.5420251534912, 30.146526029243567
833.5043524529273, 29.54690221193465
833.3411041, 26.948532336929333
833.3285465169623, 26.74865773115969
833.3159889501077, 26.548783125390052
833.3034314, 26.348908519620416
833.2908738163984, 26.149033913850772
833.2783162495438, 25.949159308081136
833.2657586826891, 25.749284702311492
833.2532011158345, 25.549410096541855
833.2406435, 25.34953549077221
833.2280859821253, 25.149660885002575
833.2155284152707, 24.94978627923293
833.2029708, 24.749911673463295
833.1904132815614, 24.55003706769366
833.1778557147068, 24.350162461924015
833.1652981478521, 24.150287856154378
833.1527405809975, 23.950413250384734
833.1401830141428, 23.750538644615098
833.1276254472882, 23.550664038845454
833.1150678804336, 23.350789433075818
833.1025103135789, 23.150914827306174
833.0899527467243, 22.951040221536537
833.0773951798697, 22.751165615766894
833.0648376, 22.551291009997257
833.0522800461604, 22.35141640422762
833.0397224793057, 22.151541798457977
833.0271649124511, 21.95166719268834
833.0146073455965, 21.751792586918697
833.0020497787418, 21.55191798114906
832.9894922118872, 21.352043375379417
832.9769346450325, 21.15216876960978
832.9643770781779, 20.952294163840136
832.9518195113233,20.75241956
832.9392619444686, 20.552544952300863
832.9267044, 20.35267034653122
832.9141468107593, 20.152795740761583
832.9015892439047, 19.95292113499194
832.8890316770501, 19.753046529222303
832.8764741101954, 19.55317192345266
832.8639165433408, 19.353297317683023
832.8513589764862, 19.15342271191338
832.8388014096315, 18.953548106143742
832.8262438427769, 18.753673500374106
832.8136862759222, 18.553798894604462
832.8011287090676, 18.353924288834826
832.7885711, 18.154049683065182
832.7760135753583, 17.954175077295545
832.7634560085037,17.75430047
832.7508984, 17.554425865756265
832.7383408747944, 17.35455125998662
832.7257833079398, 17.154676654216985
832.7132257410851, 16.95480204844734
832.7006681742305, 16.754927442677705
832.6881106073758, 16.555052836908068
832.6755530405212, 16.355178231138424
832.6629954736666, 16.155303625368788
832.6504379068119, 15.955429019599144
832.6378803399573, 15.755554413829508
832.6253227731027, 15.555679808059864
832.6127652, 15.355805202290227
832.6002076393934, 15.155930596520584
832.5876500725387, 14.956055990750947
832.5750925056841, 14.75618138498131
832.5625349388295, 14.556306779211667
832.5499773719748, 14.35643217344203
832.5374198051202, 14.156557567672387
832.5248622382655, 13.95668296190275
832.5123046714109, 13.756808356133106
832.4997471045563, 13.55693375036347
832.4871895377017, 13.357059144593826
832.4746319708471, 13.15718453882419
832.4620744039925, 12.957309933054546
832.4495168371378, 12.75743532728491
832.4369592702832, 12.557560721515273
832.4244017034285, 12.35768611574563
832.4118441365739, 12.157811509975993
832.3992865697193, 11.957936904206349
832.3867290028646, 11.758062298436712
832.3741714, 11.558187692667069
832.3616138691553, 11.358313086897432
832.3490563023007, 11.158438481127789
832.3364987354461, 10.958563875358152
832.3239411685914, 10.758689269588515
832.3113836017368, 10.558814663818872
832.2988260348822, 10.358940058049235
832.2862684680275, 10.159065452279592
832.2737109011729, 9.959190846509955
832.2611533343182, 9.759316240740311
832.2485957674636, 9.559441634970675
832.2360382, 9.359567029201031
832.2234806337543, 9.159692423431395
832.2109230668997, 8.959817817661758
832.1481352326265, 7.960444788813554
832.1355776657718, 7.760570183043917
832.1230200989172, 7.560695577274274
832.1104625320626, 7.360820971504637
832.0979049652079, 7.160946365734993
835.3084562243769, 30.546484533563763
835.2958986575222, 30.346609927794127
835.2833410906676, 30.146735322024483
835.2707835, 29.946860716254847
835.2582259569583, 29.746986110485203
835.2456683901037, 29.547111504715566
835.2331108, 29.347236898945923
835.2205532563944, 29.147362293176286
835.2079956895398, 28.947487687406642
835.1954381226851, 28.747613081637006
835.1828805558305, 28.54773847586737
835.1703229889758, 28.347863870097726
835.1577654221212, 28.14798926432809
835.1452078552666, 27.948114658558445
835.1326502884119, 27.74824005278881
835.1200927215573, 27.548365447019165
835.1075351547026, 27.34849084124953
835.0949776, 27.148616235479885
835.0824200209934, 26.94874162971025
835.0698624541387, 26.748867023940605
835.0573048872841, 26.548992418170968
835.0447473204295, 26.34911781240133
835.0321897535748, 26.149243206631688
835.0196321867202, 25.94936860086205
835.0070746198655, 25.749493995092408
834.9945170530109, 25.54961938932277
834.9819594861563, 25.349744783553128
834.9694019193017, 25.14987017778349
834.9568443524471, 24.949995572013847
834.9442867855925, 24.75012096624421
834.9317292187378, 24.550246360474574
834.9191716518832, 24.35037175470493
834.9066140850285, 24.150497148935294
834.8940565181739, 23.95062254316565
834.8814989513193, 23.750747937396014
834.8689413844646, 23.55087333162637
834.8563838, 23.350998725856734
834.8438262507553, 23.15112412008709
834.8312686839007, 22.951249514317453
834.8187111170461, 22.75137490854781
834.8061535501914, 22.551500302778173
834.7935959833368, 22.351625697008537
834.7810384164821, 22.151751091238893
834.7684808496275, 21.951876485469256
834.7559232827729, 21.752001879699613
834.7433657159182, 21.552127273929976
834.7308081490636, 21.352252668160332
834.7182506, 21.152378062390696
834.7056930153543, 20.952503456621052
834.6931354484997, 20.752628850851416
834.6805779, 20.55275424508178
834.6680203147904, 20.352879639312135
834.6554627479358,20.15300503
834.6429051810811, 19.953130427772855
834.6303476142265, 19.75325582200322
834.6177900473718, 19.553381216233575
834.6052324805172, 19.35350661046394
834.5926749136626, 19.153632004694295
834.5801173468079, 18.953757398924658
834.5675597799533, 18.75388279315502
834.5550022130986, 18.554008187385378
834.5173295125347, 17.95438437007646
834.5047719456801, 17.754509764306817
834.4796568119708, 17.354760552767537
834.4670992451162,17.15488595
834.4545416782615, 16.955011341228257
834.4419841114069, 16.75513673545862
834.4294265445523, 16.555262129688984
834.3917538439883, 15.95563831238006
834.3791962771337, 15.755763706610423
834.3666387102791, 15.55588910084078
834.3540811434244, 15.356014495071143
834.3415235765698,15.15613989
834.3289660097151, 14.956265283531863
834.3164084428605, 14.756390677762226
834.3038508760059, 14.556516071992583
834.2912933091512, 14.356641466222946
834.2787357422966, 14.156766860453303
834.2661782, 13.956892254683666
834.2536206085873, 13.757017648914022
834.2410630417327, 13.557143043144386
834.2285054748781, 13.357268437374742
834.2159479080235, 13.157393831605106
834.2033903411689, 12.957519225835462
834.1908327743142, 12.757644620065825
834.1782752074596, 12.557770014296189
834.1657176, 12.357895408526545
837.0497721615532, 30.546693826344672
837.0372145946985, 30.346819220575036
837.0246570278439, 30.146944614805392
837.0120994609892, 29.947070009035755
836.9995418941346, 29.74719540326611
836.9869843, 29.547320797496475
836.9744267604253, 29.34744619172683
836.9618691935707, 29.147571585957195
836.9493116, 28.94769698018755
836.9367540598614, 28.747822374417915
836.9241964930068, 28.547947768648278
836.9116389261521, 28.348073162878634
836.8990813592975, 28.148198557108998
836.8865237924429, 27.948323951339354
836.8739662255882, 27.748449345569718
836.8614086587336, 27.548574739800074
836.8488510918789, 27.348700134030437
836.8362935250243, 27.148825528260794
836.8237359581697, 26.948950922491157
836.8111784, 26.749076316721514
836.7986208244604, 26.549201710951877
836.7860632576057, 26.34932710518224
836.7735056907511, 26.149452499412597
836.7609481238965, 25.94957789364296
836.7483905570418, 25.749703287873317
836.7358329901872, 25.54982868210368
836.7232754233326, 25.349954076334036
836.7107179,25.15007947
836.6981602896234, 24.950204864794756
836.6856027227687, 24.75033025902512
836.6730451559141, 24.550455653255483
836.6604875890595, 24.35058104748584
836.6479300222048, 24.150706441716203
836.6353724553502, 23.95083183594656
836.6228148884956, 23.750957230176923
836.6102573216409, 23.55108262440728
836.5976997547863, 23.351208018637642
836.5851421879316,23.15133341
836.5725846, 22.951458807098362
836.5600270542224, 22.75158420132872
836.5474694873677, 22.551709595559082
836.5349119205131, 22.351834989789445
836.5223543536584,22.15196038
836.5097967868038, 21.952085778250165
836.4972392199492, 21.75221117248052
836.4846816530945, 21.552336566710885
836.4721240862399, 21.35246196094124
836.4595665193852, 21.152587355171605
836.4470089525306, 20.95271274940196
836.4344514, 20.752838143632324
836.4218938188213, 20.552963537862688
836.4093362519667, 20.353088932093044
836.3967787, 20.153214326323408
836.3842211182574, 19.953339720553764
836.3716635514028, 19.753465114784127
836.3591059845481, 19.553590509014484
836.3465484176935, 19.353715903244847
838.7785305318749, 30.347028513355944
838.7283002644564, 29.547530090277384
838.6780699970378, 28.748031667198823
838.6655124301832, 28.548157061429187
838.6529548633285, 28.348282455659543
838.6403972964739, 28.148407849889907
838.6278397296193, 27.948533244120263
838.6152821627646, 27.748658638350626
838.6027246, 27.548784032580983
838.5901670290554, 27.348909426811346
838.5776094622007, 27.149034821041703
838.5650518953461, 26.949160215272066
838.5524943284914, 26.749285609502422
838.5399367616368, 26.549411003732786
838.5273791947822, 26.34953639796315
838.5148216279275, 26.149661792193506
838.5022640610729, 25.94978718642387
838.4897064942182, 25.749912580654225
838.4771489273636, 25.55003797488459
838.4645913605091, 25.350163369114945
838.4520337936544, 25.15028876334531
838.4394762267998, 24.950414157575665
838.4269186599452, 24.75053955180603
838.4143610930905, 24.55066494603639
838.4018035262359, 24.350790340266748
838.3892459593812, 24.15091573449711
838.3766883925266, 23.951041128727468
838.3641308, 23.75116652295783
838.3515732588173, 23.551291917188188
838.3390156919627, 23.35141731141855
838.3264581, 23.151542705648907
838.3139005582534, 22.95166809987927
838.3013429913988, 22.751793494109627
838.2887854245441, 22.55191888833999
838.2762278576895, 22.352044282570354
838.2636702908349, 22.15216967680071
838.2511127239802, 21.952295071031074
838.2385551571256, 21.75242046526143
838.2259975902709, 21.552545859491794
838.2134400234163, 21.35267125372215
838.2008824565617, 21.152796647952513
838.1883249, 20.95292204218287
838.1757673228524, 20.753047436413233
838.1632097559977, 20.553172830643597
838.1506521891431, 20.353298224873953
838.1380946222885, 20.153423619104316
838.1255370554338, 19.953549013334673
838.1129794885792, 19.753674407565036
838.1004219217245, 19.553799801795392
838.0878643548699, 19.353925196025756
840.0928891959936, 23.551501209969096
840.0803316, 23.35162660419946
840.0677740622843, 23.151751998429816
840.0552164954297, 22.95187739266018
840.0426589285751, 22.752002786890536
840.0301013617204,22.55212818
840.0175437948658, 22.352253575351263
840.0049862280111, 22.15237896958162
839.9924286611565, 21.952504363811983
839.9798710943019, 21.75262975804234
839.9673135274472, 21.552755152272702
839.9547559605926, 21.35288054650306
839.9421984, 21.153005940733422
839.9296408268833, 20.95313133496378
839.9170832600287, 20.753256729194142
839.9045257, 20.553382123424505
839.8919681263194, 20.35350751765486
839.8794105594648, 20.153632911885225
839.8668529926101, 19.95375830611558
839.8542954257555, 19.753883700345945
839.8417378589008,19.55400909
839.8291802920462, 19.354134488806665
841.7463021651874, 22.152588262362535
841.7337445983328,21.95271366
841.7211870314782, 21.752839050823255
841.7086294646235, 21.552964445053618
841.6960718977689, 21.353089839283975
841.6835143309142, 21.153215233514338
841.6709567640596, 20.953340627744694
841.6583992, 20.753466021975058
841.6458416303503, 20.55359141620542
841.6332840634957, 20.353716810435778
841.6207265, 20.15384220466614
841.6081689297864, 19.953967598896497
841.5956113629318, 19.75409299312686
843.4750605355092, 21.952922949373807
843.4625029686546, 21.753048343604164
843.4499454017999, 21.553173737834527
843.4373878349453, 21.353299132064883
843.4248302680907, 21.153424526295247
843.4122727, 20.953549920525603
843.3997151343814, 20.753675314755966
843.3871575675267, 20.55380070898633
843.3746000006721, 20.353926103216686
843.3620424338175, 20.15405149744705
843.3494848669628, 19.954176891677406
845.2038189058309, 21.753257636385072
845.1912613389762, 21.553383030615436
845.1787037721216, 21.353508424845792
845.1661462, 21.153633819076155
845.1535886384123, 20.953759213306512
845.1410310715577, 20.753884607536875
845.1284735, 20.55401000176724
845.1159159378484, 20.354135395997595
845.1033583709938, 20.15426079022796
845.0908008041391, 19.954386184458315
845.0782432372845, 19.75451157868868
846.9576924098618, 21.953341534935625
846.9451348430072, 21.75346692916598
846.9325772761525, 21.553592323396344
846.9200197092979,21.35371772
846.9074621424433, 21.153843111857064
846.8949045755886, 20.95396850608742
846.882347, 20.754093900317784
846.8697894418793, 20.554219294548147
846.8572318750247, 20.354344688778504
846.8446743, 20.154470083008867
846.8321167413154, 19.954595477239224
846.8195591744608, 19.754720871469587
846.8070016076061, 19.554846265699943
846.7944440407515, 19.354971659930307
846.7818864738969, 19.155097054160663
846.7693289070422, 18.955222448391027
846.7567713401876, 18.75534784262139
846.7442138, 18.555473236851746
846.7316562064783, 18.35559863108211
846.7190986396237, 18.155724025312466
846.7065411, 17.95584941954283
846.6939835059144, 17.755974813773186
846.6814259390597, 17.55610020800355
846.6688683722051, 17.356225602233906
846.6563108053505, 17.15635099646427
846.6437532384958, 16.956476390694625
846.6311956716412, 16.75660178492499
846.6186381047866, 16.556727179155352
846.6060805379319, 16.35685257338571
846.5935229710773, 16.156977967616072
846.5809654042226, 15.957103361846428
846.5684078, 15.757228756076792
846.5558502705134, 15.557354150307148
846.5432927036587, 15.357479544537512
846.5307351368041, 15.157604938767868
846.5181775699494, 14.957730332998231
846.5056200030948, 14.757855727228595
846.4930624362402, 14.557981121458951
846.4805048693855, 14.358106515689315
846.4679473025309, 14.158231909919671
846.4553897356762, 13.958357304150034
846.4428321688216, 13.75848269838039
846.4302746, 13.558608092610754
846.4177170351124, 13.35873348684111
846.4051594682578, 13.158858881071474
846.3926019014032, 12.95898427530183
846.3800443345485, 12.759109669532194
846.3674867676939, 12.559235063762557
846.3549292008393, 12.359360457992913
846.3423716339846, 12.159485852223277
846.3298141, 11.959611246453633
848.6990083470382, 21.95355082771654
848.6864507801836, 21.753676221946897
848.6738932133289, 21.55380161617726
848.6613356464743, 21.353927010407617
848.6487780796197, 21.15405240463798
848.6362205, 20.954177798868336
848.6236629459104,20.75430319
848.6111053790557, 20.554428587329063
848.5985478122011, 20.35455398155942
848.5859902453465, 20.154679375789783
848.5734326784918, 19.95480477002014
848.5608751116372, 19.754930164250503
848.5483175447825, 19.55505555848086
848.5357599779279, 19.355180952711223
848.5232024110733, 19.15530634694158
848.5106448442186, 18.955431741171942
848.4980873, 18.755557135402306
848.4855297105094, 18.555682529632662
848.4729721436547, 18.355807923863026
848.4604145768001, 18.155933318093382
848.4478570099454, 17.956058712323745
848.4352994430908,17.75618411
848.4227418762362, 17.556309500784465
848.4101843093815, 17.35643489501482
848.3976267425269, 17.156560289245185
848.3850691756722, 16.95668568347554
848.3725116088176, 16.756811077705905
848.359954, 16.556936471936268
848.3473964751083, 16.357061866166624
848.3348389082537, 16.157187260396988
848.3222813, 15.957312654627344
848.3097237745444, 15.757438048857708
848.2971662076898, 15.557563443088064
848.2846086408351, 15.357688837318427
848.2720510739805, 15.157814231548784
848.2594935071259, 14.957939625779147
848.2469359402712, 14.75806502000951
848.2343783734166, 14.558190414239867
848.2218208065619, 14.35831580847023
848.2092632397073, 14.158441202700587
848.1967056728527, 13.95856659693095
848.1841481, 13.758691991161307
848.1715905391434, 13.55881738539167
848.1590329722889, 13.358942779622026
848.1464754054342, 13.15906817385239
848.1339178385796, 12.959193568082746
848.1213602717249, 12.75931896231311
848.1088027048703, 12.559444356543473
848.0962451380157, 12.35956975077383
848.0836876, 12.159695145004193
848.0711300043064, 11.95982053923455
848.0585724374517, 11.759945933464913
850.4403242842145, 21.95376012049745
850.4277667173599, 21.753885514727806
850.4152091505052, 21.55401090895817
850.4026515836506, 21.354136303188525
850.390094, 21.15426169741889
850.3775364499413, 20.954387091649245
850.3649788830867, 20.75451248587961
850.3524213, 20.554637880109972
850.3398637493774, 20.35476327434033
850.3273061825228, 20.154888668570692
850.3147486156681, 19.955014062801048
850.3021910488135, 19.75513945703141
850.2896334819588, 19.555264851261768
850.2770759151042, 19.35539024549213
850.2645183482496, 19.155515639722488
850.2519607813949, 18.95564103395285
850.2394032145403, 18.755766428183215
850.2268456476856, 18.55589182241357
850.2142881, 18.356017216643934
850.2017305139764, 18.15614261087429
850.1891729471217, 17.956268005104654
850.1766153802671, 17.75639339933501
850.1640578134125, 17.556518793565374
850.1515002465578, 17.35664418779573
850.1389426797032, 17.156769582026094
850.1263851128485, 16.95689497625645
850.1138275459939, 16.757020370486813
850.1012699791393, 16.557145764717177
850.0887124122846, 16.357271158947533
850.0761548, 16.157396553177897
850.0635972785753, 15.957521947408253
850.0510397117207, 15.757647341638616
850.0384821448661, 15.557772735868973
850.0259245780114, 15.357898130099336
850.0133670111568, 15.158023524329693
850.0008094443021, 14.958148918560056
849.9882518774475, 14.75827431279042
849.9756943105929, 14.558399707020776
849.9631367437382, 14.35852510125114
849.9505791768836, 14.158650495481496
849.9380216, 13.958775889711859
849.9254640431743, 13.758901283942215
849.9129064763197, 13.559026678172579
849.9003489094652, 13.359152072402935
849.8877913426105, 13.159277466633299
849.8752337757559, 12.959402860863655
849.8626762089012, 12.759528255094018
849.8501186420466, 12.559653649324382
849.8375611, 12.359779043554738
849.8250035083373, 12.159904437785102
849.8124459414827, 11.960029832015458
849.7998884, 11.760155226245821
851.7170102477693, 14.558608999801685
851.7044526809146, 14.358734394032048
851.6918951, 14.158859788262404
851.6793375472054, 13.958985182492768
851.6667799803507, 13.759110576723124
851.6542224134961, 13.559235970953488
851.6416648466416, 13.359361365183844
851.6291072797869, 13.159486759414207
851.6165497129323, 12.959612153644564
851.6039921460776, 12.759737547874927
851.5914346, 12.55986294210529
851.5788770123684, 12.359988336335647
851.5663194455137, 12.16011373056601
851.5537618786591, 11.960239124796367
851.5412043118044, 11.76036451902673
853.3453080832539, 12.759946840655836
853.3327505163993,12.56007223
853.3201929495447, 12.360197629116556
853.3076354, 12.160323023346919
853.2950778158354, 11.960448417577275
853.2825202489807, 11.760573811807639
853.2699626821261, 11.560699206037995
853.2574051152715, 11.360824600268359
855.0615089, 12.360406921897471
855.0489513198663, 12.160532316127835
855.0363937530117, 11.960657710358191
855.0238362, 11.760783104588555
855.0112786193024, 11.560908498818911
854.9987210524478, 11.361033893049274
854.9861634855931, 11.16115928727963
854.9736059187385, 10.961284681509994
854.9610483518838, 10.761410075740358
854.9484907850292, 10.561535469970714
854.9359332181746, 10.361660864201077
856.7651521233335, 11.760992397369463
856.7525945564788, 11.56111779159982
856.7400369896242, 11.361243185830183
856.7274794227695, 11.16136858006054
856.7149218559149, 10.961493974290903
856.7023642890603, 10.761619368521266
856.6898067222056, 10.561744762751623
856.6772492, 10.361870156981986
856.6646915884963, 10.161995551212343
856.6521340216417, 9.962120945442706
856.6395764547871, 9.762246339673062
856.6270188879324, 9.562371733903426
856.6144613210778, 9.362497128133782
858.4687953599458, 11.161577872841448
858.4562377930912, 10.961703267071812
858.4436802262366, 10.761828661302175
858.4311226593819, 10.561954055532532
858.4185650925273, 10.362079449762895
858.4060075256726, 10.162204843993251
858.39345, 9.962330238223615
858.3808923919634, 9.762455632453971
858.3683348251087, 9.562581026684335
858.3557772582541,9.362706421
858.3432196913994, 9.162831815145054
858.3306621245448, 8.962957209375418
858.3181045576902, 8.763082603605774
858.3055469908355, 8.563207997836138
858.2929894239809, 8.363333392066494
858.2804318571262, 8.163458786296857
858.2678742902716, 7.963584180527214
858.2553167, 7.763709574757577
858.2427591565623, 7.563834968987933
858.2302015897077, 7.363960363218297
858.217644, 7.164085757448653
858.2050864559984, 6.964211151679017
858.1925288891438,6.764336546
858.1799713222891, 6.564461940139736
858.1674137554345,6.364587334
858.1548561885799, 6.164712728600456
858.1422986217252,5.964838123
858.1297410548706, 5.764963517061176
858.1171834880159, 5.565088911291539
858.1046259211613, 5.365214305521896
858.0920683543067, 5.165339699752259
858.0795108, 4.965465093982623
858.0669532205974, 4.765590488212979
860.1347658959943, 9.962539531004523
860.1222083291397,9.762664925
860.1096508, 9.562790319465243
860.0970931954304,9.362915714
860.0845356285757, 9.163041107925963
860.0719780617211, 8.963166502156326
860.0594204948665, 8.763291896386683
860.0468629280118, 8.563417290617046
860.0343053611572, 8.363542684847403
860.0217477943025, 8.163668079077766
860.0091902274479, 7.963793473308122
859.9966326605933, 7.763918867538486
859.9840750937386, 7.564044261768842
859.9715175, 7.364169655999206
859.9589599600293, 7.164295050229562
859.9464023931747, 6.964420444459925
859.9338448263201, 6.764545838690289
859.9212872594654, 6.564671232920645
859.9087296926108, 6.364796627151009
859.8961721257562, 6.164922021381365
859.8836145589015, 5.965047415611728
859.8710569920469, 5.765172809842085
859.8584994251922, 5.565298204072448
859.8459418583376, 5.3654235983028045
859.8333843, 5.165548992533168
859.8208267246283, 4.965674386763531
859.8082691577737, 4.765799780993888
859.7957116, 4.565925175224251
859.7831540240644, 4.3660505694546075
859.7705964572098, 4.166175963684971
859.7580388903551, 3.9663013579153272
859.7454813235005, 3.7664267521456907
859.7329237566458, 3.566552146376047
859.7203661897912, 3.3666775406064104
861.8258515657521, 9.163250400706879
861.8132939988975, 8.963375794937242
861.6123729292233, 5.7653821026230005
861.5998153623686, 5.565507496853364
861.5872578,5.365632891
861.5747002286594, 5.165758285314084
861.5621426618047, 4.965883679544447
861.5495850949501, 4.7660090737748035
861.5370275280955, 4.566134468005167
861.5244699612408, 4.366259862235523
861.5119123943862, 4.166385256465887
861.4993548275315, 3.966510650696243
861.4867972606769, 3.7666360449266065
861.4742396938223, 3.566761439156963
861.4616821269676, 3.3668868333873263
861.4491246, 3.1670122276176826
861.4365669932583, 2.967137621848053
861.4240094264037, 2.7672630160784024
861.4114518595491, 2.567388410308766
861.3988942926944, 2.3675138045391293
861.3863367258398, 2.1676391987694927
861.3737791589851, 1.967764592999842
861.3612215921305, 1.7678899872302054
861.3486640252759, 1.5680153814605688
863.2657858984171, 4.366469155016432
863.2532283315625, 4.1665945492467955
863.2406707647078, 3.966719943477152
863.2281131978532, 3.7668453377075153
863.2155556309986, 3.5669707319378716
863.2029980641439, 3.367096126168235
863.1904404972893, 3.1672215203985914
863.1778829304346, 2.967346914628962
863.1653254, 2.767472308859311
863.1527677967254, 2.5675977030896746
863.1402102298707, 2.367723097320038
863.1276526630161, 2.1678484915504015
863.1150950961614, 1.9679738857807507
863.1025375293068, 1.7680992800111142
863.0899799624522, 1.5682246742414776
863.0774223955976, 1.368350068471841
863.0648648, 1.1684754627021903
863.0523072618884, 0.9686008569325537
863.0397496950337, 0.7687262511629172
863.0271921281791, 0.5688516453932806
863.0146345613244, 0.36897703962364403
863.0020769944698, 0.16910243385399326
862.9895194276152,-0.030772172
864.9066413007564,2.767681602
864.8940837339018, 2.5678069958705834
864.8815261670471, 2.367932390100947
864.8689686001925, 2.1680577843313102
864.8564110333378, 1.9681831785616595
864.8438534664832, 1.768308572792023
864.8312958996287, 1.5684339670223864
864.8187383, 1.3685593612527498
864.8061807659194, 1.168684755483099
864.7936231990648, 0.9688101497134625
864.7810656322101, 0.7689355439438259
864.7685080653555, 0.5690609381741893
864.7559504985009, 0.3691863324045528
864.7433929316462, 0.16931172663490202
864.7308353647916,-0.030562879
866.5098240025318, 0.5692702309550981
866.4972664356771, 0.36939562518546154
866.4847088688225, 0.16952101941581077
866.4721513019679,-0.030353586
868.2260248059988, 0.16973031219671952
868.2134672391442,-0.030144294
869.9673407431752, 0.1699396049776425
869.9547831763206,-0.029935001
871.7086566803515, 0.17014889775855124
871.6960991134969,-0.029725708
873.4499726175278,0.170358191
873.4374150506732,-0.029516415
875.1912885547042, 0.17056748332036875
875.1787309878496,-0.029307122
876.9326044918805, 0.1707767761012775
876.9200469250259,-0.02909783
878.6739204290568, 0.17098606888218626
878.6613628622022,-0.028888537
880.4152363662332,0.171195362
880.4026787993786,-0.028679244
882.1565523034095, 0.17140465444400377
882.1439947365549,-0.028469951
883.8978682405859, 0.17161394722492673
883.8853106737313,-0.028260659
885.6391841777622, 0.1718232400058355
885.6266266109076,-0.028051366
887.3805001149385, 0.17203253278674424
887.3679425480839,-0.027842073
889.1218160521149,0.172241826
889.1092584852603,-0.02763278
890.8631319892912, 0.17245111834856175
890.8505744224366,-0.027423487
892.6044479264675, 0.1726604111294705
892.5918903596129,-0.027214195
894.3457638636439, 0.17286970391037926
894.3332062967893,-0.027004902
896.0870798008202, 0.17307899669130222
896.0745222339656,-0.026795609
897.8283957379966, 0.17328828947221098
897.8158382,-0.026586316
899.5697116751729, 0.17349758225311973
899.5571541083183,-0.026377024
901.3110276123492, 0.17370687503402849
901.2984700454946,-0.026167731
903.0523435495256, 0.17391616781493724
903.039786,-0.025958438
904.7936594867019,0.174125461
904.7811019198473,-0.025749145
906.5349754238782, 0.17433475337675475
906.5224178570236,-0.025539852
908.2762913610546, 0.1745440461576635
908.2637338,-0.02533056
910.0176072982309, 0.17475333893858647
910.0050497313763,-0.025121267
911.7589232354073, 0.17496263171949522
911.7463656685527,-0.024911974
913.5002391725836, 0.17517192450040397
913.4876816,-0.024702681
915.2415551097599, 0.17538121728131273
915.2289975429053,-0.024493388
916.9828710469363, 0.17559051006222148
916.9703134800817,-0.024284096
918.7241869841126, 0.17579980284313024
918.7116294,-0.024074803
920.4655029212889,0.176009096
920.4529453544343,-0.02386551
922.2068188584652, 0.17621838840494775
922.1942612916106,-0.023656217
923.9481347956416, 0.1764276811858707
923.9355772,-0.023446925
925.6894507328179, 0.17663697396677946
925.6768931659633,-0.023237632
927.4307666699942, 0.17684626674768822
927.4182091031396,-0.023028339
929.1720826071705, 0.17705555952859697
929.1595250403159,-0.022819046
930.9133985443468, 0.17726485230950573
930.9008409774922,-0.022609753
932.6547144815231, 0.17747414509041448
932.6421569146685,-0.022400461
934.3960304186996, 0.17768343787132324
934.3834729,-0.022191168
936.1373463558759, 0.1778927306522462
936.1247887890213,-0.021981875
937.8786622930522, 0.17810202343315495
937.8661047261976,-0.021772582
939.6199782302285, 0.1783113162140637
939.6074206633739,-0.02156329
941.3612941674048, 0.17852060899497246
941.3487366005502,-0.021353997
943.1026101045813, 0.17872990177588122
943.0900525377267,-0.021144704
944.8439260417576, 0.17893919455678997
944.8313685,-0.020935411
946.5852419789339, 0.17914848733769873
946.5726844120793,-0.020726118
948.3265579161102, 0.17935778011860748
948.3140003492556,-0.020516826
950.0678738532865, 0.17956707289953044
950.0553162864319,-0.020307533
951.8091898, 0.1797763656804392
951.7966322236084,-0.02009824
953.5505057276393, 0.17998565846134795
953.5379481607847,-0.019888947
955.2918216648156, 0.1801949512422567
955.2792641,-0.019679655
957.0331376019919, 0.18040424402316546
957.0205800351373,-0.019470362
958.7744535391682, 0.18061353680407422
958.7618959723136,-0.019261069
960.5157694763445, 0.18082282958498297
960.5032119094899,-0.019051776
962.2570854, 0.18103212236590593
962.2445278466664,-0.018842483
963.9984013506973, 0.1812414151468147
963.9858437838427,-0.018633191
965.7397172878736, 0.18145070792772344
965.7271597,-0.018423898
967.4810332250499, 0.1816600007086322
967.4684756581953,-0.018214605
969.2223491622262, 0.18186929348954095
969.2097915953716,-0.018005312
970.9636650994028, 0.1820785862704497
970.9511075325481,-0.017796019
972.704981, 0.18228787905135846
972.6924234697244,-0.017586727
974.4462969737554, 0.1824971718322672
974.4337394069007,-0.017377434
976.1876129109316, 0.18270646461319018
976.1750553,-0.017168141
977.9289288, 0.18291575739409893
977.9163712812533,-0.016958848
979.6702447852845, 0.1831250501750077
979.6576872184298,-0.016749556
981.4115607224608, 0.18333434295591644
981.3990031556061,-0.016540263
983.1528766596371, 0.1835436357368252
983.1403190927824,-0.01633097
984.8941925968134, 0.18375292851773395
984.8816350299587,-0.016121677
986.6355085339897, 0.1839622212986427
986.622951,-0.015912384
988.3768245, 0.18417151407955146
988.3642669043113,-0.015703092
990.1181404083425, 0.18438080686047442
990.1055828414878,-0.015493799
991.8594563455188, 0.18459009964138318
991.8468987786641,-0.015284506
993.6007722826951, 0.18479939242229193
993.5882147158404,-0.015075213
995.3420882198714, 0.18500868520320068
995.3295306530167,-0.014865921
997.0834041570477, 0.18521797798410944
997.0708466,-0.014656628
998.8247200942242, 0.1854272707650182
998.8121625273695,-0.014447335
1000.5660360314005, 0.18563656354592695
1000.5534784645458,-0.014238042
1002.3199095354314, 0.3857204620965007
1002.3073519685768, 0.1858458563268499
1002.2947944017221,-0.014028749
1004.2621465422819,3.583923447
1004.2495889754273, 3.3840488414219934
1004.2370314085726, 3.1841742356523497
1004.224473841718, 2.9842996298827202
1004.2119162748634, 2.7844250241130766
1004.1993587080087,2.584550418
1004.1868011411541, 2.3846758125738035
1004.1742435742995, 2.184801206804167
1004.1616860074448, 1.9849266010345161
1004.1491284405902, 1.7850519952648796
1004.1365708737355, 1.585177389495243
1004.1240133068809, 1.3853027837256064
1004.1114557400263, 1.1854281779559557
1004.0988981731716, 0.9855535721863191
1004.086340606317, 0.7856789664166826
1004.0737830394623,0.585804361
1004.0612254726077, 0.38592975487740944
1004.0486679057531, 0.18605514910775867
1004.0361103388984,-0.013819457
1006.0536927468768, 4.383631163051106
1006.0411351800221,4.183756557
1006.0285776131675, 3.983881951511826
1006.0160200463129, 3.7840073457421894
1006.0034624794582, 3.584132739972546
1005.9909049126036, 3.384258134202909
1005.978347345749, 3.1843835284332656
1005.9657897788943, 2.984508922663636
1005.9532322120397, 2.7846343168939853
1005.940674645185, 2.5847597111243488
1005.9281170783304, 2.384885105354712
1005.9155595114757, 2.1850104995850756
1005.9030019446211, 1.9851358938154249
1005.8904443777665, 1.7852612880457883
1005.8778868109118, 1.5853866822761518
1005.8653292440572, 1.3855120765065152
1005.8527716772026, 1.1856374707368644
1005.8402141103479, 0.9857628649672279
1005.8276565434933, 0.7858882591975913
1005.8150989766386, 0.5860136534279548
1005.802541409784, 0.3861390476583182
1005.7899838429294, 0.18626444188866742
1005.7774262760747,-0.013610164
1007.8201238177624, 4.783589667371295
1007.8075662509077, 4.583715061601659
1007.7950086840531, 4.383840455832015
1007.7824511171984, 4.183965850062378
1007.7698935503438, 3.9840912442927348
1007.7573359834892, 3.784216638523098
1007.7447784166345, 3.5843420327534545
1007.7322208497799, 3.384467426983818
1007.7196632829252, 3.1845928212141743
1007.7071057160706, 2.984718215444545
1007.694548149216, 2.784843609674894
1007.6819905823613, 2.5849690039052575
1007.6694330155067, 2.385094398135621
1007.656875448652, 2.1852197923659844
1007.6443178817974, 1.9853451865963336
1007.6317603149428, 1.785470580826697
1007.6192027480881, 1.5855959750570605
1007.6066451812335, 1.385721369287424
1007.5940876143789, 1.1858467635177732
1009.5991124555028, 5.383422777461121
1009.5865548886482, 5.183548171691484
1009.5739973217935, 4.983673565921848
1009.5614397549389, 4.783798960152204
1009.5488821880842, 4.583924354382567
1009.5363246212296, 4.384049748612924
1009.523767054375, 4.184175142843287
1009.5112094875203, 3.9843005370736435
1011.8804037674286, 13.978240118336544
1011.8678462005739,13.77836551
1011.8050583663007, 12.778992483718703
1011.7925007994461, 12.579117877949066
1011.7799432325914, 12.379243272179423
1011.7673856657368, 12.179368666409786
1011.7171553983183, 11.379870243331226
1011.7045978314636, 11.179995637561582
1011.692040264609, 10.980121031791946
1011.6543675640451, 10.380497214483029
1011.6418099971904, 10.180622608713385
1011.6292524303358, 9.980748002943749
1011.6166948634811, 9.780873397174105
1011.5915797297719, 9.381124185634825
1011.5790221629172, 9.181249579865188
1011.5664645960626, 8.981374974095552
1011.553907029208, 8.781500368325908
1011.5413494623533, 8.581625762556271
1011.5287918954987, 8.381751156786628
1011.516234328644, 8.181876551016991
1011.5036767617894, 7.982001945247347
1011.4911191949348, 7.782127339477711
1011.4785616280801, 7.582252733708067
1011.4660040612255, 7.382378127938431
1011.4534464943708, 7.182503522168787
1011.4408889275162,6.982628916
1011.4283313606616, 6.782754310629514
1011.4157737938069,6.582879705
1011.4032162269523, 6.383005099090234
1011.3906586600976,6.183130493
1011.378101093243, 5.983255887550953
1011.3655435263884,5.783381282
1011.3529859595337, 5.583506676011673
1011.3404283926791, 5.3836320702420295
1011.3278708258244, 5.183757464472393
1011.3153132589698, 4.983882858702756
1011.3027556921152, 4.784008252933113
1011.2901981252605, 4.584133647163476
1011.2776405584059, 4.3842590413938325
1011.2650829915513, 4.184384435624196
1013.860313474843, 17.77606692074061
1013.8477559079884, 17.576192314970974
1013.8351983411337, 17.37631770920133
1013.8226407742791, 17.176443103431694
1013.8100832074244, 16.97656849766205
1013.7975256405698, 16.776693891892414
1013.7849680737152, 16.576819286122777
1013.7724105068605, 16.376944680353134
1013.7598529400059, 16.177070074583497
1013.7472953731512, 15.977195468813854
1013.7347378062966, 15.777320863044217
1013.722180239442, 15.577446257274573
1013.7096226725873, 15.377571651504937
1013.6970651057327, 15.177697045735293
1013.684507538878, 14.977822439965657
1013.6719499720234, 14.77794783419602
1013.6593924051688, 14.578073228426376
1013.6468348383141, 14.37819862265674
1013.6342772714595, 14.178324016887096
1013.6217197046049, 13.97844941111746
1013.6091621377502, 13.778574805347816
1013.5966045708956, 13.57870019957818
1013.5840470040409, 13.378825593808536
1013.5714894371863, 13.178950988038899
1013.5589318703317, 12.979076382269255
1013.546374303477, 12.779201776499619
1013.5338167366224, 12.579327170729982
1013.5212591697677, 12.379452564960339
1013.5087016029131, 12.179577959190702
1013.4961440360585, 11.979703353421058
1013.4835864692038, 11.779828747651422
1013.4710289023492, 11.579954141881778
1013.4584713354946, 11.380079536112142
1013.4459137686399, 11.180204930342498
1013.4333562017853, 10.980330324572861
1013.4207986349306, 10.780455718803225
1013.408241068076, 10.580581113033581
1013.3956835012214, 10.380706507263945
1013.3831259343667, 10.180831901494301
1013.3705683675121, 9.980957295724664
1013.3580108006574,9.78108269
1013.3454532338028, 9.581208084185384
1013.3328956669482,9.381333478
1013.3203381000935, 9.181458872646104
1013.3077805332389, 8.981584266876467
1013.2952229663842, 8.781709661106824
1013.2826653995296, 8.581835055337187
1013.270107832675, 8.381960449567543
1013.2575502658203, 8.182085843797907
1013.2449926989657, 7.982211238028263
1013.232435132111, 7.782336632258627
1013.2198775652564, 7.582462026488983
1013.2073199984018, 7.3825874207193465
1013.1947624315471, 7.182712814949703
1013.1822048646925, 6.982838209180066
1013.1696472978379,6.782963603
1013.1570897309832, 6.583088997640786
1013.1445321641286, 6.3832143918711495
1013.1319745972739, 6.183339786101506
1013.1194170304193, 5.983465180331869
1013.1068594635647, 5.783590574562226
1013.094302, 5.583715968792589
1013.0817443298554, 5.383841363022945
1013.0691867630007, 5.183966757253309
1013.0566291961461, 4.984092151483672
1013.0440716292915, 4.784217545714029
1015.9281261502397, 22.973015963532156
1015.915568583385, 22.773141357762512
1015.9030110165304, 22.573266751992875
1015.8904534496758, 22.37339214622324
1015.8778958828211, 22.173517540453595
1015.8653383159665, 21.97364293468396
1015.8527807491118, 21.773768328914315
1015.8402231822572, 21.57389372314468
1015.8276656154026, 21.374019117375035
1015.8151080485479, 21.174144511605398
1015.8025504816933, 20.974269905835754
1015.7899929148386, 20.774395300066118
1015.777435347984, 20.57452069429648
1015.7648777811294, 20.374646088526838
1015.7523202142747,20.17477148
1015.7397626474201, 19.974896876987557
1015.7272050805655, 19.77502227121792
1015.7146475137108, 19.575147665448277
1015.7020899468564, 19.37527305967864
1015.6895323800018, 19.175398453908997
1015.6769748131471, 18.97552384813936
1015.6644172462925, 18.775649242369724
1015.6518596794378, 18.57577463660008
1015.6393021125832, 18.375900030830444
1015.6267445457286,18.17602543
1015.6141869788739, 17.976150819291163
1015.6016294120193, 17.77627621352152
1015.5890718451647, 17.576401607751883
1015.576514, 17.37652700198224
1015.5639567114554, 17.176652396212603
1015.5513991446007, 16.97677779044296
1015.5388415777461, 16.776903184673323
1015.5262840108915, 16.577028578903686
1015.5137264440368, 16.377153973134043
1015.5011688771822, 16.177279367364406
1015.4886113103275, 15.977404761594762
1015.4760537434729, 15.777530155825126
1015.4634961766183, 15.577655550055482
1015.4509386097636, 15.377780944285846
1015.438381042909, 15.177906338516202
1015.4258234760543, 14.978031732746565
1015.4132659091997, 14.778157126976929
1015.4007083423451, 14.578282521207285
1015.3881507754904, 14.378407915437649
1015.3755932086358, 14.178533309668005
1015.3630356417812, 13.978658703898368
1015.3504780749265, 13.778784098128725
1015.3379205080719, 13.578909492359088
1015.3253629412172, 13.379034886589444
1015.3128053743626, 13.179160280819808
1015.300247807508, 12.979285675050164
1015.2876902406533, 12.779411069280528
1015.2751326737987, 12.579536463510891
1015.262575106944, 12.379661857741247
1015.2500175400894, 12.17978725197161
1015.2374599732348, 11.979912646201967
1015.2249024063801, 11.78003804043233
1015.2123448395255, 11.580163434662687
1015.1997872726708, 11.38028882889305
1015.1872297058162, 11.180414223123407
1015.1746721389616, 10.98053961735377
1015.1621145721069, 10.780665011584134
1015.1495570052523, 10.58079040581449
1015.1369994383977, 10.380915800044853
1015.124441871543, 10.18104119427521
1015.1118843046884, 9.981166588505573
1015.0993267378337,9.781291983
1015.0867691709791, 9.581417376966293
1015.0742116041245,9.381542771
1015.0616540372698, 9.181668165427013
1015.0490964704152, 8.981793559657376
1015.0365389035605, 8.781918953887732
1015.0239813367059, 8.582044348118096
1015.0114237698513, 8.382169742348452
1014.9988662029966, 8.182295136578816
1014.986308636142, 7.982420530809172
1014.9737510692873, 7.7825459250395355
1014.9611935024327, 7.582671319269892
1014.9486359355781, 7.382796713500255
1014.9360783687234, 7.182922107730612
1014.9235208018688, 6.983047501960975
1014.9109632350142, 6.7831728961913385
1014.8984056681595, 6.583298290421695
1014.8858481013049, 6.383423684652058
1014.8732905344502, 6.183549078882415
1017.7196723548345, 23.772723679391625
1017.7071147879799, 23.57284907362198
1017.6945572211253, 23.372974467852345
1017.6819996542706,23.17309986
1017.669442087416, 22.973225256313064
1017.6568845205613, 22.77335065054342
1017.6443269537067, 22.573476044773784
1017.631769386852, 22.373601439004148
1017.6192118199974, 22.173726833234504
1017.6066542531428, 21.973852227464867
1017.5940966862881, 21.773977621695224
1017.5815391194335, 21.574103015925587
1017.5689815525789, 21.374228410155943
1017.5564239857242, 21.174353804386307
1017.5438664188696, 20.974479198616663
1017.531308852015, 20.774604592847027
1017.5187512851603, 20.57472998707739
1017.5061937183057, 20.374855381307746
1017.493636151451, 20.17498077553811
1017.4810785845964, 19.975106169768466
1017.4685210177418, 19.77523156399883
1017.4559634508871, 19.575356958229186
1017.4434058840327, 19.37548235245955
1017.4308483171781, 19.175607746689906
1017.4182907503234, 18.97573314092027
1017.4057331834688, 18.775858535150633
1017.3931756166141, 18.57598392938099
1017.3806180497595, 18.376109323611352
1017.3680604829049, 18.17623471784171
1017.3555029160502, 17.976360112072072
1017.3429453491956, 17.77648550630243
1017.330387782341, 17.576610900532792
1017.3178302154863, 17.37673629476315
1017.3052726486317, 17.17686168899351
1017.292715081777, 16.976987083223868
1017.2801575149224, 16.77711247745423
1017.2675999480678, 16.577237871684595
1017.2550423812131, 16.37736326591495
1017.2424848143585, 16.177488660145315
1017.2299272475038, 15.977614054375671
1017.2173696806492, 15.777739448606035
1017.2048121137946, 15.57786484283639
1017.1922545469399, 15.377990237066754
1019.460988292011, 23.772932972172534
1019.4484307251564, 23.57305836640289
1019.4358731583018, 23.373183760633253
1019.4233155914471, 23.17330915486361
1019.4107580245925, 22.973434549093973
1019.3982004577379, 22.77355994332433
1019.3856428908832, 22.573685337554693
1019.3730853240286, 22.373810731785056
1019.3605277571739, 22.173936126015413
1019.3479701903193, 21.974061520245776
1019.3354126234647, 21.774186914476132
1019.322855, 21.574312308706496
1019.3102974897554, 21.374437702936852
1019.2977399229007, 21.174563097167216
1019.2851823560461, 20.974688491397572
1019.2726247891915, 20.774813885627935
1019.2600672223368,20.57493928
1019.2475096554822, 20.375064674088655
1019.2349520886276, 20.17519006831902
1019.2223945217729, 19.975315462549375
1019.2098369549183, 19.77544085677974
1019.1972793880636, 19.575566251010095
1019.1847218212092, 19.375691645240458
1019.1721642543546, 19.175817039470815
1019.159607, 18.975942433701178
1019.1470491206453, 18.77606782793154
1019.1344915537907, 18.576193222161898
1019.121933986936, 18.37631861639226
1019.1093764200814, 18.176444010622617
1019.0968188532268, 17.97656940485298
1019.0842612863721, 17.776694799083337
1019.0717037195175,17.57682019
1019.0591461526628, 17.376945587544057
1021.1897466623327, 23.573267659183806
1021.1771890954781, 23.37339305341417
1021.1646315286234, 23.173518447644526
1021.1520739617688, 22.97364384187489
1021.1395163949142, 22.773769236105245
1021.1269588280595, 22.57389463033561
1021.1144012612049, 22.374020024565972
1021.1018436943502, 22.17414541879633
1021.0892861274956, 21.974270813026692
1021.076728560641, 21.77439620725705
1021.0641709937863, 21.57452160148741
1021.0516134269317, 21.374646995717768
1021.039055860077, 21.17477238994813
1021.0264982932224, 20.974897784178488
1021.0139407263678, 20.77502317840885
1021.0013831595131, 20.575148572639215
1020.9888255926585, 20.37527396686957
1020.9762680258038, 20.175399361099934
1020.9637104589492, 19.97552475533029
1020.9511528920946, 19.775650149560654
1020.9385953252399, 19.57577554379101
1020.9260377583855, 19.375900938021374
1020.9134801915309, 19.17602633225173
1020.9009226246762, 18.976151726482094
1020.8883650578216, 18.776277120712457
1020.875807490967, 18.576402514942814
1020.8632499241123, 18.376527909173177
1020.8506923572577, 18.176653303403533
1020.838134790403, 17.976778697633897
1020.8255772235484, 17.776904091864253
1020.8130196566938, 17.577029486094617
1020.8004620898391, 17.377154880324973
1020.7879045229845, 17.177280274555336
1022.7175839629801, 20.175608653880843
1022.7050263961255,19.97573405
1022.6924688292709, 19.775859442341563
1022.6799112624162, 19.57598483657192
1022.6673536955618, 19.376110230802283
1022.6547961287072, 19.17623562503264
1022.6422385618525, 18.976361019263003
1022.6296809949979, 18.776486413493366
1022.6171234281433, 18.576611807723722
1022.6045658612886, 18.376737201954086
1022.592008294434, 18.176862596184442
1022.5794507275793, 17.976987990414806
1022.5668931607247, 17.777113384645162
1022.5543355938701, 17.577238778875525
1022.5417780270154, 17.37736417310588
1022.5292204601608, 17.177489567336245
1022.5166628933061,16.97761496
1022.5041053264515, 16.777740355796965
1024.4212271995925, 19.576194129352828
1024.408669632738, 19.37631952358319
1024.3961120658835, 19.176444917813548
1024.3835544990288, 18.97657031204391
1024.3709969321742, 18.776695706274275
1024.3584393653196, 18.57682110050463
1024.345881798465, 18.376946494734995
1024.3333242316103, 18.17707188896535
1024.3207666647556, 17.977197283195714
1024.308209097901, 17.77732267742607
1024.2956515310464, 17.577448071656434
1024.2830939641917, 17.37757346588679
1024.270536397337, 17.177698860117154
1024.2579788304824, 16.97782425434751
1024.2454212636278, 16.777949648577874
1024.2328636967732, 16.578075042808237
1026.1625431367688, 19.576403422133737
1026.1499855699144,19.37652882
1026.1374280030598, 19.176654210594457
1026.1248704362051, 18.97677960482482
1026.1123128693505, 18.776904999055184
1026.0997553024959, 18.57703039328554
1026.0871977356412, 18.377155787515903
1026.0746401687866, 18.17728118174626
1026.062082601932, 17.977406575976623
1026.0495250350773, 17.77753197020698
1026.0369674682227, 17.577657364437343
1026.024409901368,17.37778276
1026.0118523345134, 17.177908152898063
1025.9992947676587, 16.97803354712842
1025.986737200804, 16.778158941358782
1025.9741796339495, 16.578284335589146
1025.9616220670948, 16.378409729819502
1025.9490645002402, 16.178535124049866
1025.9365069333855, 15.978660518280222
1025.923949366531, 15.778785912510585
1025.9113917996763, 15.578911306740942
1025.8988342328216, 15.379036700971305
1025.886276665967, 15.179162095201661
1025.8737190991123, 14.979287489432025
1025.8611615322577, 14.779412883662388
1025.848603965403, 14.579538277892745
1025.8360463985484, 14.379663672123108
1025.8234888316938, 14.179789066353464
1025.8109312648392, 13.979914460583828
1025.7983736979845, 13.780039854814184
1025.7858161311299, 13.580165249044548
1025.7732585642752, 13.380290643274904
1025.7607009974206, 13.180416037505267
1025.748143430566, 12.980541431735624
1025.7355858637113, 12.780666825965987
1025.7230282968567, 12.58079222019635
1025.710470730002, 12.380917614426707
1025.6979131631474, 12.18104300865707
1025.6853555962928, 11.981168402887427
1025.6727980294381, 11.78129379711779
1025.6602404625835, 11.581419191348147
1025.6476828957288, 11.38154458557851
1025.6351253288742, 11.181669979808866
1027.9038590739453, 19.576612714914653
1027.891301507091, 19.376738109145016
1027.8787439402363, 19.176863503375372
1027.8661863733817, 18.976988897605736
1027.853628806527,18.77711429
1027.8410712396724, 18.577239686066456
1027.8285136728177, 18.37736508029682
1027.815956105963, 18.177490474527175
1027.8033985391085, 17.97761586875754
1027.7908409722538, 17.777741262987895
1027.7782834053992, 17.57786665721826
1027.7657258385445, 17.377992051448615
1027.753168, 17.17811744567898
1027.7406107048353, 16.978242839909335
1027.7280531379806,16.77836823
1027.715495571126, 16.57849362837006
1027.7029380042713, 16.378619022600418
1027.6903804374167, 16.17874441683078
1027.677822870562, 15.978869811061138
1027.6652653037074, 15.778995205291501
1027.6527077368528, 15.579120599521858
1027.6401501699982, 15.379245993752221
1027.6275926031435, 15.179371387982577
1027.6150350362889, 14.97949678221294
1027.6024774694342, 14.779622176443304
1027.5899199025796, 14.57974757067366
1027.577362335725, 14.379872964904024
1027.5648047688703, 14.17999835913438
1027.5522472020157, 13.980123753364744
1027.539689635161,13.78024915
1027.5271320683064, 13.580374541825464
1027.5145745014518, 13.38049993605582
1027.5020169345971, 13.180625330286183
1027.4894593677425, 12.98075072451654
1027.4769018008878, 12.780876118746903
1027.4643442340332, 12.581001512977267
1027.4517866671786, 12.381126907207623
1027.439229100324, 12.181252301437986
1027.4266715334693, 11.981377695668343
1027.4141139666147, 11.781503089898706
1027.401556, 11.581628484129062
1027.3889988329054, 11.381753878359426
1027.3764412660507, 11.181879272589782
1027.363883699196, 10.982004666820146
1029.808423380232, 22.17519188270088
1029.7958658133773, 21.975317276931243
1029.7833082465227,21.77544267
1029.770750679668, 21.575568065391963
1029.7581931128134, 21.37569345962232
1029.7456355459587, 21.175818853852682
1029.733077979104, 20.97594424808304
1029.7205204122495, 20.776069642313402
1029.7079628453948, 20.576195036543766
1029.6954052785402, 20.376320430774122
1029.6828477116856, 20.176445825004485
1029.670290144831, 19.97657121923484
1029.6577325779763, 19.776696613465205
1029.6451750111216, 19.57682200769556
1029.6326174442672, 19.376947401925925
1029.6200598774126, 19.17707279615628
1029.607502310558, 18.977198190386645
1029.5949447437033, 18.777323584617008
1029.5823871768487, 18.577448978847364
1029.569829609994, 18.377574373077728
1029.5572720431394, 18.177699767308084
1029.5447144762848, 17.977825161538448
1029.5321569094301, 17.777950555768804
1029.5195993425755, 17.578075949999167
1029.5070417757208, 17.378201344229524
1029.4944842088662, 17.178326738459887
1029.4819266420116, 16.978452132690244
1029.469369075157, 16.778577526920607
1029.4568115083023, 16.57870292115097
1029.4442539414476, 16.378828315381327
1029.431696374593, 16.17895370961169
1029.4191388077384, 15.979079103842047
1029.4065812408837, 15.77920449807241
1029.394023674029, 15.579329892302766
1029.3814661071744, 15.37945528653313
1029.3689085403198, 15.179580680763486
1029.3563509734652, 14.97970607499385
1029.3437934066105, 14.779831469224213
1029.331235839756, 14.57995686345457
1029.3186782729013, 14.380082257684933
1029.3061207060466, 14.180207651915289
1029.293563139192, 13.980333046145653
1029.2810055723373, 13.780458440376009
1029.2684480054827, 13.580583834606372
1029.255890438628, 13.380709228836729
1029.2433328717734, 13.180834623067092
1029.2307753049188, 12.980960017297448
1029.2182177380641, 12.781085411527812
1029.2056601712095, 12.581210805758175
1029.1931026043549, 12.381336199988532
1029.1805450375002, 12.181461594218895
1029.1679874706456, 11.981586988449251
1029.155429903791, 11.781712382679615
1029.1428723369363, 11.581837776909971
1029.1303147700817, 11.381963171140335
1029.117757203227, 11.182088565370691
1031.5874120179722, 22.775024992790705
1031.5748544511175, 22.57515038702107
1031.5622968842629, 22.375275781251432
1031.5497393174082, 22.175401175481788
1031.5371817505536, 21.97552656971215
1031.524624183699, 21.775651963942508
1031.5120666168443, 21.57577735817287
1031.4995090499897, 21.375902752403228
1031.486951483135, 21.17602814663359
1031.4743939162804, 20.976153540863947
1031.4618363494258, 20.77627893509431
1031.4492787825711, 20.576404329324674
1031.4367212157165, 20.37652972355503
1031.4241636488618, 20.176655117785394
1031.4116060820072, 19.97678051201575
1031.3990485151526, 19.776905906246114
1031.386490948298, 19.57703130047647
1031.3739333814435, 19.377156694706834
1031.3613758145889, 19.17728208893719
1031.3488182477342, 18.977407483167553
1031.3362606808796, 18.777532877397917
1031.323703114025, 18.577658271628273
1031.3111455471703, 18.377783665858637
1031.2985879803157, 18.177909060088993
1031.286030413461, 17.978034454319356
1031.2734728466064, 17.778159848549713
1031.2609152797518, 17.578285242780076
1031.2483577128971, 17.378410637010433
1031.2358001460425, 17.178536031240796
1031.2232425791879, 16.978661425471152
1031.2106850123332, 16.778786819701516
1031.1981274454786, 16.57891221393188
1033.341285522003, 22.975108891341264
1033.3287279551485, 22.77523428557162
1033.3161703882938, 22.575359679801984
1033.3036128214392, 22.375485074032348
1033.2910552545845, 22.175610468262704
1033.278498, 21.975735862493067
1033.2659401208753, 21.775861256723424
1033.2533825540206, 21.575986650953787
1033.240824987166, 21.376112045184144
1035.0826014591794, 22.975318184122173
1035.0700438923247, 22.77544357835253
1035.057486, 22.575568972582893
1035.0449287586155, 22.375694366813256
1035.0323711917608, 22.175819761043613
1035.0198136249062, 21.975945155273976
1035.0072560580516, 21.776070549504333
1034.994698491197, 21.576195943734696
1036.8239173963557, 22.975527476903082
1036.811359829501, 22.77565287113344
1036.7988022626464,22.57577827
1036.7862446957918, 22.375903659594165
1036.7736871289371, 22.17602905382452
1036.7611295620825, 21.976154448054885
1036.7485719952278, 21.77627984228524
1036.7360144283732, 21.576405236515605
1036.7234568615186, 21.37653063074596
1036.710899294664, 21.176656024976324
1036.6983417278093, 20.97678141920668
1036.6857841609547, 20.776906813437044
1036.673227, 20.577032207667408
1036.6606690272454, 20.377157601897764
1036.6481114603907, 20.177282996128127
1036.635553893536, 19.977408390358484
1038.5526757666776, 22.775862163914347
1038.540118199823, 22.57598755814471
1038.5275606329683, 22.376112952375074
1038.5150030661136, 22.17623834660543
1038.502445499259, 21.976363740835794
1038.4898879324044, 21.77648913506615
1038.4773303655497, 21.576614529296513
1038.464772798695, 21.37673992352687
1038.4522152318405, 21.176865317757233
1038.4396576649858, 20.97699071198759
1038.4271000981312, 20.777116106217953
1038.4145425312765, 20.577241500448316
1038.401984964422, 20.377366894678673
1038.3894273975673, 20.177492288909036
1038.3768698307126, 19.977617683139393
1038.364312263858, 19.777743077369756
1038.3517546970033, 19.577868471600112
1038.339197130149, 19.377993865830476
1038.3266395632943, 19.178119260060832
1038.3140819964397, 18.978244654291196
1038.301524429585, 18.77837004852156
1038.2889668627304, 18.578495442751915
1038.2764092958757, 18.37862083698228
1038.263851729021, 18.178746231212635
1038.2512941621665,17.97887163
1038.2387365953118, 17.778997019673355
1038.2261790284572, 17.57912241390372
1038.2136214616025, 17.379247808134075
1038.201063894748, 17.179373202364438
1038.1885063278933, 16.979498596594794
1038.1759487610386, 16.779623990825158
1038.163391194184, 16.57974938505552
1038.1508336273293, 16.379874779285878
1038.1382760604747, 16.18000017351624
1038.125718, 15.980125567746597
1038.1131609267654, 15.78025096197696
1038.1006033599108, 15.580376356207317
1038.0880457930562, 15.38050175043768
1038.0754882262015, 15.180627144668037
1038.0629306593469,14.98075254
1038.0503730924922, 14.780877933128764
1038.0378155256376, 14.58100332735912
1038.025257958783, 14.381128721589484
1038.0127003919283, 14.18125411581984
1038.0001428250737, 13.981379510050203
1037.987585258219, 13.78150490428056
1037.9750276913644, 13.581630298510923
1037.9624701245098, 13.38175569274128
1037.9499125576551, 13.181881086971643
1040.2312038695807, 21.776698427847066
1040.218646302726, 21.57682382207743
1040.2060887358714, 21.376949216307786
1040.1935311690168, 21.17707461053815
1040.180973602162, 20.977200004768505
1040.1684160353075, 20.77732539899887
1040.1558584684528, 20.577450793229232
1040.1433009015982, 20.37757618745959
1040.1307433347436, 20.177701581689952
1040.118185767889, 19.97782697592031
1040.1056282010343, 19.777952370150672
1040.0930706341796, 19.578077764381028
1040.0805130673252, 19.37820315861139
1040.0679555004706, 19.178328552841748
1040.055397933616, 18.97845394707211
1040.0428403667613, 18.778579341302475
1040.0302827999067, 18.57870473553283
1040.017725233052, 18.378830129763195
1040.0051676661974, 18.17895552399355
1039.9926100993428, 17.979080918223914
1039.9800525324881, 17.77920631245427
1039.9674949656335, 17.579331706684634
1039.9549373987788, 17.37945710091499
1039.9423798319242, 17.179582495145354
1039.9298222650696, 16.97970788937571
1039.917264698215, 16.779833283606074
1039.9047071313603, 16.579958677836437
1039.8921495645056, 16.380084072066794
1039.879591997651, 16.180209466297157
1039.8670344307964, 15.980334860527513
1039.8544768639417, 15.780460254757877
1039.841919297087, 15.580585648988233
1039.8293617302324, 15.380711043218597
1039.8168041633778, 15.180836437448953
1039.8042465965232, 14.980961831679316
1039.7916890296685, 14.78108722590968
1039.779131462814, 14.581212620140036
1039.7665738959593,14.38133801
1039.7540163291046, 14.181463408600756
1039.741459, 13.98158880283112
1039.7289011953953, 13.781714197061476
1039.7163436285407, 13.581839591291839
1039.703786061686, 13.381964985522195
1039.6912284948314, 13.182090379752559
1039.6786709279768, 12.982215773982915
1039.6661133611221, 12.782341168213279
1039.6535557942675, 12.582466562443642
1039.6409982274129, 12.382591956673998
1039.6284406605582, 12.182717350904362
1039.6158830937036, 11.982842745134718
1039.603325526849, 11.782968139365082
1039.5907679599943, 11.583093533595438
1039.5782103931397, 11.383218927825801
1041.7213684696644, 17.77941560523518
1041.7088109028098, 17.579540999465543
1041.6962533359551,17.37966639
1041.6836957691005, 17.179791787926263
1041.6711382022459, 16.97991718215662
1041.6585806353912, 16.780042576386982
1041.6460230685366, 16.580167970617346
1041.633465501682, 16.380293364847702
1041.6209079348273, 16.180418759078066
1041.6083503679727, 15.980544153308422
1041.595792801118, 15.780669547538785
1041.5832352342634, 15.580794941769142
1041.5706776674087, 15.380920335999505
1041.558120100554, 15.181045730229862
1041.5455625336995, 14.981171124460225
1041.5330049668448, 14.781296518690588
1041.5204473999902, 14.581421912920945
1041.5078898331356, 14.381547307151308
1041.495332266281, 14.181672701381665
1041.4827746994263, 13.981798095612028
1041.4702171325716, 13.781923489842384
1041.457659565717, 13.582048884072748
1041.4451019988624, 13.382174278303104
1041.4325444320077, 13.182299672533468
1041.419986865153, 12.982425066763824
1041.4074292982984, 12.782550460994187
1041.3948717314438, 12.58267585522455
1041.3823141645892, 12.382801249454907
1041.3697565977345, 12.18292664368527
1041.3571990308799, 11.983052037915627
1041.3446414640252, 11.78317743214599
1041.3320838971706, 11.583302826376347
1041.319526330316, 11.38342822060671
1041.3069687634613, 11.183553614837066
1041.2944111966067, 10.98367900906743
1041.281853629752, 10.783804403297793
1041.2692960628974, 10.58392979752815
1041.2567384960428, 10.384055191758513
1043.2994360377304, 15.18125502301077
1043.2868784708758, 14.981380417241134
1043.2743209040211, 14.781505811471497
1043.2617633371665, 14.581631205701854
1043.2492057703118, 14.381756599932217
1043.2366482034572, 14.181881994162573
1043.2240906366026, 13.982007388392937
1043.211533069748, 13.782132782623293
1043.1989755028933, 13.582258176853657
1043.1864179360387, 13.382383571084013
1043.173860369184, 13.182508965314376
1043.1613028023294, 12.982634359544733
1043.1487452354747, 12.782759753775096
1043.136188, 12.58288514800546
1043.1236301017655, 12.383010542235816
1043.1110725349108, 12.18313593646618
1043.0985149680562, 11.983261330696536
1043.0859574012015, 11.783386724926899
1043.073399834347, 11.583512119157255
1043.0608422674923, 11.383637513387619
1043.0482847006376, 11.183762907617975
1043.035727133783, 10.983888301848339
1043.0231695669283, 10.784013696078702
1043.0106120000737, 10.584139090309058
1045.5304970822374, 22.976573940807633
1045.5179395153827, 22.77669933503799
1045.505381948528, 22.576824729268353
1045.4928243816735, 22.376950123498716
1045.4802668148188, 22.177075517729072
1045.4677092479642, 21.977200911959436
1045.4551516811096, 21.777326306189792
1045.442594114255, 21.577451700420156
1045.4300365474003, 21.377577094650512
1045.4174789805456, 21.177702488880875
1045.404921413691, 20.97782788311123
1045.3923638468364, 20.777953277341595
1045.3798062799817, 20.57807867157196
1045.367248713127, 20.378204065802315
1045.3546911462724, 20.17832946003268
1045.3421335794178, 19.978454854263035
1045.3295760125632, 19.778580248493398
1045.3170184457085, 19.578705642723754
1045.3044608788541, 19.378831036954118
1045.2919033119995, 19.178956431184474
1045.2793457451448, 18.979081825414838
1045.2667881782902,18.77920722
1045.2542306114356, 18.579332613875557
1045.241673044581, 18.37945800810592
1045.2291154777263, 18.179583402336277
1045.2165579108716, 17.97970879656664
1045.204000344017, 17.779834190796997
1045.1914427771624, 17.57995958502736
1045.1788852103077, 17.380084979257717
1045.166327643453, 17.18021037348808
1045.1537700765984, 16.980335767718437
1045.1412125097438,16.78046116
1045.1286549428892, 16.580586556179163
1045.1160973760345, 16.38071195040952
1045.10354, 16.180837344639883
1045.0909822423253, 15.98096273887024
1045.0784246754706, 15.781088133100603
1045.065867108616, 15.58121352733096
1045.0533095417613, 15.381338921561323
1045.0407519749067, 15.181464315791679
1045.028194408052, 14.981589710022043
1045.0156368411974, 14.781715104252406
1045.0030792743428, 14.581840498482762
1044.9905217074881, 14.381965892713126
1044.9779641406335, 14.182091286943482
1044.9654065737789, 13.982216681173846
1044.9528490069242, 13.782342075404202
1044.9402914400696, 13.582467469634565
1044.927733873215, 13.382592863864922
1044.9151763063603, 13.182718258095285
1044.9026187395057, 12.982843652325641
1044.890061172651, 12.782969046556005
1044.8775036057964, 12.583094440786368
1044.8649460389418, 12.383219835016725
1044.8523884720871, 12.183345229247088
1044.8398309052325, 11.983470623477444
1044.8272733383778, 11.783596017707808
1044.8147157715232, 11.583721411938164
1044.8021582046686, 11.383846806168528
1044.789600637814, 11.183972200398884
1044.7770430709593, 10.984097594629247
1044.7644855041046, 10.78422298885961
1044.751928, 10.584348383089967
1047.3597159873964, 24.375905473976026
1047.3471584205417, 24.17603086820639
1047.334600853687, 23.976156262436746
1047.3220432868325, 23.77628165666711
1047.3094857199778, 23.576407050897465
1047.2969281531232, 23.37653244512783
1047.2843705862686, 23.176657839358185
1047.271813019414, 22.97678323358855
1047.2592554525593, 22.776908627818905
1047.2466978857046, 22.57703402204927
1047.23414, 22.377159416279632
1047.2215827519954, 22.17728481050999
1047.2090251851407, 21.97741020474035
1047.196467618286, 21.777535598970708
1047.1839100514314, 21.57766099320107
1047.1713524845768, 21.377786387431428
1047.1587949177222, 21.17791178166179
1047.1462373508675, 20.978037175892148
1047.1336797840129, 20.77816257012251
1047.1211222171582, 20.578287964352874
1047.1085646503036, 20.37841335858323
1047.096007083449, 20.178538752813594
1047.0834495165943, 19.97866414704395
1047.0708919497397, 19.778789541274314
1047.058334382885, 19.57891493550467
1047.0457768160306, 19.379040329735034
1047.033219249176, 19.17916572396539
1047.0206616823214, 18.979291118195754
1047.0081041154667, 18.779416512426117
1046.995546548612, 18.579541906656473
1046.9829889817574, 18.379667300886837
1046.9704314149028, 18.179792695117193
1046.9578738480482, 17.979918089347557
1046.9453162811935, 17.780043483577913
1046.932758714339, 17.580168877808276
1046.9202011474842, 17.380294272038633
1046.9076435806296, 17.180419666268996
1046.895086013775, 16.980545060499352
1046.8825284469203, 16.780670454729716
1046.8699708800657, 16.58079584896008
1046.857413313211, 16.380921243190436
1046.8448557463564,16.18104664
1046.8322981795018, 15.981172031651155
1046.8197406126471, 15.781297425881519
1046.8071830457925, 15.581422820111875
1046.7946254789379, 15.381548214342239
1046.7820679120832, 15.181673608572595
1046.7695103452286, 14.981799002802958
1046.756952778374, 14.781924397033322
1046.7443952115193, 14.582049791263678
1046.7318376446647, 14.382175185494042
1046.71928, 14.182300579724398
1046.7067225109554, 13.982425973954761
1046.6941649441007, 13.782551368185118
1046.681607377246, 13.582676762415481
1049.364741, 28.573481487919373
1049.3521832616655, 28.37360688214973
1049.3396256948108, 28.173732276380093
1049.3270681279562, 27.97385767061045
1049.3145105611015, 27.773983064840813
1049.301952994247, 27.57410845907117
1049.2893954273923, 27.374233853301533
1049.2768378605376, 27.17435924753189
1049.264280293683, 26.974484641762253
1049.2517227268283, 26.77461003599261
1049.2391651599737, 26.574735430222972
1049.226607593119, 26.374860824453336
1049.2140500262644, 26.174986218683692
1049.2014924594098, 25.975111612914056
1049.1889348925552, 25.775237007144412
1049.1763773257005, 25.575362401374775
1049.1638197588459, 25.37548779560513
1049.1512621919912, 25.175613189835495
1049.1387046251366, 24.97573858406585
1049.126147058282, 24.775863978296215
1049.1135894914273, 24.57598937252658
1049.1010319245727, 24.376114766756935
1049.088474357718, 24.176240160987298
1049.0759167908634, 23.976365555217654
1049.0633592240088, 23.776490949448018
1049.0508016571541, 23.576616343678374
1049.0382440902995, 23.376741737908738
1049.0256865234448, 23.176867132139094
1049.0131289565902, 22.976992526369457
1049.0005713897356, 22.777117920599814
1048.988013822881, 22.577243314830177
1048.9754562560263, 22.37736870906054
1048.9628986891717, 22.177494103290897
1048.950341122317, 21.97761949752126
1048.9377835554624, 21.777744891751617
1048.9252259886077, 21.57787028598198
1048.912668421753, 21.377995680212337
1048.9001108548985,21.17812107
1048.8875532880438, 20.978246468673056
1048.8749957211892, 20.77837186290342
1048.8624381543345, 20.578497257133783
1048.849881, 20.37862265136414
1048.8373230206253, 20.178748045594503
1048.8247654537706, 19.97887343982486
1048.812207886916, 19.778998834055223
1048.6740746515152, 17.580378170589185
1048.6615170846605, 17.38050356481954
1048.648959517806, 17.180628959049905
1048.6364019509513, 16.98075435328026
1048.6238443840966, 16.780879747510625
1048.611286817242, 16.581005141740988
1048.5987292503874, 16.381130535971344
1048.5861716835327, 16.181255930201708
1048.573614116678, 15.981381324432064
1048.5610565498234, 15.781506718662428
1048.5484989829688, 15.581632112892784
1048.5359414161142, 15.381757507123147
1048.5233838492595, 15.181882901353504
1048.5108262824049, 14.982008295583867
1048.4982687155502, 14.78213368981423
1051.1939597336789, 29.97281302108776
1051.1814021668242, 29.772938415318116
1051.1688445999696, 29.57306380954848
1051.156287033115, 29.373189203778836
1051.1437294662603,29.1733146
1051.1311718994057, 28.973439992239555
1051.118614332551, 28.77356538646992
1051.1060567656964, 28.573690780700282
1051.0934991988418, 28.37381617493064
1051.0809416319871, 28.173941569161002
1051.0683840651325, 27.97406696339136
1051.0558264982778, 27.774192357621722
1051.0432689314232, 27.574317751852078
1051.0307113645686, 27.37444314608244
1051.018153797714, 27.174568540312798
1051.0055962308593, 26.97469393454316
1050.9930386640046, 26.774819328773518
1050.980481, 26.57494472300388
1050.9679235302954, 26.375070117234245
1050.9553659634407,26.17519551
1050.942808396586, 25.975320905694964
1050.9302508297314, 25.77544629992532
1050.9176932628768, 25.575571694155684
1050.9051356960222, 25.37569708838604
1050.8925781291675, 25.175822482616404
1050.880020562313, 24.97594787684676
1050.8674629954583, 24.776073271077124
1050.8549054286036, 24.576198665307487
1050.842347861749, 24.376324059537843
1050.8297902948943, 24.176449453768207
1050.8172327280397, 23.976574847998563
1050.804675161185, 23.776700242228927
1053.111082, 32.77126679464362
1053.0985240399655, 32.571392188873986
1053.0859664731108, 32.37151758310434
1053.0734089062562, 32.171642977334706
1053.0608513394016, 31.971768371565062
1053.048293772547, 31.771893765795426
1053.0357362056923, 31.572019160025782
1053.0231786388376, 31.372144554256145
1053.010621071983, 31.172269948486502
1052.9980635051284, 30.972395342716865
1052.9855059382737, 30.77252073694722
1052.972948371419, 30.572646131177585
1052.9603908045644, 30.37277152540795
1052.9478332377098, 30.172896919638305
1052.9352756708552, 29.973022313868668
1052.9227181040005, 29.773147708099025
1052.9101605371459, 29.573273102329388
1052.8976029702912, 29.373398496559744
1052.8850454034366, 29.173523890790108
1052.872487836582, 28.973649285020464
1052.8599302697273, 28.773774679250828
1052.8473727028727, 28.57390007348119
1052.834815136018, 28.374025467711547
1052.8222575691634, 28.17415086194191
1052.8097000023088, 27.974276256172267
1055.1914518490717, 38.168090443204804
1055.178894282217, 37.96821583743517
1055.1663367153624, 37.76834123166553
1055.1537791485077, 37.56846662589589
1055.141221581653, 37.36859202012625
1055.1286640147985, 37.16871741435661
1055.1161064479438, 36.96884280858697
1055.1035488810892, 36.768968202817334
1055.0909913142345, 36.56909359704769
1055.078434, 36.369218991278046
1055.0658761805253, 36.16934438550841
1055.0533186136706, 35.96946977973877
1055.040761046816, 35.76959517396913
1055.0282034799613, 35.569720568199486
1055.0156459131067, 35.36984596242985
1055.003088346252, 35.16997135666021
1054.9905307793974, 34.970096750890576
1054.9779732125428, 34.77022214512093
1054.9654156456882, 34.570347539351296
1054.9528580788335, 34.37047293358166
1054.9403005119789, 34.170598327812016
1054.9277429451242, 33.97072372204238
1054.9151853782696, 33.770849116272736
1054.902627811415,33.57097451
1054.8900702445603, 33.371099904733455
1054.8775126777057, 33.17122529896382
1054.864955110851, 32.971350693194175
1054.8523975439964, 32.77147608742454
1054.8398399771418,32.57160148
1054.8272824102871, 32.37172687588526
1054.8147248434325, 32.17185227011562
1054.8021672765778, 31.971977664345978
1054.7896097097232, 31.77210305857634
1054.7770521428686, 31.572228452806698
1054.764494576014, 31.37235384703706
1054.7519370091593, 31.172479241267418
1054.7393794423047, 30.97260463549778
1054.726822, 30.772730029728137
1054.7142643085954,30.57285542
1054.7017067417407, 30.372980818188864
1054.689149174886, 30.17310621241922
1054.6765916080315, 29.973231606649584
1054.6640340411768, 29.77335700087994
1054.6514764743222, 29.573482395110304
1054.6389189074675, 29.37360778934066
1054.626361340613, 29.173733183571024
1057.0583434547943, 40.16704579368212
1057.0457858879397, 39.96717118791248
1057.033228321085, 39.76729658214283
1057.0206707542304,39.56742198
1057.0081131873758, 39.36754737060356
1056.9955556205211, 39.167672764833924
1056.9829980536665, 38.96779815906428
1056.9704404868119, 38.76792355329464
1056.9578829199572,38.56804895
1056.9453253531026, 38.36817434175536
1056.932767786248, 38.16829973598572
1056.9202102193933, 37.968425130216076
1056.9076526525387, 37.76855052444644
1056.895095085684,37.56867592
1056.8825375188294, 37.368801312907166
1056.8699799519748, 37.16892670713752
1056.8574223851201, 36.96905210136788
1056.8448648182655, 36.76917749559824
1056.8323072514108, 36.569302889828606
1056.8197496845562, 36.36942828405896
1056.8071921177016, 36.16955367828932
1056.794634550847, 35.96967907251968
1056.7820769839923, 35.769804466750045
1056.7695194171376,35.56992986
1056.756961850283, 35.370055255210765
1056.7444042834284, 35.17018064944112
1056.7318467165737, 34.970306043671485
1056.719289149719, 34.77043143790184
1056.7067315828644, 34.570556832132205
1056.6941740160098, 34.37068222636257
1056.6816164491552, 34.170807620592925
1056.6690588823005, 33.97093301482329
1056.656501315446, 33.771058409053644
1056.6439437485913, 33.57118380328401
1056.6313861817366, 33.371309197514364
1056.618828614882, 33.17143459174473
1056.6062710480273, 32.971559985975084
1056.5937134811727, 32.77168538020545
1056.581155914318, 32.57181077443581
1056.5685983474634, 32.37193616866617
1056.5560407806088, 32.17206156289653
1056.5434832137541, 31.972186957126887
1056.5309256468995, 31.77231235135725
1056.5183680800449, 31.572437745587607
1056.5058105131902, 31.37256313981797
1056.4932529463356, 31.172688534048326
1056.480695379481, 30.97281392827869
1056.4681378126263, 30.772939322509046
1056.4555802457717, 30.57306471673941
1056.443022678917, 30.373190110969773
1058.7996593919709, 40.16725508646303
1058.7871018251162, 39.967380480693386
1058.7745442582616, 39.76750587492374
1058.761986691407, 39.567631269154106
1058.7494291245523, 39.36775666338447
1058.7368715576977, 39.16788205761483
1058.724313990843, 38.96800745184519
1058.7117564239884, 38.768132846075545
1058.6991988571338, 38.56825824030591
1058.686641290279, 38.36838363453627
1058.6740837234245, 38.16850902876663
1058.6615261565698, 37.968634422996985
1058.6489685897152, 37.76875981722735
1058.6364110228606, 37.56888521145771
1058.623853456006, 37.369010605688075
1058.6112958891513, 37.16913599991843
1058.5987383222966, 36.96926139414879
1058.586180755442, 36.76938678837915
1058.5736231885874, 36.569512182609515
1058.5610656217327, 36.36963757683987
1058.548508054878, 36.16976297107023
1058.5359504880234, 35.96988836530059
1058.5233929211688, 35.770013759530954
1058.5108353543142, 35.57013915376131
1058.4982777874595, 35.370264547991674
1058.485720220605, 35.17038994222203
1058.4731626537503, 34.970515336452394
1058.4606050868956, 34.77064073068275
1058.448047520041, 34.57076612491311
1058.4354899531863, 34.37089151914348
1058.4229323863317, 34.17101691337383
1058.410374819477,33.97114231
1058.3978172526224, 33.77126770183455
1058.3852596857678, 33.57139309606492
1058.3727021189131, 33.37151849029527
1060.4907450617286, 39.36796595616538
1060.478187494874, 39.16809135039574
1060.4656299280193, 38.968216744626105
1060.4530723611647, 38.76834213885646
1060.440515, 38.56846753308682
1060.4279572274554, 38.36859292731718
1060.4153996606008, 38.168718321547544
1060.4028420937461,37.96884372
1060.3902845268915, 37.76896911000826
1060.3777269600369, 37.56909450423862
1060.3651693931822, 37.369219898468984
1060.3526118263276, 37.16934529269935
1060.340054259473, 36.969470686929704
1060.3274966926183, 36.76959608116006
1060.3149391257637, 36.56972147539042
1060.302381558909, 36.36984686962079
1060.2898239920544, 36.16997226385114
1060.2772664251997,35.97009766
1060.264708858345, 35.77022305231186
1060.2521512914905, 35.570348446542226
1060.2395937246358, 35.37047384077259
1060.2270361577812, 35.170599235002946
1060.2144785909265,34.97072463
1060.201921024072, 34.77085002346366
1060.1893634572173, 34.57097541769402
1060.1768058903626, 34.371100811924386
1060.164248323508, 34.17122620615474
1060.1516907566534, 33.971351600385105
1060.1391331897987, 33.77147699461546
1060.126575622944, 33.571602388845825
1060.1140180560894, 33.37172778307618
1062.0813701966492, 36.96967997971061
1062.0688126297946, 36.76980537394097
1062.056255, 36.56993076817133
1062.0436974960853, 36.370056162401696
1062.0311399292307, 36.17018155663205
1062.018582362376, 35.97030695086241
1062.0060247955214, 35.77043234509277
1061.9934672286668, 35.570557739323135
1061.9809096618121,35.37068313
1061.9683520949575, 35.170808527783855
1061.9557945281028, 34.97093392201421
1061.9432369612482, 34.771059316244575
1061.9306793943936, 34.57118471047494
1061.918121827539,34.3713101
1061.9055642606843, 34.17143549893566
1061.8930066938296, 33.97156089316602
1061.880449126975, 33.77168628739638
1061.8678915601204, 33.57181168162674
1063.8226861338255, 36.96988927249153
1063.810128566971, 36.770014666721885
1063.7975710001162, 36.57014006095224
1063.7850134332616, 36.370265455182604
1063.772455866407, 36.17039084941297
1063.7598982995523, 35.970516243643324
1063.7473407326977, 35.77064163787368
1063.734783165843, 35.570767032104044
1063.7222255989884, 35.37089242633441
1063.7096680321338, 35.17101782056477
1063.6971104652791, 34.97114321479513
1063.6845528984245, 34.77126860902548
1063.6719953315699, 34.57139400325585
1063.6594377647152, 34.37151939748621
1063.6468801978606, 34.17164479171657
1063.634322631006, 33.97177018594693
1063.6217650641513, 33.771895580177286
1063.6092074972967, 33.57202097440765
1063.596649930442, 33.372146368638006
1065.5765596378565, 37.16997317104207
1065.5640020710018, 36.97009856527244
1065.5514445041472,36.77022396
1065.5388869372925, 36.57034935373316
1065.526329370438, 36.37047474796351
1065.5137718035833, 36.17060014219388
1065.5012142367286, 35.97072553642424
1065.488656669874, 35.770850930654596
1065.4760991030194, 35.57097632488495
1065.4635415361647, 35.371101719115316
1065.450984, 35.17122711334568
1065.4384264024554, 34.97135250757604
1065.4258688356008, 34.77147790180639
1065.4133112687462, 34.571603296036756
1065.4007537018915, 34.37172869026712
1065.3881961350369, 34.171854084497475
1065.3756385681822, 33.97197947872784
1065.3630810013276, 33.772104872958195
1065.350523434473, 33.57223026718856
1065.3379658676183, 33.372355661418915
1065.3254083007637, 33.17248105564928
1065.312850733909, 32.972606449879635
1065.3002931670544,32.77273184
1065.2877356001998, 32.57285723834036
1065.2751780333451, 32.37298263257072
1065.2626204664905, 32.17310802680108
1065.2500628996359, 31.973233421031438
1065.2375053327812,31.77335882
1065.2249477659266, 31.573484209492158
1065.212390199072, 31.37360960372252
1065.1998326322173, 31.173734997952877
1065.1872750653627, 30.97386039218324
1065.174717498508, 30.773985786413597
1065.1621599316534, 30.57411118064396
1065.1496023647987, 30.374236574874324
1065.137044797944, 30.17436196910468
1065.1244872310895, 29.974487363335044
1065.1119296642348,29.77461276
1065.0993720973802, 29.574738151795763
1065.0868145305255, 29.37486354602612
1065.074256963671, 29.174988940256483
1065.0616993968163, 28.97511433448684
1065.0491418299616, 28.775239728717203
1065.036584263107, 28.575365122947566
1065.0240266962523, 28.375490517177923
1065.0114691293977, 28.175615911408286
1064.998911562543, 27.975741305638643
1067.2927604413237, 36.77043325228371
1067.280202874469, 36.570558646514066
1067.2676453076144, 36.37068404074442
1067.2550877407598, 36.170809434974785
1067.2425301739052, 35.97093482920515
1067.2299726070505, 35.771060223435505
1067.2174150401959, 35.57118561766586
1067.2048574733412, 35.371311011896225
1067.1922999064866, 35.17143640612659
1067.179742339632, 34.97156180035695
1067.1671847727773, 34.77168719458731
1067.1546272059227, 34.57181258881767
1067.142069639068, 34.371937983048035
1067.1295120722134, 34.17206337727839
1067.1169545053588, 33.972188771508755
1067.1043969385041, 33.77231416573911
1067.0918393716495, 33.572439559969474
1067.0792818047948, 33.37256495419983
1067.0667242379402, 33.172690348430194
1067.0541666710856, 32.97281574266055
1067.041609104231, 32.772941136890914
1067.0290515373763, 32.57306653112128
1067.0164939705217, 32.373191925351634
1067.003936403667,32.17331732
1066.9913788368124, 31.973442713812354
1066.9788212699577, 31.773568108042717
1066.966263703103, 31.573693502273073
1066.9537061362485, 31.373818896503437
1066.9411485693938, 31.173944290733793
1066.9285910025392, 30.974069684964157
1066.9160334356845, 30.774195079194513
1066.903476, 30.574320473424876
1066.8909183019753, 30.37444586765524
1066.8783607351206, 30.174571261885596
1066.865803168266, 29.97469665611596
1066.8532456014113, 29.774822050346316
1066.8406880345567, 29.57494744457668
1066.828130467702, 29.375072838807036
1066.8155729008474,29.17519823
1066.8030153339928, 28.975323627267755
1066.7904577671382, 28.77544902149812
1066.7779002002835, 28.575574415728482
1066.7653426334289, 28.37569980995884
1066.7527850665742, 28.175825204189202
1066.7402274997196, 27.97595059841956
1066.727669932865, 27.776075992649922
1068.8708280093897,34.17227267
1068.858270442535, 33.97239806428966
1068.8457128756804, 33.77252345852002
1068.8331553088258, 33.57264885275038
1068.8205977419711, 33.37277424698074
1068.8080401751165,33.17289964
1068.7954826082619, 32.97302503544146
1068.7829250414072, 32.77315042967182
1068.7703674745526, 32.573275823902186
1068.757809907698, 32.37340121813254
1068.7452523408433, 32.173526612362906
1068.7326947739887, 31.973652006593262
1068.720137207134, 31.773777400823626
1068.7075796402794, 31.573902795053982
1068.6950220734248, 31.374028189284346
1068.682465, 31.174153583514702
1068.6699069397155, 30.974278977745065
1068.6573493728608, 30.77440437197542
1068.6447918060062, 30.574529766205785
1068.6322342391516, 30.37465516043615
1068.619676672297, 30.174780554666505
1068.6071191054423, 29.97490594889687
1068.5945615385876, 29.775031343127225
1068.582003971733, 29.575156737357588
1068.5694464048784, 29.375282131587944
1068.5568888380237, 29.175407525818308
1068.544331271169, 28.975532920048664
1068.5317737043144, 28.775658314279028
1068.5192161374598, 28.57578370850939
1068.5066585706052, 28.375909102739747
1068.4941010037505, 28.17603449697011
1068.481543436896, 27.976159891200467
1070.5995863797114, 33.97260735707057
1070.5870288128567, 33.77273275130093
1070.574471246002, 33.57285814553129
1070.5619136791474, 33.37298353976165
1070.5493561122928, 33.17310893399201
1070.5367985454382, 32.97323432822237
1070.5242409785835, 32.77335972245273
1070.5116834117289, 32.573485116683095
1070.4991258448742, 32.37361051091345
1070.4865682780196, 32.173735905143815
1070.474010711165, 31.97386129937417
1070.4614531443103, 31.773986693604535
1070.4488955774557, 31.57411208783489
1070.436338010601, 31.374237482065254
1070.4237804437464, 31.17436287629561
1070.4112228768918, 30.974488270525974
1070.3986653100371, 30.77461366475633
1070.3861077431825, 30.574739058986694
1070.3735501763279, 30.374864453217057
1070.3609926094732, 30.174989847447414
1072.5920536539804, 37.970308765244276
1072.5794960871258, 37.77043415947463
1072.5669385202712, 37.570559553704996
1072.5543809534165, 37.37068494793536
1072.5418233865619, 37.17081034216572
1072.5292658197072, 36.97093573639608
1072.5167082528526, 36.771061130626435
1072.504150685998,36.57118652
1072.4915931191433, 36.37131191908716
1072.4790355522887, 36.17143731331752
1072.466477985434, 35.971562707547875
1072.4539204185794, 35.77168810177824
1072.4413628517248,35.5718135
1072.4288052848701, 35.371938890238965
1072.4162477180155, 35.17206428446932
1072.4036901511608, 34.97218967869968
1072.3911325843062, 34.772315072930034
1072.3785750174516,34.57244047
1072.366017450597, 34.37256586139076
1072.3534598837423, 34.17269125562112
1072.3409023168877, 33.97281664985148
1072.328344750033, 33.77294204408184
1072.3157871831784,33.57306744
1072.3032296163237, 33.37319283254256
1072.290672049469, 33.17331822677292
1072.2781144826145, 32.97344362100328
1074.4338301259938,39.5695149
1074.4212725591392, 39.36964029841266
1074.4087149922846, 39.169765692643026
1074.396157, 38.96989108687339
1074.3835998585753, 38.770016481103745
1074.3710422917206,38.57014188
1074.358484724866, 38.370267269564465
1074.3459271580114, 38.17039266379483
1074.3333695911567, 37.970518058025185
1074.320812024302, 37.77064345225554
1074.3082544574474, 37.570768846485905
1074.2956968905928, 37.37089424071627
1074.2831393237382, 37.17101963494663
1074.2705817568835, 36.97114502917699
1074.258024190029, 36.771270423407344
1074.2454666231743, 36.57139581763771
1074.2329090563196, 36.37152121186807
1074.220351489465, 36.17164660609843
1074.2077939226103, 35.971772000328784
1074.1952363557557, 35.77189739455915
1074.182678788901, 35.57202278878951
1074.1701212220464, 35.372148183019874
1074.1575636551918, 35.17227357725023
1074.1450060883371, 34.97239897148059
1074.1324485214825, 34.77252436571095
1074.1198909546279, 34.572649759941314
1074.1073333877732, 34.37277515417168
1074.0947758209186, 34.17290054840203
1074.082218254064,33.97302594
1074.0696606872093, 33.77315133686275
1074.0571031203547, 33.57327673109312
1076.2504914642982, 40.768971831581055
1076.2379338974436, 40.56909722581142
1076.225376330589, 40.369222620041775
1076.2128187637343, 40.16934801427213
1076.2002611968796, 39.969473408502495
1076.187703630025, 39.76959880273286
1076.1751460631704, 39.569724196963215
1076.1625884963157, 39.36984959119358
1076.150030929461, 39.169974985423934
1076.1374733626064,38.97010038
1076.1249157957518, 38.77022577388466
1076.1123582288972, 38.57035116811502
1076.0998006620425, 38.370476562345374
1076.087243095188, 38.17060195657574
1076.0746855283332,37.97072735
1076.0621279614786, 37.77085274503646
1076.049570394624, 37.57097813926681
1076.0370128277693, 37.37110353349718
1076.0244552609147, 37.17122892772754
1076.011898, 36.971354321957904
1075.9993401272054, 36.77147971618826
1075.9867825603508, 36.571605110418616
1075.9742249934961, 36.37173050464898
1075.9616674266415, 36.17185589887934
1075.9491098597869,35.97198129
1075.9365522929322, 35.772106687340056
1075.9239947260776, 35.57223208157042
1075.911437159223, 35.37235747580078
1075.8988795923683, 35.172482870031146
1075.8863220255137,34.97260826
1075.873764458659, 34.77273365849186
1078.0043649683291,40.96905573
1077.9918074014745, 40.769181124361964
1077.9792498346198, 40.56930651859233
1077.9666922677652, 40.369431912822684
1077.9541347009106, 40.16955730705304
1077.941577134056,39.9696827
1077.9290195672013, 39.76980809551377
1077.9164620003467, 39.56993348974412
1077.903904433492, 39.37005888397449
1077.8913468666374, 39.17018427820484
1077.8787892997827, 38.97030967243521
1077.866231732928, 38.77043506666557
1077.8536741660735, 38.570560460895926
1077.8411165992188, 38.37068585512628
1077.8285590323642, 38.170811249356646
1077.8160014655095, 37.97093664358701
1077.803443898655, 37.771062037817366
1077.7908863318003, 37.57118743204772
1077.7783287649456, 37.371312826278086
1077.765771198091, 37.17143822050845
1079.7331233386508, 40.76939041714287
1079.7205657717961, 40.569515811373236
1079.7080082049415,40.36964121
1079.6954506380869, 40.169766599833956
1079.6828930712322, 39.96989199406431
1079.6703355043776, 39.770017388294676
1079.657777937523, 39.57014278252504
1079.6452203706683,39.37026818
1079.6326628038137, 39.17039357098576
1079.620105236959, 38.970518965216115
1079.6075476701044, 38.77064435944648
1079.5949901032498, 38.57076975367684
1079.5824325363951,38.37089515
1079.5698749695405, 38.171020542137555
1079.5573174026858, 37.97114593636792
1079.5447598358312, 37.77127133059828
1079.5322022689766, 37.57139672482864
1079.519644702122,37.37152212
1079.5070871352673, 37.17164751328936
1079.4945295684126, 36.97177290751972
1079.481972001558, 36.771898301750085
1079.4694144347034, 36.57202369598044
1079.4568568678487,36.37214909
1079.444299300994, 36.17227448444116
1079.4317417341395, 35.972399878671524
1081.4116514415539, 39.770226681075584
1081.3990938746992, 39.57035207530595
1081.3865363078446, 39.37047746953631
1081.373979, 39.17060286376667
1081.3614211741353, 38.970728257997024
1081.3488636072807, 38.77085365222739
1081.336306040426, 38.57097904645775
1081.3237484735714, 38.37110444068811
1081.3111909067168, 38.17122983491846
1081.2986333398621, 37.97135522914883
1081.2860757730075, 37.77148062337919
1081.2735182061529, 37.57160601760955
1081.2609606392982, 37.37173141183991
1081.2484030724436, 37.17185680607027
1081.235845505589, 36.97198220030063
1081.2232879387343, 36.77210759453099
1081.2107303718797, 36.57223298876135
1081.198172805025, 36.372358382991706
1081.1856152381704, 36.17248377722207
1081.1730576713157, 35.97260917145243
1081.160500104461, 35.77273456568279
1081.1479425376065, 35.572859959913146
1081.1353849707518, 35.37298535414351
1081.1228274038972, 35.17311074837387
1081.1102698370426, 34.973236142604236
1081.097712270188, 34.77336153683459
1081.0851547033333, 34.573486931064956
1081.0725971364786, 34.37361232529532
1083.052506843893, 38.17143912769938
1083.0399492770384, 37.971564521929736
1083.0273917101838,37.77168992
1083.0148341433292, 37.57181531039046
1083.0022765764745, 37.371940704620826
1082.9897190096199, 37.17206609885118
1082.9771614427652, 36.97219149308154
1082.9646038759106,36.77231689
1082.952046309056, 36.572442281542266
1082.9394887422013, 36.37256767577262
1082.9269311753467, 36.17269307000298
1082.914373608492, 35.97281846423334
1082.9018160416374, 35.772943858463705
1082.8892584747828, 35.57306925269406
1082.8767009079281, 35.373194646924425
1082.8641433410735, 35.17332004115478
1082.8515857742188, 34.973445435385145
1082.8390282073642,34.77357083
1082.8264706405096, 34.573696223845864
1082.813913073655, 34.37382161807623
1082.8013555068003, 34.173947012306584
1084.9068408827611, 39.970519872407046
1084.8942833159065,39.77064527
1084.8817257490518, 39.570770660867765
1084.8691681821972, 39.37089605509813
1084.8566106153426, 39.17102144932849
1084.844053048488, 38.97114684355885
1084.8314954816333, 38.771272237789205
1084.8189379147786, 38.57139763201957
1084.806380347924, 38.37152302624993
1084.7938227810694, 38.17164842048029
1084.7812652142147, 37.971773814710645
1084.768708, 37.77189920894101
1084.7561500805054, 37.57202460317137
1084.7435925136508, 37.372149997401735
1084.7310349467962, 37.17227539163209
1084.7184773799415, 36.97240078586245
1084.705919813087, 36.77252618009281
1084.6933622462323, 36.572651574323174
1084.6808046793776, 36.37277696855353
1084.668247112523, 36.17290236278389
1084.6556895456683, 35.97302775701425
1084.6431319788137, 35.773153151244614
1084.630574411959, 35.57327854547497
1084.6180168451044, 35.373403939705334
1084.6054592782498, 35.17352933393569
1084.5929017113951, 34.97365472816605
1086.7988476221933, 42.369224434423636
1086.7862900553387, 42.16934982865399
1086.773732488484, 41.969475222884356
1086.7611749216294, 41.76960061711472
1086.7486173547748, 41.569726011345075
1086.73606, 41.36985140557544
1086.7235022210655, 41.169976799805795
1086.7109446542108, 40.97010219403616
1086.6983870873562, 40.77022758826652
1086.6858295205016, 40.57035298249688
1086.673271953647, 40.370478376727235
1086.6607143867923,40.17060377
1086.6481568199376, 39.97072916518796
1086.635599253083, 39.77085455941832
1086.6230416862284, 39.570979953648674
1086.6104841193737, 39.37110534787904
1086.597926552519,39.17123074
1086.5853689856644, 38.971356136339764
1086.5728114188098, 38.77148153057012
1086.5602538519552, 38.57160692480048
1086.5476962851005, 38.37173231903084
1086.535138718246, 38.171857713261204
1086.5225811513913, 37.97198310749156
1086.5100235845366, 37.77210850172192
1086.497466017682, 37.57223389595228
1086.4849084508273, 37.372359290182644
1086.4723508839727, 37.17248468441301
1086.459793317118, 36.97261007864336
1088.5652786930789, 42.769182938743825
1088.5527211262242, 42.56930833297419
1088.5401635593696, 42.369433727204544
1088.527605992515,42.16955912
1088.5150484256603, 41.969684515665264
1088.5024908588057, 41.76980990989563
1088.489933291951, 41.569935304125984
1088.4773757250964, 41.37006069835635
1088.4648181582418, 41.170186092586704
1088.4522605913871, 40.97031148681707
1088.4397030245325, 40.77043688104743
1088.4271454576779, 40.57056227527779
1088.4145878908232, 40.37068766950814
1088.4020303239686, 40.17081306373851
1088.389472757114, 39.97093845796887
1088.3769151902593, 39.77106385219923
1088.3643576234047, 39.57118924642958
1088.3518, 39.371314640659946
1088.3392424896954, 39.17144003489031
1088.3266849228407, 38.97156542912067
1088.314127355986, 38.77169082335103
1088.3015697891315, 38.571816217581386
1090.3568248976735, 43.568890654603294
1090.3442673308189, 43.36901604883366
1090.3317097639645, 43.16914144306402
1090.3191521971098, 42.96926683729438
1090.3065946302552, 42.76939223152473
1090.2940370634005,42.56951763
1090.281479496546, 42.36964301998546
1090.2689219296913, 42.16976841421582
1090.2563643628366, 41.96989380844617
1090.243806795982, 41.77001920267654
1090.2312492291273,41.5701446
1090.2186916622727, 41.37026999113726
1090.206134095418, 41.17039538536762
1092.2111589365416, 45.36797139931096
1092.198601369687, 45.168096793541324
1092.1860438028323, 44.96822218777169
1092.1734862359776, 44.76834758200204
1092.160928669123,44.56847298
1092.1483711022684, 44.36859837046276
1092.1358135354137, 44.16872376469313
1092.123255968559, 43.96884915892348
1092.1106984017044, 43.76897455315384
1092.0981408348498,43.56909995
1092.0855832679952, 43.369225341614566
1092.0730257011408, 43.16935073584493
1092.060468134286, 42.969476130075286
1092.0479105674315, 42.76960152430564
1092.0353530005768, 42.569726918536006
1092.0227954337222, 42.36985231276637
1092.0102378668676, 42.169977706996725
1091.997680300013, 41.97010310122708
1091.9851227331583, 41.770228495457445
1091.9725651663036, 41.57035388968781
1091.960007599449, 41.37047928391817
1094.2538564782292, 50.16517123056323
1094.1408383765374, 48.366299778636474
1094.1282808096828, 48.16642517286683
1094.1157232428282, 47.96655056709719
1094.1031656759735, 47.76667596132755
1094.0906081091189, 47.566801355557914
1094.0780505422642, 47.36692674978828
1094.0654929754096, 47.16705214401863
1094.052935408555, 46.96717753824899
1094.0403778417003, 46.76730293247935
1094.0278202748457, 46.56742832670972
1094.015262707991, 46.36755372094007
1094.0027051411364, 46.16767911517043
1093.9901475742818, 45.96780450940079
1093.9775900074271, 45.767929903631156
1093.9650324405725, 45.56805529786151
1093.9524748737178, 45.368180692091876
1093.9399173068632, 45.16830608632223
1093.9273597400086, 44.968431480552596
1093.914802173154, 44.76855687478296
1093.9022446062993, 44.568682269013316
1093.8896870394447, 44.36880766324367
1093.877129, 44.168933057474035
1093.8645719057354,43.96905845
1093.8520143388807, 43.769183845934755
1093.839456772026, 43.56930924016511
1093.8268992051715, 43.369434634395475
1093.814341638317, 43.16956002862584
1093.8017840714624,42.96968542
1093.7892265046078, 42.76981081708656
1093.7766689377531, 42.569936211316914
1093.7641113708985, 42.37006160554728
1093.7515538040439, 42.17018699977764
1093.7389962371892,41.97031239
1093.7264386703346, 41.770437788238354
1093.713881, 41.57056318246872
1096.1333056508067, 52.36400118681018
1096.120748083952, 52.164126581040534
1096.1081905170975,51.96425198
1096.0956329502428, 51.76437736950126
1096.0830753833882, 51.56450276373162
1096.0705178165335, 51.364628157961974
1096.057960249679, 51.16475355219234
1096.0454026828243,50.96487895
1096.0328451159696, 50.76500434065306
1096.020287549115, 50.56512973488341
1096.0077299822603, 50.36525512911378
1095.9951724154057, 50.16538052334414
1095.982614848551,49.96550592
1095.9700572816964, 49.76563131180485
1095.9574997148418, 49.565756706035216
1095.9449421479871, 49.36588210026558
1095.9323845811325, 49.16600749449594
1095.9198270142779,48.96613289
1095.9072694474232, 48.766258282956656
1095.8947118805686, 48.56638367718702
1095.882154313714, 48.36650907141738
1095.8695967468593, 48.16663446564774
1095.8570391800047, 47.966759859878096
1095.844482, 47.76688525410846
1095.8319240462954, 47.56701064833882
1095.8193664794408, 47.367136042569186
1095.8068089125861, 47.16726143679954
1095.7942513457315,46.96738683
1095.7816937788768, 46.76751222526026
1095.7691362120222, 46.567637619490625
1095.7565786451676, 46.36776301372098
1095.744021078313, 46.16788840795134
1095.7314635114583,45.9680138
1095.7189059446036, 45.768139196412065
1095.706348377749, 45.56826459064242
1095.6937908108944, 45.368389984872785
1095.6812332440397, 45.16851537910314
1095.668675677185, 44.968640773333505
1095.6561181103305, 44.76876616756387
1098.150888058785, 56.76145180652316
1098.1383304919304, 56.56157720075352
1098.1257729250758, 56.36170259498388
1098.1132153582212, 56.161827989214245
1098.1006577913665,55.96195338
1098.088100224512, 55.76207877767496
1098.0755426576573, 55.56220417190532
1098.0629850908026, 55.362329566135685
1098.050427523948, 55.16245496036604
1098.0378699570933, 54.962580354596405
1098.0253123902387, 54.76270574882676
1098.012754823384, 54.562831143057124
1098.0001972565294, 54.36295653728749
1097.9876396896748, 54.163081931517844
1097.9750821228201,53.96320733
1097.9625245559655, 53.763332719978564
1097.9499669891109, 53.56345811420893
1097.9374094222562, 53.363583508439284
1097.9248518554016, 53.16370890266965
1097.912294288547,52.9638343
1097.8997367216923, 52.76395969113037
1097.8871791548377, 52.56408508536073
1097.874621587983, 52.36421047959109
1097.8620640211284, 52.16433587382144
1097.8495064542738, 51.96446126805181
1097.836948887419, 51.76458666228217
1097.8243913205645, 51.564712056512526
1097.8118337537098, 51.36483745074289
1097.7992761868552, 51.164962844973246
1097.7867186200006, 50.96508823920361
1097.774161053146, 50.76521363343397
1097.7616034862913, 50.56533902766433
1097.7490459194366, 50.365464421894686
1097.736488352582, 50.16558981612505
1097.7239307857274, 49.96571521035541
1097.7113732188727, 49.76584060458577
1097.698815652018, 49.565965998816125
1097.6862580851634, 49.36609139304649
1097.6737005183088, 49.16621678727685
1097.6611429514542, 48.966342181507216
1097.6485853845995, 48.76646757573757
1097.636027817745, 48.56659296996793
1097.6234702508903, 48.36671836419829
1097.6109126840356, 48.166843758428655
1097.598355117181, 47.96696915265901
1097.5857975503263, 47.76709454688937
1097.5732399834717, 47.56721994111973
1097.560682416617, 47.367345335350095
1097.5481248497624, 47.16747072958046
1097.5355672829078, 46.967596123810814
1097.5230097160531, 46.76772151804117
1097.5104521491985, 46.567846912271534
1097.4978945823439,46.36797231
1097.4853370154892, 46.168097700732254
1097.4727794486346, 45.96822309496261
1099.9298766965253, 57.36128491661299
1099.9173191296707, 57.16141031084335
1099.904761562816, 56.961535705073715
1099.8922039959614, 56.76166109930407
1099.8796464291067, 56.561786493534434
1099.867088862252, 56.36191188776479
1099.8545312953975, 56.162037281995154
1099.8419737285428, 55.96216267622551
1099.8294161616882, 55.762288070455874
1099.8168585948335, 55.56241346468623
1099.804301027979, 55.362538858916594
1099.7917434611243, 55.16266425314696
1099.7791858942696, 54.96278964737731
1099.766628327415, 54.76291504160767
1099.7540707605604, 54.56304043583803
1099.7415131937057,54.36316583
1099.728955626851, 54.16329122429875
1099.7163980599964, 53.963416618529116
1099.7038404931418, 53.76354201275947
1099.6912829262872, 53.563667406989836
1099.6787253594325,53.3637928
1099.6661677925779, 53.163918195450556
1099.6536102257232, 52.96404358968091
1099.6410526588686, 52.764168983911276
1099.628495092014, 52.56429437814164
1099.6159375251593, 52.364419772371996
1099.6033799583047, 52.16454516660236
1099.590822, 51.964670560832715
1099.5782648245954, 51.76479595506308
1099.5657072577408, 51.56492134929344
1099.5531496908861,51.36504674
1099.5405921240315, 51.165172137754155
1099.5280345571769, 50.96529753198452
1099.5154769903222, 50.76542292621488
1099.5029194234676, 50.56554832044524
1099.490361856613, 50.365673714675594
1099.4778042897583, 50.16579910890596
1099.4652467229037, 49.96592450313632
1099.452689156049, 49.76604989736668
1099.4401315891944, 49.566175291597034
1099.4275740223397,49.36630069
1099.415016455485, 49.16642608005776
1099.4024588886305, 48.966551474288124
1099.3899013217758, 48.76667686851848
1099.3773437549212, 48.56680226274884
1101.6837502005562, 57.56136881516354
1101.6711926337016,57.36149421
1101.658635066847, 57.16161960362426
1101.6460774999923, 56.96174499785462
1101.6335199331377, 56.76187039208498
1101.620962366283, 56.56199578631534
1101.6084047994284,56.36212118
1101.5958472325738, 56.16224657477606
1101.5832896657191, 55.962371969006426
1101.5707320988645, 55.76249736323678
1101.5581745320098, 55.562622757467146
1101.5456169651552,55.36274815
1101.5330593983006, 55.162873545927866
1101.520501831446, 54.96299894015822
1101.5079442645913, 54.763124334388586
1101.4953866977366, 54.56324972861894
1101.482829130882, 54.363375122849305
1101.4702715640274, 54.16350051707967
1101.4577139971727, 53.963625911310025
1101.445156430318, 53.76375130554039
1101.4325988634635, 53.563876699770745
1101.4200412966088, 53.36400209400111
1101.4074837297542, 53.164127488231465
1101.3949261628995, 52.96425288246183
1101.382368596045, 52.764378276692184
1101.3698110291903, 52.56450367092255
1101.3572534623356, 52.36462906515291
1101.344695895481, 52.16475445938327
1101.3321383286263, 51.964879853613624
1101.3195807617717, 51.76500524784399
1101.307023194917, 51.56513064207435
1101.2944656280624, 51.36525603630471
1101.2819080612078, 51.16538143053507
1101.2693504943531, 50.96550682476543
1101.2567929274985, 50.76563221899579
1101.2442353606439, 50.565757613226154
1101.2316777937892, 50.36588300745651
1101.2191202269346, 50.16600840168687
1101.206563, 49.96613379591723
1101.1940050932253, 49.76625919014759
1101.1814475263707, 49.56638458437795
1101.168889959516, 49.366509978608306
1101.1563323926614, 49.16663537283867
1101.1437748258068, 48.96676076706903
1101.1312172589521,48.76688616
1101.1186596920975, 48.56701155552975
1101.1061021252428, 48.36713694976011
1101.0935445583882, 48.16726234399047
1101.0809869915336, 47.967387738220836
1101.068429424679, 47.76751313245119
1101.0558718578243, 47.56763852668155
1101.0433142909696, 47.36776392091191
1103.412508570878, 57.36170350217481
1103.3999510040233, 57.16182889640517
1103.3873934371686, 56.96195429063553
1103.374835870314, 56.762079684865896
1103.3622783034593, 56.56220507909625
1103.3497207366047, 56.362330473326615
1103.337163, 56.16245586755697
1103.3246056028954, 55.962581261787335
1103.3120480360408, 55.76270665601769
1103.2994904691861, 55.562832050248055
1103.2869329023315, 55.36295744447841
1103.2743753354769, 55.163082838708775
1103.2618177686222, 54.96320823293914
1103.2492602017676, 54.763333627169494
1103.236702634913, 54.56345902139986
1103.2241450680583, 54.363584415630214
1103.2115875012037, 54.16370980986058
1103.199029934349, 53.963835204090934
1103.1864723674944,53.7639606
1103.1739148006397, 53.564085992551654
1103.161357233785, 53.36421138678202
1103.1487996669305, 53.16433678101238
1103.1362421000758, 52.96446217524274
1103.1236845332212,52.76458757
1103.1111269663666, 52.56471296370346
1103.098569399512, 52.36483835793382
1103.0860118326573, 52.16496375216418
1103.0734542658026, 51.96508914639454
1103.060896698948, 51.765214540624896
1103.0483391320934, 51.56533993485526
1103.0357815652387, 51.36546532908562
1103.023223998384, 51.16559072331598
1103.0106664315294, 50.96571611754634
1102.9981088646748,50.76584151
1102.9855512978202, 50.56596690600706
1102.9729937309655, 50.366092300237426
1102.960436164111, 50.16621769446778
1102.9478785972562, 49.96634308869814
1102.9353210304016,49.76646848
1102.922763463547, 49.566593877158866
1102.9102058966923, 49.36671927138922
1102.8976483298377, 49.166844665619585
1102.885090762983, 48.96697005984994
1102.8725331961284, 48.767095454080305
1102.8599756292738, 48.56722084831067
1102.8474180624191, 48.367346242541025
1102.8348604955645, 48.16747163677138
1102.8223029287099, 47.967597031001745
1102.8097453618552, 47.76772242523211
1102.7971877950006, 47.567847819462465
1102.784630228146, 47.36797321369283
1102.7720726612913, 47.168098607923184
1102.7595150944367, 46.96822400215355
1102.746957527582, 46.76834939638391
1102.7343999607274, 46.56847479061427
1102.7218423938727, 46.368600184844624
1102.709284827018, 46.16872557907499
1102.6967272601635, 45.96885097330535
1102.6841696933088, 45.76897636753571
1102.6716121264542, 45.56910176176606
1102.6590545595996, 45.36922715599643
1102.646496992745, 45.16935255022679
1104.739424801851, 50.76605080455761
1104.7268672349965, 50.56617619878797
1104.7143096681418, 50.366301593018335
1104.7017521012872, 50.16642698724869
1104.6891945344325, 49.96655238147905
1104.676636967578, 49.76667777570941
1104.6640794007233, 49.566803169939774
1104.6515218338686, 49.36692856417013
1104.638964267014, 49.167053958400494
1104.6264067001594, 48.96717935263085
1104.6138491333047, 48.767304746861214
1104.601292, 48.56743014109158
1104.5887339995954, 48.367555535321934
1104.5761764327408, 48.16768092955229
1104.5636188658862, 47.96780632378265
1104.5510612990315, 47.76793171801302
1104.5385037321769, 47.56805711224337
1104.5259461653222, 47.36818250647374
1104.5133885984676, 47.16830790070409
1104.500831031613, 46.96843329493446
1104.4882734647583, 46.76855868916482
1104.4757158979037, 46.568684083395176
1104.463158331049, 46.36880947762553
1104.4506007641944, 46.168934871855896
1104.4380431973398, 45.96906026608626
1104.4254856304851, 45.769185660316616
1104.4129280636305, 45.56931105454697
1104.4003704967758, 45.369436448777336
1104.3878129299212,45.16956184
1104.3752553630666, 44.96968723723806
1104.362697796212, 44.76981263146842
1106.4430680384637, 50.16663628002961
1106.430510471609, 49.96676167425996
1106.4179529047544, 49.76688706849032
1106.4053953378998, 49.56701246272068
1106.3928377710452, 49.36713785695105
1106.3802802041905, 49.16726325118141
1106.3677226373359, 48.967388645411766
1106.3551650704812, 48.76751403964212
1106.3426075036266, 48.567639433872486
1106.330049936772, 48.36776482810285
1106.3174923699173, 48.167890222333206
1106.3049348030627, 47.96801561656356
1106.292377236208, 47.768141010793926
1106.2798196693534, 47.56826640502429
1106.2672621024988, 47.36839179925465
1106.2547045356441, 47.16851719348501
1106.2421469687895, 46.968642587715365
1106.2295894019348, 46.76876798194573
1106.2170318350802, 46.56889337617609
1106.2044742682256, 46.36901877040645
1106.191916701371, 46.169144164636805
1106.1793591345163, 45.96926955886717
1106.1668015676617, 45.76939495309753
1106.154244000807, 45.56952034732789
1106.1416864339524, 45.36964574155825
1106.1291288670977, 45.16977113578861
1106.116571300243, 44.96989653001897
1106.1040137333885, 44.770021924249335
1108.2471718099132, 51.16621860165871
1108.2346142430586, 50.966343995889076
1108.222056676204, 50.76646939011943
1108.2094991093493, 50.56659478434979
1108.1969415424946, 50.36672017858015
1108.184384, 50.166845572810516
1108.1718264087854, 49.96697096704087
1108.1592688419307, 49.76709636127123
1108.146711275076, 49.56722175550159
1108.1341537082214, 49.367347149731955
1108.1215961413668, 49.16747254396232
1108.1090385745122, 48.967597938192675
1108.0964810076575, 48.76772333242303
1108.083923440803, 48.567848726653395
1108.0713658739483, 48.36797412088376
1108.0588083070936, 48.168099515114115
1108.046250740239, 47.96822490934447
1108.0336931733843, 47.768350303574834
1108.0211356065297,47.5684757
1108.008578039675, 47.36860109203556
1107.9960204728204, 47.16872648626592
1107.9834629059658, 46.968851880496274
1107.9709053391111, 46.76897727472664
1107.9583477722565,46.56910267
1107.9457902054019, 46.36922806318736
1107.9332326385472, 46.169353457417714
1107.9206750716926, 45.96947885164808
1107.908117504838, 45.76960424587844
1107.8955599379833,45.56972964
1107.8830023711287, 45.36985503433916
1107.870444804274, 45.16998042856952
1107.8578872374194, 44.97010582279988
1107.8453296705648, 44.77023121703024
1109.9884877470895, 51.16642789443962
1109.9759301802349, 50.966553288669985
1109.9633726133802, 50.76667868290035
1109.9508150465256, 50.566804077130705
1109.938257479671, 50.36692947136106
1109.9256999128163, 50.167054865591425
1109.9131423459617, 49.96718025982179
1109.900584779107, 49.767305654052144
1109.8880272122524,49.56743105
1109.8754696453977, 49.367556442512864
1109.862912078543, 49.16768183674323
1109.8503545116885, 48.96780723097359
1109.8377969448338, 48.76793262520395
1109.8252393779792, 48.568058019434304
1109.8126818111245, 48.36818341366467
1109.800124, 48.16830880789503
1109.7875666774153, 47.96843420212539
1109.7750091105606, 47.76855959635574
1109.762451543706, 47.56868499058611
1109.7498939768514, 47.36881038481647
1109.7373364099967, 47.16893577904683
1109.724778843142, 46.96906117327719
1109.7122212762874, 46.769186567507546
1109.6996637094328, 46.56931196173791
1109.6871061425782, 46.36943735596827
1109.6745485757235, 46.16956275019863
1109.6619910088689, 45.969688144428986
1109.6494334420142, 45.76981353865935
1109.6368758751596, 45.56993893288971
1111.7172461174112, 50.966762581450894
1111.7046885505565, 50.76688797568126
1111.6921309837019, 50.56701336991161
1111.6795734168472, 50.36713876414197
1111.6670158499926, 50.16726415837233
1111.616785582574, 49.36776573529377
1111.6042280157194, 49.167891129524136
1111.5916704488648,48.96801652
1111.5791128820101, 48.768141917984856
1111.5665553151555, 48.56826731221521
1111.5539977483008, 48.368392706445576
1111.5414401814462, 48.16851810067594
1111.5288826145916, 47.968643494906296
1111.516325047737, 47.76876888913665
1111.5037674808823, 47.568894283367015
1111.4912099140276, 47.36901967759738
1111.478652347173, 47.16914507182774
1111.4660947803184,46.96927047
1111.4535372134637, 46.769395860288455
1111.440979646609, 46.56952125451882
1111.4284220797545, 46.36964664874918
1111.4158645128998, 46.16977204297954
1111.4033069460452, 45.969897437209895
1111.3907493791905, 45.77002283144026
1111.378191812336, 45.57014822567062
1111.3656342454813, 45.370273619900985
1111.3530766786266, 45.17039901413134
1113.3581015197503, 49.36797502807468
1113.3455439528957, 49.168100422305045
1113.332986386041, 48.96822581653541
1113.3204288191864, 48.76835121076577
1113.3078712523318, 48.56847660499613
1113.2953136854771, 48.368601999226485
1113.2827561186225, 48.16872739345685
1113.2701985517679, 47.96885278768721
1113.2576409849132, 47.76897818191757
1113.2450834180586, 47.569103576147924
1113.232525851204, 47.36922897037829
1113.2199682843493, 47.16935436460865
1113.2074107174947, 46.969479758839014
1113.194853, 46.76960515306937
1113.1822955837854, 46.56973054729973
1113.1697380169308, 46.36985594153009
1113.157180450076, 46.169981335760454
1113.1446228832215, 45.97010672999081
1113.1320653163668, 45.77023212422117
1113.1195077495122, 45.57035751845153
1113.1069501826576, 45.370482912681894
1113.094392615803, 45.17060830691226
1115.1370901574908, 49.967808138164514
1115.1245325906361, 49.76793353239488
1115.1119750237815, 49.568058926625234
1115.0994174569269, 49.36818432085559
1115.0868598900722, 49.168309715085954
1115.0743023232176, 48.96843510931632
1115.061744756363, 48.76856050354668
1115.0491871895083, 48.56868589777704
1115.0366296226537, 48.36881129200739
1115.024072055799, 48.16893668623776
1115.0115144889444, 47.96906208046812
1114.9989569220897, 47.76918747469848
1114.986399355235, 47.56931286892883
1114.9738417883805, 47.369438263159196
1114.9612842215258, 47.16956365738956
1114.9487266546712, 46.96968905161992
1114.9361690878166, 46.76981444585028
1114.923611520962, 46.569939840080636
1114.9110539541073,46.37006523
1114.8984963872526, 46.17019062854136
1114.885938820398, 45.97031602277172
1114.8733812535434, 45.770441417002075
1116.916078795231, 50.56764124825435
1116.9035212283763, 50.36776664248471
1116.8909636615217, 50.16789203671507
1116.878406094667, 49.96801743094542
1116.8658485278124, 49.76814282517579
1116.8532909609578, 49.56826821940615
1116.8407333941032, 49.368393613636506
1116.8281758272485, 49.16851900786687
1116.8156182603939, 48.968644402097226
1116.8030606935392, 48.76876979632759
1116.7905031266846, 48.56889519055795
1116.777946, 48.36902058478831
1116.7653879929753, 48.169145979018666
1116.7528304261207, 47.96927137324903
1116.740272859266, 47.76939676747939
1116.7277152924114, 47.56952216170975
1118.6825098661166, 50.967599752574536
1118.669952299262, 50.76772514680489
1118.6573947324073, 50.567850541035256
1118.6448371655526, 50.36797593526562
1118.632279598698, 50.168101329495975
1118.6197220318434, 49.96822672372633
1118.6071644649887, 49.768352117956695
1118.594606898134, 49.56847751218706
1120.4991712044207, 52.167056679973285
1120.486613637566, 51.96718207420365
1120.4740560707114, 51.767307468434005
1120.4614985038568, 51.56743286266437
1120.4489409370021, 51.367558256894725
1120.4363833701475, 51.16768365112509
1120.4238258032929, 50.96780904535545
1120.4112682364382, 50.76793443958581
1120.3987106695836, 50.568059833816164
1120.386153102729, 50.36818522804653
1122.4037355107073, 54.76563584775951
1122.3911779438527, 54.565761241989875
1122.378620376998, 54.36588663622023
1122.3660628101434, 54.166012030450595
1122.3535052432887, 53.96613742468095
1122.340947676434, 53.766262818911315
1122.3283901095795, 53.56638821314168
1122.3158325427248, 53.366513607372035
1122.3032749758702, 53.16663900160239
1122.2907174090155, 52.966764395832755
1122.278159842161, 52.76688979006312
1122.2656022753063, 52.567015184293474
1122.2530447084516, 52.36714057852384
1122.240487141597, 52.167265972754194
1122.2279295747423, 51.96739136698456
1122.2153720078877, 51.76751676121492
1122.202814441033, 51.56764215544528
1122.1902568741784, 51.367767549675634
1122.1776993073238,51.16789294
1122.1651417404692, 50.96801833813636
1122.1525841736145, 50.76814373236672
1122.1400266067599, 50.56826912659707
1122.1274690399052, 50.36839452082744
1124.2957422501395,57.16434041
1124.2831846832848, 56.96446580400646
1124.2706271164302, 56.76459119823682
1124.2580695495756, 56.56471659246718
1124.245511982721, 56.36484198669754
1124.2329544158663, 56.164967380927905
1124.2203968490116, 55.96509277515826
1124.207839282157, 55.76521816938862
1124.1952817153024, 55.56534356361898
1124.1827241484477, 55.365468957849345
1124.170166581593,55.16559435
1124.1576090147385, 54.965719746310064
1124.1450514478838, 54.76584514054042
1124.1324938810292, 54.565970534770784
1124.1199363141745, 54.36609592900115
1124.107379, 54.166221323231504
1124.0948211804653, 53.96634671746186
1124.0822636136106, 53.766472111692224
1124.069706046756, 53.56659750592259
1124.0571484799013, 53.36672290015294
1124.0445909130467, 53.16684829438331
1124.032033346192, 52.96697368861366
1124.0194757793374, 52.76709908284403
1124.0069182124828, 52.56722447707439
1123.9943606456281, 52.36734987130475
1123.9818030787735,52.16747527
1123.9692455119189, 51.967600659765466
1123.9566879450642, 51.76772605399583
1123.9441303782096, 51.567851448226186
1123.931572811355, 51.36797684245655
1123.9190152445003, 51.168102236686906
1126.1124035884436, 58.36379733717485
1126.099846021589, 58.16392273140521
1126.0872884547343, 57.96404812563557
1126.0747308878797, 57.76417351986593
1126.062173321025, 57.56429891409629
1126.0496157541704, 57.36442430832665
1126.0370581873158, 57.16454970255701
1126.0245006204611, 56.964675096787374
1126.0119430536065, 56.76480049101773
1125.9993854867519, 56.564925885248094
1125.9868279198972, 56.36505127947845
1125.9742703530426, 56.165176673708814
1125.961712786188, 55.96530206793917
1125.9491552193333, 55.765427462169534
1125.9365976524787, 55.56555285639989
1125.924040085624, 55.36567825063025
1125.9114825187694, 55.16580364486062
1125.8989249519148, 54.96592903909097
1125.886367, 54.76605443332133
1125.8738098182055, 54.56617982755169
1125.8612522513508, 54.366305221782056
1125.8486946844962, 54.16643061601241
1127.8662770924745, 58.563881235725404
1127.85372, 58.36400662995576
1127.8411619587653, 58.16413202418612
1127.8286043919106, 57.96425741841648
1127.816046825056, 57.76438281264684
1127.8034892582014,57.56450821
1127.7909316913467, 57.36463360110756
1127.778374124492, 57.16475899533792
1127.7658165576374, 56.96488438956828
1127.7532589907828, 56.76500978379864
1127.7407014239282,56.56513518
1127.7281438570735, 56.36526057225936
1127.7155862902189, 56.16538596648972
1127.7030287233642, 55.965511360720086
1127.6904711565096, 55.76563675495044
1127.677913589655, 55.565762149180806
1127.6653560228003, 55.36588754341116
1127.6527984559457, 55.166012937641526
1127.640240889091, 54.96613833187188
1127.6276833222364, 54.766263726102245
1127.6151257553818,54.56638912
1127.6025681885271, 54.366514514562965
1129.5950354627962, 58.36421592273667
1129.5824778959416, 58.16434131696703
1129.569920329087, 57.96446671119739
1129.5573627622323, 57.76459210542775
1129.5448051953776, 57.564717499658116
1129.532247628523, 57.36484289388847
1129.5196900616684, 57.16496828811883
1129.5071324948137, 56.96509368234919
1129.494574927959, 56.765219076579555
1129.4820173611045, 56.56534447080991
1129.4694597942498, 56.365469865040275
1129.4569022273952, 56.16559525927063
1129.4443446605405, 55.965720653500995
1129.431787093686, 55.76584604773135
1129.4192295268313, 55.565971441961715
1129.4066719599766, 55.36609683619207
1129.394114393122, 55.166222230422434
1129.3815568262673,54.96634762
1129.3689992594127, 54.766473018883154
1129.356441692558, 54.56659841311352
1129.3438841257034, 54.366723807343874
1129.3313265588488, 54.16684920157424
1129.3187689919941, 53.966974595804594
1129.3062114251395, 53.76709999003496
1131.2610059988447, 57.165177580899744
1131.248448,56.96530298
1131.2358908651354, 56.765428369360464
1131.2233332982807, 56.56555376359083
1131.210775731426, 56.365679157821184
1131.1982181645715, 56.16580455205154
1131.1856605977168,55.96592995
1131.1731030308622, 55.76605534051227
1131.1605454640076, 55.56618073474262
1131.147987897153, 55.36630612897299
1131.1354303302983, 55.16643152320334
1131.1228727634436, 54.96655691743371
1131.110315196589, 54.76668231166406
1131.0977576297344, 54.566807705894426
1131.0852000628797, 54.36693310012478
1131.072642496025, 54.167058494355146
1131.0600849291704, 53.96718388858551
1131.0475273623158, 53.767309282815866
1131.0349697954612, 53.56743467704623
1132.9772068023117, 56.76563766214137
1132.964649235457, 56.565763056371736
1132.9520916686024, 56.36588845060209
1132.9395341017478, 56.166013844832456
1132.9269765348931, 55.96613923906281
1132.9144189680385, 55.766264633293176
1132.9018614011839, 55.56639002752354
1132.8893038343292, 55.366515421753896
1132.8767462674746, 55.16664081598425
1132.864189, 54.966766210214615
1132.8516311337653, 54.76689160444498
1132.8390735669107, 54.567016998675335
1132.826516000056,54.36714239
1132.8139584332014, 54.167267787136055
1132.8014008663467, 53.96739318136642
1132.788843299492, 53.76751857559678
1132.7762857326375, 53.56764396982714
1132.7637281657828, 53.367769364057494
1132.7511705989282, 53.16789475828786
1132.7386130320735, 52.96802015251822
1132.726055465219, 52.76814554674858
1132.7134978983643, 52.56827094097894
1132.7009403315096,52.36839634
1132.688382764655, 52.16852172943966
1132.6758251978003, 51.96864712367002
1134.5803895040872, 54.56722629145625
1134.5678319372325, 54.36735168568661
1134.555274370378, 54.167477079916964
1134.5427168035233, 53.96760247414733
1134.5301592366686, 53.76772786837769
1134.517601669814, 53.56785326260805
1134.5050441029593, 53.36797865683841
1134.4924865361047, 53.16810405106877
1134.479929, 52.96822944529913
1134.4673714023954, 52.76835483952949
1134.4548138355408, 52.56848023375985
1134.4422562686862, 52.368605627990206
1134.4296987018315, 52.16873102222057
1134.4171411349769, 51.96885641645093
1134.4045835681222, 51.76898181068129
1134.3920260012676, 51.56910720491165
1134.379468434413, 51.36923259914201
1134.3669108675583, 51.16935799337237
1134.3543533007037, 50.969483387602736
1134.341795733849, 50.76960878183309
1134.3292381669944, 50.56973417606345
1134.3166806001398, 50.36985957029381
1134.3041230332851, 50.169984964524176
1134.2915654664305, 49.97011035875453
1134.2790078995758, 49.77023575298489
1134.2664503327212, 49.57036114721525
1134.2538927658666, 49.370486541445615
1134.241335199012, 49.17061193567598
1134.2287776321573, 48.970737329906335
1134.2162200653027, 48.77086272413669
1136.2840327406996, 53.967811766928236
1136.271475173845,53.76793716
1136.2589176069903, 53.56806255538896
1136.2463600401356, 53.36818794961932
1136.233802473281, 53.168313343849675
1136.2212449064264, 52.96843873808004
1136.2086873395717,52.76856413
1136.196129772717, 52.56868952654076
1136.1835722058624, 52.36881492077112
1136.1710146390078, 52.16894031500148
1136.1584570721532, 51.96906570923184
1136.1458995052985, 51.769191103462205
1136.133341938444, 51.56931649769256
1136.1207843715893, 51.36944189192292
1136.1082268047346, 51.16956728615328
1136.095669, 50.969692680383645
1136.0831116710253, 50.76981807461401
1136.0705541041707, 50.569943468844365
1136.057996537316, 50.37006886307472
1136.0454389704614, 50.170194257305084
1136.0328814036068, 49.97031965153545
1136.0203238367521, 49.770445045765804
1136.0077662698975, 49.57057043999616
1135.9952087030429, 49.370695834226524
1135.9826511361882, 49.17082122845689
1135.9700935693336, 48.97094662268725
1135.957536002479, 48.77107201691761
1135.9449784356243, 48.57119741114796
1135.9324208687697, 48.37132280537833
1135.919863301915, 48.17144819960869
1135.9073057350604, 47.97157359383905
1135.8947481682058,47.77169899
1135.882190601351, 47.571824382299766
1135.8696330344965, 47.37194977653013
1135.8570754676418, 47.17207517076049
1137.811870041347, 50.57015276162527
1137.7993124744924, 50.37027815585563
1137.7867549076377, 50.17040355008599
1137.774197340783, 49.97052894431636
1137.7616397739284, 49.77065433854671
1137.7490822070738, 49.57077973277707
1137.7365246402192, 49.37090512700743
1137.7239670733645, 49.171030521237796
1137.7114095065099, 48.97115591546816
1137.6988519396552, 48.771281309698516
1137.6862943728006, 48.57140670392887
1137.673736805946, 48.371532098159236
1137.6611792390913,48.17165749
1137.6486216722367, 47.971782886619955
1137.636064105382, 47.77190828085031
1137.6235065385274, 47.572033675080675
1137.6109489716728, 47.37215906931104
1137.5983914048181,47.17228446
1137.5858338379635, 46.97240985777176
1137.5732762711089, 46.772535252002115
1137.5607187042542, 46.57266064623248
1137.5481611373996, 46.37278604046284
1137.535603570545,46.17291143
1137.5230460036903, 45.973036828923554
1137.5104884368357, 45.77316222315392
1137.497930869981, 45.57328761738428
1137.4853733031264, 45.373413011614645
1137.4728157362717,45.17353841
1137.460258169417, 44.97366380007536
1137.4477006025625, 44.77378919430572
1139.4024951762676, 48.17186678517051
1139.389937609413, 47.97199217940087
1139.3773800425583, 47.77211757363123
1139.3648224757037, 47.572242967861584
1139.352264908849, 47.37236836209195
1139.3397073419944, 47.17249375632231
1139.3271497751398, 46.972619150552674
1139.3145922082851, 46.77274454478303
1139.3020346414305, 46.57286993901339
1139.2894770745759, 46.37299533324375
1139.2769195077212, 46.173120727474114
1139.2643619408666, 45.97324612170447
1139.251804374012, 45.77337151593483
1139.2392468071573, 45.57349691016519
1139.2266892403027, 45.37362230439555
1139.214131673448, 45.17374769862592
1139.2015741065934, 44.97387309285627
1139.1890165397388, 44.77399848708663
1139.1764589728841, 44.57412388131699
1139.1639014060295, 44.374249275547356
1139.1513438391748, 44.17437466977771
1139.1387862723202, 43.97450006400807
1139.1262287054656, 43.77462545823843
1141.1186959797346, 47.772326866412136
1141.106138, 47.57245226064249
1141.0935808460254, 47.372577654872856
1141.0810232791707, 47.17270304910322
1141.068465712316, 46.97282844333358
1141.0559081454614, 46.77295383756394
1141.0433505786068, 46.573079231794296
1141.0307930117522, 46.37320462602466
1141.0182354448975, 46.17333002025502
1141.005677878043, 45.97345541448538
1140.9931203111882, 45.773580808715735
1140.9805627443336,45.5737062
1140.968005177479, 45.37383159717646
1140.9554476106243, 45.173956991406826
1140.9428900437697, 44.97408238563718
1140.930332476915, 44.77420777986754
1140.9177749100604,44.57433317
1140.9052173432058, 44.374458568328265
1140.8926597763511, 44.17458396255862
1140.8801022094965, 43.97470935678898
1140.8675446426419, 43.77483475101934
1142.8474543500565, 47.57266155342341
1142.8348967832019, 47.37278694765377
1142.8223392163472, 47.17291234188413
1142.8097816494926, 46.97303773611449
1142.797224082638, 46.773163130344855
1142.7846665157833, 46.57328852457521
1142.7721089489287, 46.37341391880557
1142.759551382074, 46.17353931303593
1142.7469938152194, 45.973664707266295
1142.7344362483648, 45.77379010149665
1142.7218786815101, 45.57391549572701
1142.7093211146555, 45.37404088995737
1142.6967635478009, 45.174166284187734
1142.6842059809462,44.97429168
1142.6716484140916, 44.774417072648454
1142.659090847237, 44.57454246687881
1142.6465332803823, 44.374667861109174
1142.6339757135277, 44.17479325533954
1144.6641156883607, 48.77211848082216
1144.651558121506, 48.57224387505252
1144.6390005546514, 48.37236926928288
1144.6264429877967, 48.172494663513234
1144.613885420942,47.97262006
1144.6013278540875, 47.77274545197396
1144.5887702872328, 47.57287084620432
1144.5762127203782, 47.37299624043468
1144.5636551535235, 47.17312163466504
1144.551097586669,46.97324703
1144.5385400198143, 46.773372423125764
1144.5259824529596, 46.57349781735612
1144.513424886105, 46.37362321158648
1144.5008673192503, 46.17374860581684
1144.4883097523957,45.973874
1146.4933345935194, 50.17145001399055
1146.4807770266648, 49.97157540822091
1146.4682194598101, 49.771700802451264
1146.4556618929555, 49.57182619668163
1146.4431043261009, 49.37195159091199
1146.4305467592462, 49.172076985142354
1146.4179891923916, 48.97220237937271
1146.405431625537, 48.77232777360307
1146.3928740586823, 48.57245316783343
1146.3803164918277, 48.372578562063794
1146.367758924973, 48.17270395629415
1146.3552013581184, 47.972829350524506
1146.3426437912638, 47.77295474475487
1146.3300862244091, 47.57308013898523
1146.3175286575545,47.37320553
1146.3049710906998, 47.17333092744595
1146.2924135238452, 46.97345632167631
1146.2798559569906, 46.77358171590667
1148.3225534986782, 51.57078154715894
1148.3099959318236, 51.37090694138929
1148.297438364969, 51.17103233561966
1148.2848807981143, 50.97115772985002
1148.2723232312596, 50.77128312408038
1148.259765664405, 50.57140851831073
1148.2472080975504, 50.371533912541096
1148.2346505306957, 50.17165930677146
1148.222092963841, 49.971784701001816
1148.2095353969864, 49.77191009523217
1148.1969778301318, 49.572035489462536
1148.1844202632772,49.37216088
1148.1718626964225, 49.17228627792326
1148.1593051295679, 48.97241167215362
1148.1467475627132, 48.772537066383975
1148.1341899958586, 48.57266246061434
1148.121632429004,48.37278785
1150.1392148369823, 52.77023847455769
1150.1266572701277, 52.57036386878804
1150.114099703273, 52.370489263018406
1150.1015421364184, 52.17061465724876
1150.0889845695638, 51.970740051479126
1150.0764270027091, 51.77086544570949
1150.0638694358545, 51.570990839939846
1150.0513118689998,51.37111623
1150.0387543021452, 51.171241628400566
1150.0261967352906, 50.97136702263093
1150.013639168436, 50.77149241686129
1150.0010816015813, 50.57161781109165
1149.9885240347267, 50.371743205322005
1149.975966467872, 50.17186859955237
1149.9634089010174, 49.97199399378273
1149.9508513341627, 49.77211938801309
1149.938293767308, 49.572244782243445
1152.0186640095599, 54.96906843080463
1152.0061064427052, 54.76919382503499
1151.9935488758506, 54.56931921926535
1151.980991308996, 54.369444613495716
1151.9684337421413, 54.16957000772607
1151.9558761752867, 53.969695401956436
1151.943318608432, 53.76982079618679
1151.9307610415774, 53.569946190417156
1151.9182034747228, 53.37007158464752
1151.9056459078681, 53.170196978877875
1151.8930883410135, 52.97032237310823
1151.8805307741588, 52.770447767338595
1151.8679732073042, 52.57057316156896
1151.8554156404496, 52.370698555799315
1151.842858073595, 52.17082395002968
1151.8303005067403, 51.970949344260035
1151.8177429398856,51.77107474
1151.805185373031, 51.57120013272076
1151.7926278061764, 51.37132552695112
1151.7800702393217, 51.171450921181474
1151.767512672467, 50.97157631541184
1151.7549551056125,50.77170171
1151.7423975387578, 50.57182710387256
1151.7298399719032, 50.371952498102914
1153.7850950804454, 55.36902693512482
1153.7725375135908, 55.169152329355185
1153.7599799467362, 54.96927772358554
1153.7474223798815, 54.769403117815905
1153.734864813027, 54.56952851204626
1153.7223072461722, 54.369653906276625
1153.7097496793176, 54.16977930050699
1153.697192112463, 53.969904694737345
1153.6846345456083, 53.77003008896771
1153.6720769787537, 53.570155483198064
1153.659519411899, 53.37028087742843
1153.6469618450444, 53.170406271658784
1153.6344042781898, 52.97053166588915
1153.6218467113351, 52.770657060119504
1153.6092891444805, 52.57078245434987
1153.5967315776259, 52.37090784858023
1153.5841740107712, 52.17103324281059
1153.5716164439166, 51.97115863704094
1155.5264110176217, 55.36923622790573
1155.513853450767, 55.169361622136094
1155.5012958839125, 54.96948701636646
1155.4887383170578, 54.769612410596814
1155.4761807502032, 54.56973780482718
1155.4636231833485, 54.369863199057534
1155.451065616494,54.16998859
1155.4385080496393, 53.97011398751825
1155.4259504827846, 53.77023938174862
1155.413393, 53.57036477597897
1155.4008353490754, 53.37049017020934
1157.267726954798, 55.36944552068665
1157.2551693879434,55.16957091
1157.2426118210888, 54.969696309147366
1157.2300542542341, 54.76982170337772
1157.2174966873795, 54.569947097608086
1157.2049391205248, 54.37007249183844
1157.1923815536702, 54.170197886068806
1157.1798239868156, 53.97032328029917
1157.167266419961, 53.770448674529526
1157.1547088531063, 53.57057406875989
1157.1421512862516, 53.370699462990245
1157.129593719397, 53.17082485722061
1157.1170361525424, 52.970950251450965
1157.1044785856877, 52.77107564568133
1157.091921018833, 52.571201039911685
1157.0793634519785, 52.37132643414205
1157.0668058851238, 52.17145182837241
1159.0969458599568, 56.76877705385503
1159.0843882931022, 56.568902448085396
1159.0718307262475, 56.36902784231575
1159.059273159393, 56.169153236546116
1159.0467155925382, 55.96927863077647
1159.0341580256836, 55.769404025006835
1159.021600458829,55.56952942
1159.0090428919743, 55.369654813467555
1158.9964853251197, 55.16978020769791
1158.983927758265, 54.969905601928275
1158.9713701914104, 54.77003099615864
1158.9588126245558, 54.570156390388995
1158.9462550577011, 54.37028178461936
1158.9336974908465, 54.170407178849715
1158.9211399239919, 53.97053257308008
1158.9085823571372, 53.77065796731044
1158.8960247902826,53.57078336
1158.883467223428, 53.370908755771154
1158.8709096565733, 53.17103415000152
1158.8583520897187, 52.97115954423188
1158.845794522864, 52.77128493846224
1158.8332369560094,52.57141033
1158.8206793891547, 52.37153572692296
1158.808122, 52.17166112115332
1158.7955642554455, 51.97178651538368
1160.8508193639877, 56.968860952405585
1160.838261797133, 56.76898634663594
1160.8257042302785, 56.569111740866305
1160.8131466634238, 56.36923713509667
1160.8005890965692, 56.169362529327024
1160.7880315297145, 55.96948792355738
1160.775474, 55.769613317787744
1160.7629163960053, 55.56973871201811
1160.7503588291506, 55.369864106248464
1160.737801262296, 55.16998950047883
1160.7252436954413, 54.970114894709184
1160.7126861285867, 54.77024028893955
1160.700128561732, 54.57036568316991
1160.6875709948774, 54.37049107740027
1160.6750134280228, 54.17061647163062
1160.6624558611682, 53.97074186586099
1160.6498982943135, 53.77086726009135
1160.6373407274589, 53.57099265432171
1160.6247831606042, 53.37111804855207
1160.6122255937496, 53.171243442782426
1160.599668026895, 52.97136883701279
1160.5871104600403, 52.77149423124315
1160.5745528931857, 52.57161962547351
1160.561995326331, 52.371745019703866
1160.5494377594764, 52.17187041393423
1160.5368801926218, 51.97199580816459
1160.5243226257671, 51.77212120239495
1162.5795777343096, 56.76919563941685
1162.567020167455, 56.56932103364721
1162.5544626006003, 56.36944642787758
1162.5419050337457, 56.16957182210793
1162.529347466891,55.96969722
1162.5167899000364, 55.76982261056865
1162.5042323331818, 55.569948004799016
1162.4916747663272, 55.37007339902938
1162.4791171994725, 55.170198793259736
1162.4665596326179, 54.97032418749009
1162.4540020657632, 54.770449581720456
1162.4414444989086, 54.57057497595082
1162.428886932054, 54.370700370181176
1162.4163293651993, 54.17082576441154
1162.4037717983447, 53.970951158641896
1162.391214, 53.77107655287226
1162.3786566646354, 53.57120194710262
1162.3660990977808, 53.37132734133298
1162.3535415309261, 53.171452735563335
1162.3409839640715,52.97157813
1162.3284263972168, 52.77170352402406
1162.3158688303622, 52.57182891825442
1162.3033112635076, 52.37195431248478
1162.290753696653, 52.17207970671514
1162.2781961297983,51.9722051
1162.2656385629436, 51.772330495175865
1162.253080996089, 51.57245588940622
1162.2405234292344, 51.37258128363658
1162.2279658623797, 51.17270667786694
1162.215408295525, 50.972832072097304
1162.2028507286705, 50.77295746632766
1162.1902931618158, 50.57308286055802
1162.1777355949612, 50.37320825478838
1164.2581058372127, 55.77003190334956
1164.245548270358, 55.570157297579925
1164.2329907035034, 55.37028269181029
1164.2204331366488, 55.170408086040645
1164.2078755697942, 54.97053348027101
1164.1953180029395, 54.770658874501365
1164.182760436085, 54.57078426873173
1164.1702028692303, 54.37090966296209
1164.1576453023756, 54.17103505719245
1164.145087735521, 53.971160451422804
1164.1325301686663, 53.77128584565317
1164.1199726018117, 53.57141123988353
1164.107415034957, 53.37153663411389
1164.0948574681024, 53.17166202834425
1164.0822999012478, 52.97178742257461
1164.0697423343931, 52.77191281680497
1164.0571847675385, 52.572038211035334
1164.0446272006839, 52.37216360526569
1164.0320696338292, 52.17228899949605
1164.0195120669746, 51.97241439372641
1164.006955, 51.772539787956774
1163.9943969332653, 51.57266518218713
1163.9818393664107, 51.37279057641749
1163.969281799556, 51.17291597064785
1163.9567242327014, 50.97304136487821
1163.9441666658468, 50.77316675910858
1163.931609098992, 50.57329215333893
1163.9190515321375, 50.37341754756929
1163.9064939652828, 50.17354294179965
1163.8939363984282, 49.973668336030016
1163.8813788315736, 49.77379373026037
1163.868821264719, 49.57391912449073
1163.8562636978643, 49.37404451872109
1163.8437061310096, 49.174169912951456
1163.831148564155, 48.97429530718182
1165.898961239552, 54.17124434997336
1165.8864036726973, 53.97136974420372
1165.8738461058426, 53.77149513843408
1165.861288538988, 53.57162053266444
1165.8487309721334,53.37174593
1165.8361734052787, 53.17187132112516
1165.823615838424, 52.971996715355516
1165.8110582715694, 52.77212210958588
1165.7985007047148, 52.57224750381624
1165.7859431378602,52.3723729
1165.7733855710055, 52.17249829227696
1165.7608280041509, 51.97262368650732
1165.7482704372962, 51.77274908073768
1165.7357128704416, 51.572874474968046
1165.723155303587,51.37299987
1165.7105977367323, 51.17312526342876
1165.6980401698777, 50.97325065765912
1165.685482603023, 50.773376051889485
1165.6729250361684, 50.57350144611984
1165.6603674693138,50.37362684
1165.6478099024591, 50.17375223458056
1165.6352523356045, 49.973877628810925
1165.6226947687499, 49.77400302304128
1165.6101372018952, 49.57412841727164
1165.5975796350406,49.37425381
1165.585022068186, 49.174379205732365
1165.5724645013313, 48.97450459996273
1165.5599069344767, 48.774629994193084
1165.547349367622, 48.57475538842344
1165.5347918007674, 48.374880782653804
1165.5222342339127, 48.17500617688417
1165.509676667058, 47.975131571114524
1165.4971191002035, 47.77525696534488
1165.4845615333488, 47.575382359575244
1165.4720039664942, 47.37550775380561
1165.4594463996395, 47.17563314803597
1165.446888832785, 46.97575854226633
1165.4343312659303, 46.77588393649668
1165.4217736990756, 46.57600933072705
1165.409216132221, 46.37613472495741
1165.3966585653664, 46.176260119187766
1165.3841009985117, 45.97638551341812
1165.371543431657, 45.776510907648486
1165.3589858648024, 45.57663630187885
1165.3464282979478, 45.37676169610921
1165.3338707310932, 45.17688709033957
1165.3213131642385, 44.977012484569926
1165.3087555973839, 44.77713787880029
1165.2961980305292, 44.57726327303065
1165.2836404636746, 44.37738866726101
1165.271083, 44.177514061491365
1165.2585253299653, 43.97763945572173
1165.2459677631107, 43.77776484995209
1165.233410196256, 43.57789024418245
1165.2208526294014, 43.37801563841281
1165.208295062547, 43.17814103264317
1165.1957374956924, 42.97826642687353
1165.1831799288377, 42.778391821103895
1165.170622361983, 42.57851721533425
1165.1580647951284, 42.37864260956461
1165.1455072282738, 42.17876800379497
1165.1329496614192, 41.978893398025335
1165.1203920945645, 41.77901879225569
1165.1078345277099, 41.57914418648605
1165.0952769608552, 41.37926958071641
1165.0827193940006, 41.179394974946774
1165.070161827146, 40.97952036917714
1165.0576042602913, 40.779645763407494
1165.0450466934367, 40.57977115763785
1165.032489126582, 40.379896551868214
1165.0199315597274, 40.18002194609858
1165.0073739928728, 39.980147340328934
1164.9948164260181, 39.78027273455929
1164.9822588591635, 39.58039812878965
1164.9697012923089, 39.38052352302002
1164.9571437254542, 39.18064891725038
1164.9445861585996, 38.98077431148074
1164.932028591745, 38.78089970571109
1167.5147015081818, 52.17270758505787
1167.5021439413272, 51.97283297928823
1167.4895863744725, 51.77295837351859
1167.477028807618, 51.573083767748955
1167.4644712407633, 51.37320916197931
1167.4519136739086, 51.173334556209674
1167.439356107054, 50.97345995044003
1167.4267985401993, 50.773585344670394
1167.4142409733447, 50.57371073890076
1167.401683, 50.373836133131114
1167.3891258396354, 50.17396152736147
1167.3765682727808, 49.974086921591834
1167.3640107059261,49.77421232
1167.3514531390715, 49.57433771005255
1167.3388955722169, 49.37446310428291
1167.3263380053622, 49.17458849851327
1167.3137804385076, 48.97471389274364
1167.301222871653,48.77483929
1167.2886653047983, 48.57496468120436
1167.2761077379437, 48.37509007543471
1167.263550171089, 48.175215469665076
1167.2509926042344, 47.97534086389544
1167.2384350373798, 47.775466258125796
1167.2258774705251, 47.57559165235615
1167.2133199036705, 47.375717046586516
1167.2007623368158, 47.17584244081688
1167.1882047699612, 46.97596783504724
1167.1756472031066,46.77609323
1167.163089636252, 46.576218623507955
1167.1505320693973, 46.37634401773832
1167.1379745025426, 46.17646941196868
1167.125416935688, 45.97659480619904
1167.1128593688334, 45.776720200429395
1167.1003018019787, 45.57684559465976
1167.087744235124, 45.37697098889012
1167.0751866682695, 45.177096383120485
1167.0626291014148, 44.97722177735084
1167.0500715345602,44.77734717
1167.0375139677055, 44.57747256581156
1167.024956400851, 44.377597960041925
1167.0123988339963, 44.17772335427228
1166.9998412671416, 43.97784874850264
1166.987283700287,43.77797414
1166.9747261334323, 43.578099536963364
1166.9621685665777, 43.37822493119373
1166.9496109997233, 43.178350325424084
1166.9370534328687, 42.97847571965444
1166.924495866014, 42.778601113884804
1166.9119382991594, 42.57872650811517
1166.8993807323047, 42.378851902345524
1166.886823, 42.17897729657588
1166.8742655985955, 41.97910269080624
1166.8617080317408, 41.77922808503661
1166.8491504648862, 41.57935347926696
1166.8365928980315, 41.37947887349733
1166.824035331177, 41.17960426772768
1166.8114777643223, 40.97972966195805
1166.7989201974676, 40.77985505618841
1166.786362630613, 40.579980450418766
1166.7738050637583, 40.38010584464912
1166.7612474969037, 40.180231238879486
1166.748689930049, 39.98035663310985
1166.7361323631944, 39.780482027340206
1166.7235747963398, 39.58060742157056
1166.7110172294852, 39.380732815800926
1166.6984596626305, 39.18085821003129
1166.6859020957759, 38.98098360426165
1166.6733445289212, 38.78110899849201
1166.6607869620666, 38.581234392722365
1166.648229395212, 38.38135978695273
1166.6356718283573, 38.18148518118309
1166.6231142615027, 37.98161057541345
1166.610556694648, 37.781735969643805
1166.5979991277934, 37.58186136387417
1166.5854415609388, 37.38198675810453
1166.5728839940841, 37.182112152334895
1166.5603264272295, 36.98223754656525
1166.5477688603748, 36.78236294079561
1166.5352112935202, 36.58248833502597
1166.5226537266656, 36.382613729256335
1166.510096159811, 36.18273912348669
1166.4975385929563, 35.98286451771705
1166.4849810261017, 35.78298991194741
1166.472423459247, 35.583115306177774
1166.4598658923924, 35.38324070040814
1166.4473083255377, 35.183366094638494
1166.434750758683, 34.98349148886885
1166.4221931918285, 34.783616883099214
1166.4096356249738, 34.58374227732958
1166.3970780581192, 34.38386767155994
1166.3845204912645, 34.18399306579029
1166.371963, 33.98411846002065
1166.3594053575553, 33.78424385425102
1166.3468477907006, 33.58436924848138
1166.334290223846, 33.38449464271173
1166.3217326569913, 33.18462003694209
1166.3091750901367, 32.984745431172456
1166.296617523282, 32.78487082540282
1166.2840599564274, 32.58499621963318
1166.2715023895728, 32.38512161386353
1166.2589448227181, 32.185247008093896
1166.2463872558635, 31.98537240232426
1166.2338296890089, 31.785497796554623
1166.2212721221542, 31.585623190784972
1166.2087145552996, 31.385748585015335
1166.196156988445,31.18587398
1168.6532542363357, 42.578935800896076
1168.640696669481, 42.37906119512644
1168.6281391026264, 42.179186589356796
1168.6155815357718, 41.97931198358715
1168.6030239689171, 41.779437377817516
1168.5904664020625, 41.57956277204788
1168.5779088352078, 41.37968816627824
1168.5653512683532,41.17981356
1168.5527937014986, 40.979938954738955
1168.540236134644, 40.78006434896932
1168.5276785677893, 40.58018974319968
1168.5151210009346, 40.38031513743004
1168.502563, 40.180440531660395
1168.4900058672254, 39.98056592589076
1168.4774483003707, 39.78069132012112
1168.464890733516, 39.58081671435148
1168.4523331666614, 39.38094210858184
1168.4397755998068,39.1810675
1168.4272180329522, 38.98119289704256
1168.4146604660975, 38.781318291272925
1168.402102899243, 38.58144368550328
1168.3895453323883, 38.38156907973364
1168.3769877655336,38.18169447
1168.364430198679, 37.981819868194364
1168.3518726318243, 37.78194526242472
1168.3393150649697, 37.58207065665508
1168.326757498115, 37.38219605088544
1168.3141999312604, 37.182321445115804
1168.3016423644058, 36.98244683934617
1168.2890847975511, 36.78257223357652
1168.2765272306965, 36.58269762780688
1168.2639696638419, 36.38282302203724
1168.2514120969872, 36.18294841626761
1168.2388545301326, 35.98307381049796
1168.226296963278, 35.78319920472832
1168.2137393964233, 35.58332459895868
1168.2011818295687, 35.383449993189046
1168.188624262714, 35.18357538741941
1168.1760666958594, 34.983700781649766
1168.1635091290048, 34.78382617588012
1168.150952, 34.583951570110486
1168.1383939952955, 34.38407696434085
1168.1258364284408, 34.184202358571206
1168.1132788615862, 33.98432775280157
1168.1007212947316, 33.784453147031925
1168.088163727877, 33.58457854126229
1168.0756061610223, 33.384703935492645
1168.0630485941676, 33.18482932972301
1168.050491027313, 32.984954723953365
1168.0379334604584, 32.78508011818373
1168.0253758936037, 32.58520551241409
1168.012818326749, 32.38533090664445
1168.0002607598944, 32.18545630087481
1167.9877031930398, 31.985581695105168
1167.9751456261852, 31.78570708933553
1167.9625880593305, 31.585832483565888
1167.950030492476, 31.38595787779625
1167.9374729256213, 31.186083272026607
1167.9249153587666, 30.98620866625697
1167.912357791912, 30.786334060487327
1167.8998002250573, 30.58645945471769
1167.8872426582027, 30.386584848948054
1167.874685091348, 30.18671024317841
1167.8621275244934, 29.986835637408774
1167.8495699576388, 29.78696103163913
1167.8370123907841, 29.587086425869494
1167.8244548239295, 29.38721182009985
1167.8118972570749, 29.187337214330213
1167.7993396902202, 28.98746260856057
1167.7867821233656, 28.787588002790933
1167.774224556511, 28.587713397021297
1167.7616669896563, 28.387838791251653
1167.7491094228017, 28.187964185482016
1167.736551855947, 27.988089579712373
1167.7239942890924, 27.788214973942736
1167.7114367222377, 27.588340368173093
1167.698879155383, 27.388465762403456
1167.6863215885285, 27.188591156633812
1167.6737640216738, 26.988716550864176
1167.6612064548192, 26.788841945094532
1167.6486488879646, 26.588967339324896
1167.636091, 26.38909273355526
1167.6235337542553, 26.189218127785615
1167.6109761874006, 25.98934352201598
1167.598418620546, 25.789468916246335
1167.5858610536914,25.58959431
1167.5733034868367, 25.389719704707055
1167.560745919982, 25.18984509893742
1167.5481883531274, 24.989970493167775
1167.5356307862728, 24.790095887398138
1167.5230732194182,24.59022128
1167.5105156525635, 24.390346675858858
1167.497958085709, 24.19047207008922
1167.4854005188542, 23.990597464319578
1167.4728429519996, 23.79072285854994
1167.460285385145, 23.590848252780297
1167.4477278182903, 23.39097364701066
1167.4351702514357, 23.191099041241017
1167.422612684581, 22.99122443547138
1167.4100551177264, 22.791349829701737
1167.3974975508718,22.59147522
1167.3849399840171, 22.391600618162464
1167.3723824171625, 22.19172601239282
1167.3598248503079, 21.991851406623184
1167.3472672834532, 21.79197680085354
1167.3347097165986, 21.592102195083903
1167.322152149744, 21.39222758931426
1167.3095945828893, 21.192352983544623
1167.2970370160347, 20.99247837777498
1167.284479, 20.792603772005343
1167.2719218823254, 20.592729166235706
1167.2593643154707, 20.392854560466063
1167.246806748616, 20.192979954696426
1167.2342491817615, 19.993105348926782
1169.9927280341637, 36.183157709048515
1169.980170467309, 35.98328310327887
1169.9676129004545, 35.78340849750923
1169.9550553335998, 35.58353389173959
1169.9424977667452, 35.383659285969955
1169.9299401998906, 35.18378468020032
1169.917382633036, 34.983910074430675
1169.9048250661813, 34.78403546866103
1169.8922674993266, 34.584160862891395
1169.879709932472, 34.38428625712176
1169.8671523656174, 34.184411651352114
1169.8545947987627, 33.98453704558248
1169.842037231908, 33.784662439812834
1169.8294796650534,33.58478783
1169.8169220981988, 33.384913228273554
1169.8043645313442, 33.18503862250392
1169.7918069644895, 32.985164016734274
1169.7792493976349, 32.78528941096464
1169.7666918307802,32.58541481
1169.7541342639256, 32.38554019942536
1169.741576697071, 32.18566559365572
1169.7290191302163, 31.985790987886077
1169.7164615633617, 31.78591638211644
1169.703903996507, 31.586041776346796
1169.6913464296524, 31.38616717057716
1169.6787888627978, 31.186292564807516
1169.6662312959431, 30.98641795903788
1169.6536737290885, 30.786543353268236
1169.6411161622339,30.58666875
1169.6285585953792, 30.386794141728963
1169.6160010285246, 30.18691953595932
1169.603443, 29.987044930189683
1169.5908858948153, 29.78717032442004
1169.5783283279607, 29.587295718650402
1169.565770761106, 29.38742111288076
1169.5532131942514, 29.187546507111122
1169.5406556273967, 28.98767190134148
1169.528098060542, 28.787797295571842
1169.5155404936875, 28.587922689802205
1169.5029829268328, 28.38804808403256
1169.4904253599782, 28.188173478262925
1169.4778677931236, 27.98829887249328
1169.465310226269, 27.788424266723645
1169.4527526594143,27.58854966
1169.4401950925596, 27.388675055184365
1169.427637525705, 27.18880044941472
1169.4150799588504, 26.988925843645085
1169.4025223919957, 26.78905123787544
1169.389964825141, 26.589176632105804
1169.3774072582864, 26.389302026336168
1169.3648496914318, 26.189427420566524
1169.3522921245772, 25.989552814796888
1169.3397345577225, 25.789678209027244
1169.3271769908679, 25.589803603257607
1169.3146194240132, 25.389928997487964
1169.3020618571586, 25.190054391718327
1169.289504290304, 24.990179785948683
1169.2769467234493, 24.790305180179047
1169.2643891565947, 24.59043057440941
1169.251832, 24.390555968639767
1169.2392740228854, 24.19068136287013
1169.2267164560308, 23.990806757100486
1169.2141588891761, 23.79093215133085
1169.2016013223215, 23.591057545561206
1169.1890437554669, 23.39118293979157
1169.1764861886122, 23.191308334021926
1169.1639286217576, 22.99143372825229
1169.151371054903, 22.791559122482646
1169.1388134880483, 22.59168451671301
1169.1262559211937, 22.391809910943373
1169.113698354339, 22.19193530517373
1169.1011407874844, 21.992060699404092
1169.0885832206297, 21.79218609363445
1169.076025653775, 21.592311487864812
1169.0634680869205, 21.39243688209517
1169.0509105200658, 21.192562276325532
1169.0383529532112, 20.99268767055589
1169.0257953863565, 20.79281306478625
1169.013237819502, 20.592938459016615
1169.0006802526473, 20.39306385324697
1168.9881226857926, 20.193189247477335
1168.975565118938, 19.99331464170769
1168.9630075520834, 19.793440035938055
1168.9504499852287, 19.59356543016841
1168.9378924183743, 19.393690824398774
1168.9253348515197, 19.19381621862913
1168.912777284665, 18.993941612859494
1168.9002197178104, 18.794067007089858
1168.8876621509557, 18.594192401320214
1168.875104584101, 18.394317795550577
1168.8625470172465, 18.194443189780934
1168.8499894503918, 17.994568584011297
1168.8374318835372, 17.794693978241654
1168.8248743166826, 17.594819372472017
1168.812316749828, 17.394944766702373
1168.7997591829733, 17.195070160932737
1171.3698745325555, 30.38700343450987
1171.2568564308638, 28.588131982583114
1171.2442988640091, 28.38825737681347
1171.2317412971545, 28.188382771043834
1171.2191837302998, 27.98850816527419
1171.2066261634452, 27.788633559504554
1171.1940685965906, 27.58875895373491
1171.181511029736, 27.388884347965273
1171.1689534628813, 27.18900974219563
1171.1563958960267, 26.989135136425993
1171.143838329172, 26.78926053065635
1171.1312807623174, 26.589385924886713
1171.1187231954627, 26.389511319117076
1171.106165628608, 26.189636713347433
1171.0936080617535, 25.989762107577796
1171.0810504948988, 25.789887501808153
1171.0684929280442, 25.590012896038516
1171.0559353611895, 25.390138290268872
1171.043377794335, 25.190263684499236
1171.0308202274803, 24.990389078729592
1171.0182626606256, 24.790514472959956
1171.005705093771, 24.59063986719032
1170.9931475269163, 24.390765261420675
1170.9805899600617, 24.19089065565104
1170.968032393207, 23.991016049881395
1170.9554748263524, 23.79114144411176
1170.9429172594978, 23.591266838342115
1170.9303596926432, 23.39139223257248
1170.9178021257885, 23.191517626802835
1170.9052445589339, 22.991643021033198
1170.8926869920792, 22.791768415263554
1170.8801294252246, 22.591893809493918
1170.867572, 22.39201920372428
1170.8550142915153, 22.192144597954638
1170.8424567246607,21.99226999
1170.829899157806, 21.792395386415357
1170.8173415909514, 21.59252078064572
1170.8047840240968, 21.392646174876077
1170.7922264572421, 21.19277156910644
1170.7796688903875, 20.992896963336797
1170.7671113235328, 20.79302235756716
1170.7545537566782, 20.593147751797524
1170.7419961898236, 20.39327314602788
1170.729438622969, 20.193398540258244
1170.7168810561143,19.99352393
1170.7043234892597, 19.793649328718963
1170.691765922405, 19.59377472294932
1170.6792083555506, 19.393900117179683
1170.666650788696, 19.19402551141004
1170.6540932218413, 18.994150905640403
1170.6415356549867, 18.794276299870766
1170.628978088132, 18.594401694101123
1170.6164205212774, 18.394527088331486
1170.6038629544228, 18.194652482561843
1170.5913053875681, 17.994777876792206
1170.5787478207135, 17.794903271022562
1170.5661902538588, 17.595028665252926
1170.5536326870042, 17.395154059483282
1170.5410751201496, 17.195279453713646
1172.721905897238, 24.191099948431955
1172.7093483303834, 23.99122534266231
1172.6967907635287, 23.791350736892674
1172.684233196674, 23.59147613112303
1172.6716756298194, 23.391601525353394
1172.6591180629648, 23.19172691958375
1172.6465604961102, 22.991852313814114
1172.6340029292555, 22.79197770804447
1172.621445362401, 22.592103102274834
1172.6088877955463, 22.392228496505197
1172.5963302286916, 22.192353890735554
1172.583772661837, 21.992479284965917
1172.5712150949823, 21.792604679196273
1172.5586575281277, 21.592730073426637
1172.546099961273, 21.392855467656993
1172.5335423944184, 21.192980861887357
1172.5209848275638, 20.993106256117713
1172.5084272607091, 20.793231650348076
1172.4958696938545, 20.59335704457844
1172.4833121269999, 20.393482438808796
1172.4707545601452, 20.19360783303916
1172.4581969932906, 19.993733227269516
1172.445639426436, 19.79385862149988
1172.4330818595813, 19.593984015730236
1172.420524292727,19.39410941
1172.4079667258723, 19.194234804190955
1172.3954091590176, 18.99436019842132
1172.382851592163, 18.794485592651682
1172.3702940253083, 18.59461098688204
1172.3577364584537, 18.394736381112402
1172.345178891599, 18.19486177534276
1172.3326213247444, 17.994987169573122
1172.3200637578898, 17.795112563803478
1172.3075061910351, 17.59523795803384
1172.2949486241805, 17.395363352264198
1174.475779401269,24.39118385
1174.4632218344143, 24.191309241212863
1174.4506642675597, 23.99143463544322
1174.438106700705, 23.791560029673583
1174.4255491338504, 23.59168542390394
1174.4129915669957, 23.391810818134303
1174.400434000141, 23.19193621236466
1174.3878764332865, 22.992061606595023
1174.3753188664318, 22.79218700082538
1174.3627612995772, 22.592312395055743
1174.3502037327225, 22.392437789286106
1174.337646165868, 22.192563183516462
1174.3250885990133, 21.992688577746826
1174.3125310321586, 21.792813971977182
1174.299973465304, 21.592939366207546
1174.2874158984494, 21.393064760437902
1174.2748583315947, 21.193190154668265
1174.262301, 20.99331554889862
1174.2497431978854, 20.793440943128985
1174.2371856310308, 20.59356633735935
1174.2246280641762, 20.393691731589705
1174.2120704973215, 20.19381712582007
1174.1995129304669, 19.993942520050425
1174.1869553636122, 19.794067914280788
1174.1743977967576, 19.594193308511144
1174.1618402299032, 19.394318702741508
1174.1492826630486, 19.194444096971864
1174.136725096194, 18.994569491202228
1176.2170953384452, 24.39139313976341
1176.2045377715906, 24.191518533993772
1176.191980204736, 23.99164392822413
1176.1794226378813, 23.791769322454492
1176.1668650710267, 23.59189471668485
1176.154307504172, 23.39202011091521
1176.1417499373174, 23.192145505145568
1176.1291923704628, 22.99227089937593
1176.1166348036081, 22.792396293606288
1176.1040772367535, 22.59252168783665
1176.0915196698988, 22.392647082067015
1176.0789621030442, 22.19277247629737
1176.0664045361896, 21.992897870527734
1176.053846969335, 21.79302326475809
1176.0412894024803, 21.593148658988454
1176.0287318356256, 21.39327405321881
1176.016174268771, 21.193399447449174
1176.0036167019164, 20.99352484167953
1175.9910591350617, 20.793650235909894
1177.9584112756215, 24.391602432544317
1177.945853708767, 24.19172782677468
1177.9332961419123, 23.991853221005037
1177.9207385750576,23.79197862
1177.908181008203, 23.592104009465757
1177.8956234413483, 23.39222940369612
1177.8830658744937, 23.192354797926477
1177.870508307639, 22.99248019215684
1177.8579507407844, 22.792605586387197
1177.8453931739298, 22.59273098061756
1177.8328356070751, 22.392856374847923
1177.8202780402205, 22.19298176907828
1177.8077204733659, 21.993107163308643
1179.6871696459434, 24.191937119555597
1179.6746120790888, 23.992062513785953
1179.6620545122341, 23.792187908016317
1179.6494969453795, 23.592313302246673
1179.6369393785249, 23.392438696477036
1179.6243818116702, 23.192564090707393
1179.6118242448156, 22.992689484937756
1179.599266677961, 22.792814879168112
1179.5867091111063, 22.592940273398476
1179.5741515442517, 22.39306566762884
1181.3782553157012, 23.392647989257945
1181.3656977488465,23.19277338
1181.3531401819919, 22.992898777718665
1181.3405826151372, 22.79302417194902
1181.3280250482826, 22.593149566179385
1181.315467481428, 22.393274960409748
1183.2702620551331, 25.791352551274528
1183.2577044882785, 25.59147794550489
1183.2451469214238, 25.391603339735248
1183.2325893545692, 25.19172873396561
1183.2200317877146, 24.991854128195968
1183.207474, 24.79197952242633
1183.1949166540053, 24.592104916656695
1183.1823590871506, 24.39223031088705
1183.169801520296, 24.192355705117414
1183.1572439534414, 23.99248109934777
1183.1446863865867, 23.792606493578134
1183.132128819732, 23.59273188780849
1183.1195712528774, 23.392857282038854
1183.1070136860228, 23.19298267626921
1183.0944561191682, 22.993108070499574
1183.0818985523135, 22.79323346472993
1183.069340985459, 22.593358858960293
1183.0567834186043, 22.393484253190657
1185.0366931260187, 26.191311055594717
1185.024135559164, 25.99143644982508
1185.0115779923094, 25.791561844055437
1184.9990204254548,25.59168724
1184.9864628586001, 25.391812632516157
1184.9739052917455, 25.19193802674652
1184.9613477248909, 24.992063420976876
1184.9487901580362, 24.79218881520724
1184.9362325911816, 24.592314209437603
1184.923675024327, 24.39243960366796
1184.9111174574723, 24.192564997898323
1184.8985598906177, 23.99269039212868
1184.886002323763, 23.792815786359043
1184.8734447569084,23.59294118
1184.8608871900537, 23.393066574819763
1184.848329623199, 23.19319196905012
1184.8357720563445, 22.993317363280482
1184.8232144894898, 22.79344275751084
1184.8106569226352, 22.593568151741202
1184.7980993557806, 22.393693545971566
1184.785541788926, 22.193818940201922
1184.7729842220713, 21.993944334432285
1184.7604266552166, 21.79406972866264
1184.747869088362, 21.594195122893005
1186.7905666300496, 26.391394954145277
1186.778009063195, 26.191520348375633
1186.7654514963403, 25.991645742605996
1186.7528939294857, 25.791771136836353
1186.740336362631, 25.591896531066716
1186.7277787957764, 25.392021925297072
1186.7152212289218, 25.192147319527436
1186.7026636620672, 24.992272713757792
1186.6901060952125, 24.792398107988156
1186.6775485283579, 24.59252350221852
1186.6649909615032, 24.392648896448875
1186.6524333946486, 24.19277429067924
1186.639875827794, 23.992899684909595
1186.6273182609393, 23.79302507913996
1186.6147606940847, 23.593150473370315
1186.602203, 23.39327586760068
1186.5896455603754, 23.193401261831035
1186.5770879935208,22.99352666
1186.5645304266661, 22.793652050291755
1186.5519728598115, 22.593777444522118
1186.5394152929568, 22.39390283875248
1186.5268577261022, 22.194028232982838
1186.5143001592476,21.99415363
1186.501742592393, 21.794279021443558
1186.4891850255383, 21.59440441567392
1186.4766274586837, 21.394529809904277
1186.464069891829, 21.19465520413464
1186.4515123249744, 20.994780598364997
1186.4389547581197, 20.79490599259536
1188.7955914711736, 30.588970968088617
1188.783033904319, 30.38909636231898
1188.7704763374643, 30.189221756549337
1188.745361203755, 29.789472545010057
1188.7328036369004, 29.58959793924042
1188.7202460700457, 29.389723333470776
1188.707688503191, 29.18984872770114
1188.6951309363365, 28.989974121931496
1188.6825733694818, 28.79009951616186
1188.6700158026272, 28.590224910392223
1188.6574582357725, 28.39035030462258
1188.644900668918, 28.190475698852943
1188.6323431020633,27.99060109
1188.6197855352086, 27.790726487313663
1188.607227968354, 27.59085188154402
1188.5946704014993, 27.390977275774382
1188.5821128346447, 27.19110267000474
1188.569555, 26.991228064235102
1188.5569977009354, 26.79135345846546
1188.5444401340808, 26.591478852695822
1188.5318825672261, 26.391604246926185
1188.5193250003715, 26.19172964115654
1188.5067674335169, 25.991855035386905
1188.4942098666622, 25.79198042961726
1188.4816522998076, 25.592105823847625
1188.469094732953, 25.39223121807798
1188.4565371660983, 25.192356612308345
1188.4439795992437,24.99248201
1188.431422032389, 24.792607400769064
1188.4188644655344, 24.592732794999428
1188.4063068986798, 24.392858189229784
1188.3937493318251, 24.192983583460148
1188.3811917649705, 23.993108977690504
1188.3686341981158, 23.793234371920867
1188.3560766312612, 23.593359766151224
1188.3435190644066, 23.393485160381587
1188.330961497552, 23.193610554611944
1188.3184039306973, 22.993735948842307
1188.3058463638426, 22.793861343072663
1188.293288796988, 22.593986737303027
1188.2807312301334, 22.39411213153339
1188.2681736632787, 22.194237525763747
1188.255616096424, 21.99436291999411
1188.2430585295695, 21.794488314224466
1188.2305009627148, 21.59461370845483
1188.2179433958602, 21.394739102685186
1188.2053858290055, 21.19486449691555
1188.192828262151, 20.994989891145906
1188.1802706952963, 20.79511528537627
1188.1677131284416, 20.595240679606633
1190.8382890128612, 35.38617079934088
1190.8257314460066, 35.18629619357124
1190.813173879152,34.98642159
1190.8006163122973, 34.78654698203196
1190.7880587454426, 34.58667237626232
1190.775501178588, 34.386797770492684
1190.7629436117334, 34.18692316472304
1190.7503860448787, 33.987048558953404
1190.737828478024, 33.78717395318376
1190.7252709111694, 33.587299347414124
1190.7127133443148, 33.38742474164448
1190.7001557774602, 33.187550135874844
1190.6875982106055,32.98767553
1190.675040643751, 32.78780092433556
1190.6624830768963, 32.58792631856593
1190.6499255100416, 32.38805171279628
1190.637367943187, 32.18817710702665
1190.6248103763323, 31.988302501257003
1190.6122528094777, 31.788427895487366
1190.599695242623, 31.588553289717723
1190.5871376757684, 31.388678683948086
1190.5745801089138, 31.188804078178443
1190.5620225420591, 30.988929472408806
1190.5494649752045, 30.789054866639162
1190.5369074083499, 30.589180260869526
1190.5243498414952, 30.38930565509989
1190.5117922746406, 30.189431049330246
1190.499234707786, 29.98955644356061
1190.4866771409313, 29.789681837790965
1190.4741195740767, 29.58980723202133
1190.461562007222, 29.389932626251685
1190.4490044403674, 29.19005802048205
1190.4364468735128, 28.990183414712405
1190.423889306658, 28.79030880894277
1190.4113317398035, 28.590434203173132
1190.3987741729488, 28.390559597403488
1190.3862166060942, 28.19068499163385
1190.3736590392396, 27.990810385864208
1190.361101472385, 27.79093578009457
1190.3485439055303, 27.591061174324928
1190.3359863386756, 27.39118656855529
1190.323428771821, 27.191311962785647
1190.3108712049664, 26.99143735701601
1190.2983136381117, 26.791562751246367
1190.285756071257, 26.59168814547673
1190.2731985044024, 26.391813539707094
1190.2606409375478, 26.19193893393745
1190.2480833706932, 25.992064328167814
1190.2355258038385, 25.79218972239817
1190.222968236984, 25.592315116628534
1190.2104106701292, 25.39244051085889
1190.1978531032746, 25.192565905089253
1190.185296, 24.99269129931961
1190.1727379695653, 24.792816693549973
1190.1601804027107, 24.592942087780337
1190.147622835856, 24.393067482010693
1190.1350652690014, 24.193192876241056
1190.1225077021468, 23.993318270471413
1190.1099501352921, 23.793443664701776
1190.0973925684375, 23.593569058932133
1190.0848350015829, 23.393694453162496
1190.0722774347282, 23.193819847392852
1190.0597198678736, 22.993945241623216
1190.047162301019, 22.794070635853572
1190.0346047341643, 22.594196030083936
1190.0220471673097,22.39432142
1190.009489600455, 22.194446818544655
1189.9969320336004, 21.99457221277502
1189.9843744667457, 21.794697607005375
1189.971816899891, 21.59482300123574
1189.9592593330365, 21.394948395466095
1189.9467017661818, 21.19507378969646
1189.9341441993272, 20.995199183926815
1189.9215866324726, 20.795324578157178
1192.6926230517292, 37.185251544048555
1192.6800654848746, 36.98537693827891
1192.667508, 36.78550233250927
1192.6549503511653, 36.58562772673963
1192.6423927843107, 36.385753120969994
1192.629835217456, 36.18587851520035
1192.6172776506014, 35.98600390943071
1192.6047200837468, 35.78612930366107
1192.5921625168921, 35.586254697891434
1192.5796049500375,35.38638009
1192.5670473831829, 35.186505486352154
1192.5544898163282, 34.98663088058251
1192.5419322494736, 34.786756274812866
1192.529374682619, 34.58688166904323
1192.5168171157643, 34.38700706327359
1192.5042595489097, 34.18713245750395
1192.491701982055, 33.98725785173431
1192.4791444152004, 33.78738324596467
1192.4665868483457, 33.58750864019503
1192.454029281491, 33.38763403442539
1192.4414717146365, 33.18775942865575
1192.4289141477818, 32.98788482288611
1192.4163565809272, 32.78801021711647
1192.4037990140725, 32.588135611346836
1192.391241447218, 32.38826100557719
1192.3786838803633, 32.188386399807555
1192.3661263135086, 31.988511794037912
1192.353568746654, 31.788637188268275
1192.3410111797994, 31.58876258249863
1192.3284536129447, 31.388887976728995
1192.315896, 31.18901337095935
1192.3033384792354, 30.989138765189715
1192.2907809123808, 30.78926415942007
1192.2782233455262, 30.589389553650435
1192.2656657786715, 30.389514947880798
1192.2531082118169, 30.189640342111154
1192.2405506449622, 29.989765736341518
1192.2279930781076, 29.789891130571874
1192.215435511253, 29.590016524802238
1192.2028779443983, 29.390141919032594
1192.1903203775437, 29.190267313262957
1192.177762810689, 28.990392707493314
1192.1652052438344, 28.790518101723677
1192.1526476769798, 28.59064349595404
1192.1400901101251, 28.390768890184397
1192.1275325432705, 28.19089428441476
1192.1149749764159, 27.991019678645117
1192.1024174095612, 27.79114507287548
1192.0898598427066, 27.591270467105836
1192.077302275852,27.39139586
1194.559514657452, 39.18420689452586
1194.5469570905973, 38.98433228875622
1194.5343995237426, 38.78445768298658
1194.521841956888, 38.584583077216934
1194.5092843900334,38.38470847
1194.4967268231787, 38.18483386567766
1194.484169256324, 37.98495925990802
1194.4716116894695, 37.78508465413837
1194.4590541226148, 37.58521004836874
1194.4464965557602,37.38533544
1194.4339389889055, 37.18546083682946
1194.421381422051, 36.98558623105982
1194.4088238551963, 36.785711625290176
1194.3962662883416, 36.58583701952054
1194.383708721487,36.38596241
1194.3711511546323, 36.18608780798126
1194.3585935877777, 35.986213202211616
1194.346036020923, 35.78633859644198
1194.3334784540684, 35.58646399067234
1194.3209208872138, 35.386589384902706
1194.3083633203591, 35.18671477913306
1194.2958057535045, 34.98684017336342
1194.2832481866499, 34.78696556759378
1194.2706906197952, 34.587090961824146
1194.2581330529406, 34.38721635605451
1196.4012911294653, 40.78341303346389
1196.3887335626107, 40.58353842769425
1196.376175995756, 40.38366382192461
1196.3636184289014, 40.18378921615496
1196.3510608620468, 39.98391461038533
1196.3385032951921, 39.78404000461569
1196.3259457283375, 39.58416539884605
1196.3133881614829, 39.38429079307641
1196.3008305946282, 39.184416187306766
1196.2882730277736, 38.98454158153713
1196.275715460919, 38.78466697576749
1196.2631578940643, 38.58479236999785
1196.2506003272097, 38.384917764228206
1196.238042760355, 38.18504315845857
1196.2254851935004, 37.98516855268893
1196.2129276266458, 37.78529394691929
1196.200370059791, 37.585419341149645
1196.1878124929365, 37.38554473538001
1196.1752549260818, 37.18567012961037
1196.1626973592272, 36.985795523840736
1196.1501397923726, 36.78592091807109
1196.137582225518, 36.58604631230145
1196.1250246586633, 36.38617170653181
1196.1124670918086, 36.186297100762175
1196.099909524954, 35.98642249499253
1196.0873519580994, 35.78654788922289
1198.3435281363159, 43.98161601855903
1198.3309705694612, 43.78174141278939
1198.3184130026066, 43.58186680701975
1198.305855435752, 43.381992201250114
1198.2932978688975, 43.18211759548048
1198.280740302043, 42.982242989710834
1198.2681827351882, 42.78236838394119
1198.2556251683336, 42.58249377817155
1198.243067601479, 42.38261917240192
1198.2305100346243, 42.18274456663227
1198.2179524677697, 41.98286996086263
1198.205394900915, 41.78299535509299
1198.1928373340604, 41.583120749323356
1198.1802797672058, 41.38324614355372
1198.1677222003511, 41.183371537784076
1198.1551646334965, 40.98349693201443
1198.1426070666419, 40.783622326244796
1198.1300494997872, 40.58374772047516
1198.1174919329326, 40.383873114705516
1198.104934366078, 40.18399850893587
1198.0923767992233, 39.984123903166235
1198.0798192323687,39.7842493
1198.067261665514, 39.584374691626955
1198.0547040986594, 39.38450008585732
1198.0421465318047, 39.184625480087675
1198.029589, 38.98475087431804
1198.0170313980955,38.78487627
1198.0044738312408, 38.58500166277876
1197.9919162643862, 38.385127057009115
1197.9793586975316, 38.18525245123948
1200.2480924426025, 46.580195186345264
1200.2355348757478, 46.38032058057562
1200.2229773088932, 46.18044597480598
1200.2104197420385, 45.98057136903634
1200.197862175184, 45.780696763266704
1200.1853046083293, 45.58082215749706
1200.1727470414746, 45.380947551727424
1200.160189, 45.18107294595778
1200.1476319077653, 44.98119834018814
1200.1350743409107, 44.78132373441851
1200.122516774056, 44.58144912864886
1200.1099592072014, 44.38157452287922
1200.0974016403468, 44.18169991710958
1200.0848440734921, 43.981825311339946
1200.0722865066375,43.78195071
1200.0597289397829, 43.58207609980066
1200.0471713729282, 43.38220149403102
1200.0346138060738, 43.182326888261386
1200.0220562392192, 42.98245228249175
1200.0094986723645, 42.782577676722106
1199.996941, 42.58270307095246
1199.9843835386553, 42.382828465182826
1199.9718259718006, 42.18295385941319
1199.959268404946, 41.983079253643545
1199.9467108380913,41.78320465
1199.9341532712367, 41.583330042104265
1199.921595704382, 41.38345543633463
1199.9090381375274, 41.18358083056499
1199.8964805706728, 40.98370622479535
1199.8839230038182, 40.783831619025705
1199.8713654369635, 40.58395701325607
1199.8588078701089, 40.38408240748643
1199.8462503032542, 40.18420780171679
1199.8336927363996, 39.984333195947144
1199.821135169545, 39.78445859017751
1199.8085776026903, 39.58458398440787
1199.7960200358357, 39.384709378638235
1199.783462468981, 39.18483477286859
1202.1149840483251, 48.57915053682257
1202.1024264814705, 48.37927593105293
1202.0898689146159, 48.179401325283294
1202.0773113477612, 47.97952671951365
1202.0647537809066, 47.77965211374401
1202.052196214052, 47.57977750797437
1202.0396386471973, 47.37990290220473
1202.0270810803427,47.1800283
1202.014523513488, 46.98015369066545
1202.0019659466334, 46.78027908489581
1201.9894083797788, 46.58040447912617
1201.976850812924, 46.38052987335654
1201.9642932460695, 46.18065526758689
1201.9517356792148, 45.98078066181725
1201.9391781123602, 45.78090605604761
1201.9266205455056, 45.581031450277976
1201.914062978651, 45.38115684450834
1201.9015054117963, 45.181282238738696
1201.8889478449416, 44.98140763296905
1201.876390278087, 44.781533027199416
1201.8638327112324, 44.58165842142978
1201.8512751443777, 44.381783815660135
1201.838717577523, 44.18190920989049
1201.8261600106684, 43.982034604120855
1201.8136024438138, 43.78215999835122
1201.8010448769592, 43.582285392581575
1201.7884873101045, 43.38241078681194
1201.7759297432501, 43.182536181042295
1201.7633721763955, 42.98266157527266
1201.7508146095408, 42.78278696950302
1201.7382570426862, 42.58291236373338
1201.7256994758316, 42.383037757963734
1201.713141908977,42.18316315
1201.7005843421223, 41.98328854642446
1201.6880267752676, 41.78341394065482
1201.675469208413, 41.583539334885174
1201.6629116415584, 41.38366472911554
1201.6503540747037,41.18379012
1201.637796507849, 40.983915517576264
1203.8562999855014, 48.579359829603476
1203.8437424186468, 48.37948522383384
1203.8311848517922,48.17961062
1203.8186272849375, 47.97973601229456
1203.8060697180829, 47.779861406524915
1203.7935121512282, 47.57998680075528
1203.7809545843736, 47.38011219498564
1203.768397017519, 47.180237589216006
1203.7558394506643, 46.98036298344636
1203.7432818838097, 46.78048837767672
1203.730724316955, 46.58061377190708
1203.7181667501004, 46.380739166137445
1203.7056091832458,46.18086456
1203.6930516163911, 45.98098995459816
1203.6804940495365, 45.78111534882852
